Destination Port,Flow Duration,Total Fwd Packets,Total Backward Packets,Total Length of Fwd Packets,Total Length of Bwd Packets,Fwd Packet Length Max,Fwd Packet Length Min,Fwd Packet Length Mean,Fwd Packet Length Std,Bwd Packet Length Max,Bwd Packet Length Min,Bwd Packet Length Mean,Bwd Packet Length Std,Flow Bytes/s,Flow Packets/s,Flow IAT Mean,Flow IAT Std,Flow IAT Max,Flow IAT Min,Fwd IAT Total,Fwd IAT Mean,Fwd IAT Std,Fwd IAT Max,Fwd IAT Min,Bwd IAT Total,Bwd IAT Mean,Bwd IAT Std,Bwd IAT Max,Bwd IAT Min,Fwd PSH Flags,Bwd PSH Flags,Fwd URG Flags,Bwd URG Flags,Fwd Header Length,Bwd Header Length,Fwd Packets/s,Bwd Packets/s,Min Packet Length,Max Packet Length,Packet Length Mean,Packet Length Std,Packet Length Variance,FIN Flag Count,SYN Flag Count,RST Flag Count,PSH Flag Count,ACK Flag Count,URG Flag Count,CWE Flag Count,ECE Flag Count,Down/Up Ratio,Average Packet Size,Avg Fwd Segment Size,Avg Bwd Segment Size,Fwd Header Length,Fwd Avg Bytes/Bulk,Fwd Avg Packets/Bulk,Fwd Avg Bulk Rate,Bwd Avg Bytes/Bulk,Bwd Avg Packets/Bulk,Bwd Avg Bulk Rate,Subflow Fwd Packets,Subflow Fwd Bytes,Subflow Bwd Packets,Subflow Bwd Bytes,Init_Win_bytes_forward,Init_Win_bytes_backward,act_data_pkt_fwd,min_seg_size_forward,Active Mean,Active Std,Active Max,Active Min,Idle Mean,Idle Std,Idle Max,Idle Min
443,43779.850006103516,2,1,108,54,54.0,54.0,54.0,0.0,54.0,54.0,54.0,0.0,3700.332458366462,68.52467515493449,21889.925003051758,21635.29396057129,43525.21896362305,254.63104248046875,43779.850006103516,43779.850006103516,0.0,43779.850006103516,43779.850006103516,0.0,0.0,0.0,0.0,0.0,0,0,0,0,80,40,45.68311676995632,22.84155838497816,54.0,54.0,54.0,0.0,0.0,2,0,0,0,3,0,0,0,0.5,54.0,54.0,54.0,80,0,0,0,0,0,0,2,108,1,54,0,0,0,54.0,0.0,0.0,0.0,0.0,0.0,0.0,0.0,0.0
443,5976466.178894043,19,10,8617,5711,1494.0,54.0,453.5263157894737,573.23159354121,1514.0,54.0,571.1,630.0951436092806,2397.4033435677243,4.85236578471971,213445.22067478724,527458.4776726156,2573625.087738037,207.66258239746094,5976466.178894043,332025.8988274468,627772.987170706,2573625.087738037,216.96090698242188,626148.4622955322,69572.05136617024,91523.43191008763,207117.55752563477,247.71690368652344,9,4,0,0,772,412,3.179136203781879,1.673229580937831,54.0,1514.0,494.0689655172414,596.0809324264433,355312.478002378,7,2,0,13,28,0,0,0,0.5263157894736842,494.0689655172414,453.5263157894737,571.1,772,0,0,0,0,0,0,19,8617,10,5711,0,0,10,54.0,0.0,0.0,0.0,0.0,0.0,0.0,0.0,0.0
443,1.0,1,0,54,0,54.0,54.0,54.0,0.0,0.0,0.0,0.0,0.0,54000000.0,1000000.0,0.0,0.0,0.0,0.0,0.0,0.0,0.0,0.0,0.0,0.0,0.0,0.0,0.0,0.0,0,0,0,0,40,0,1000000.0,0.0,54.0,54.0,54.0,0.0,0.0,0,0,1,0,1,0,0,0,0.0,54.0,54.0,0.0,40,0,0,0,0,0,0,1,54,0,0,0,0,1,54.0,0.0,0.0,0.0,0.0,0.0,0.0,0.0,0.0
443,23262234.449386597,5,0,4591,0,1494.0,54.0,918.2,705.2081678483311,0.0,0.0,0.0,0.0,197.35851300050243,0.21494065889839079,5815558.612346649,4400391.224119537,13283962.965011597,2083138.9427185059,23262234.449386597,5815558.612346649,4400391.224119537,13283962.965011597,2083138.9427185059,0.0,0.0,0.0,0.0,0.0,3,0,0,0,200,0,0.21494065889839079,0.0,54.0,1494.0,918.2,705.2081678483311,497318.5599999999,0,0,1,3,5,0,0,0,0.0,918.2,918.2,0.0,200,0,0,0,0,0,0,5,4591,0,0,0,0,5,54.0,0.0,0.0,0.0,0.0,0.0,0.0,0.0,0.0
443,20184363.12675476,3,3,163,174,55.0,54.0,54.333333333333336,0.4714045207910317,66.0,54.0,58.0,5.656854249492381,16.696092806282305,0.29725981257475914,4036872.625350952,7941491.694312297,19919409.27505493,224.11346435546875,20184363.12675476,10092181.56337738,9947056.889533997,20039238.452911377,145124.6738433838,20064309.83543396,10032154.91771698,10031925.082206726,20064079.999923706,229.83551025390625,0,0,0,0,120,132,0.14862990628737957,0.14862990628737957,54.0,66.0,56.166666666666664,4.412734098291241,19.472222222222214,2,0,0,0,6,0,0,0,1.0,56.166666666666664,54.333333333333336,58.0,120,0,0,0,0,0,0,3,163,3,174,0,0,1,54.0,0.0,0.0,0.0,0.0,0.0,0.0,0.0,0.0
443,15196037.05406189,3,2,163,181,55.0,54.0,54.333333333333336,0.4714045207910317,127.0,54.0,90.5,36.5,22.637480994299697,0.32903315398691424,3799009.2635154724,6405407.4810220115,14891426.801681519,249.1474151611328,15196037.05406189,7598018.527030945,7293657.422065735,14891675.94909668,304361.10496520996,304013.729095459,304013.729095459,0.0,304013.729095459,304013.729095459,0,1,0,0,120,80,0.19741989239214852,0.1316132615947657,54.0,127.0,68.8,29.102577205464126,846.9600000000002,2,0,0,1,5,0,0,0,0.6666666666666666,68.8,54.333333333333336,90.5,120,0,0,0,0,0,0,3,163,2,181,0,0,1,54.0,0.0,0.0,0.0,0.0,0.0,0.0,0.0,0.0
53,65687.17956542969,6,5,388,282,104.0,54.0,64.66666666666667,18.098495947330967,66.0,54.0,56.4,4.8,10199.859461656843,167.46037922123173,6568.717956542969,10132.714015342108,29184.341430664062,200.51002502441406,65687.17956542969,13137.435913085938,14659.171081629682,32417.53578186035,243.90220642089844,36270.6184387207,9067.654609680176,10097.169066528399,24993.6580657959,200.51002502441406,2,0,0,0,252,212,91.34202502976277,76.11835419146898,54.0,104.0,60.90909090909091,14.355578867746823,206.08264462809916,2,2,0,2,10,0,0,0,0.8333333333333334,60.90909090909091,64.66666666666667,56.4,252,0,0,0,0,0,0,6,388,5,282,0,0,2,54.0,0.0,0.0,0.0,0.0,0.0,0.0,0.0,0.0
53,45790.910720825195,6,6,388,924,104.0,54.0,64.66666666666667,18.098495947330967,642.0,54.0,154.0,218.28421839427605,28651.974362311972,262.0607411187071,4162.810065529563,8303.97172491851,29145.002365112305,199.79476928710938,45790.910720825195,9158.182144165039,11740.272896815832,29582.02362060547,256.0615539550781,16441.58363342285,3288.3167266845703,3546.977640516381,9677.648544311523,199.79476928710938,2,1,0,0,252,252,131.03037055935354,131.03037055935354,54.0,642.0,109.33333333333333,161.1920869301247,25982.88888888888,2,2,0,3,11,0,0,0,1.0,109.33333333333333,64.66666666666667,154.0,252,0,0,0,0,0,0,6,388,6,924,0,0,2,54.0,0.0,0.0,0.0,0.0,0.0,0.0,0.0,0.0
443,763660.4309082031,7,8,2720,6910,1494.0,54.0,388.57142857142856,496.72149631152394,1514.0,54.0,863.75,667.8803691530393,12610.316850576206,19.642238085009666,54547.17363630023,95377.31625640923,266739.3684387207,306.84471130371094,758986.234664917,126497.70577748618,110978.8414788559,267729.9976348877,777.2445678710938,519983.53004455566,74283.36143493652,115869.8869441482,269014.1201019287,306.84471130371094,2,2,0,0,292,332,9.16637777300451,10.475860312005155,54.0,1514.0,642.0,639.7190008120754,409240.4000000001,1,2,1,4,14,0,0,0,1.1428571428571428,642.0,388.57142857142856,863.75,292,0,0,0,0,0,0,7,2720,8,6910,0,0,4,54.0,0.0,0.0,0.0,0.0,0.0,0.0,0.0,0.0
443,4541862.010955811,10,10,3182,6695,1514.0,54.0,318.2,496.8914972104071,1514.0,54.0,669.5,693.6522543753462,2174.658758054483,4.403480324095339,239045.36899767423,818944.845815606,3632320.4040527344,217.91458129882812,4541862.010955811,504651.3345506456,1133459.131840551,3632320.4040527344,525.9513854980469,4512479.543685913,501386.61596510146,1139849.486618352,3649941.2059783936,298.9768981933594,2,4,0,0,424,412,2.2017401620476695,2.2017401620476695,54.0,1514.0,493.85,628.3949613897298,394880.22750000004,2,2,0,6,19,0,0,0,1.0,493.85,318.2,669.5,424,0,0,0,0,0,0,10,3182,10,6695,0,0,6,54.0,0.0,0.0,0.0,0.0,0.0,0.0,0.0,0.0
443,4540865.659713745,12,12,5559,6815,1514.0,54.0,463.25,614.7079421698297,1514.0,54.0,567.9166666666666,672.7280850305634,2725.031068366831,5.285335836496197,197428.94172668457,749639.212412695,3631786.346435547,203.84788513183594,4540865.659713745,412805.9690648859,1043207.1532105259,3631786.346435547,260.1146697998047,4511086.463928223,410098.76944802026,1048762.8345306134,3649400.9494781494,203.84788513183594,3,4,0,0,504,504,2.6426679182480983,2.6426679182480983,54.0,1514.0,515.5833333333334,646.4930340348267,417953.24305555556,2,2,0,7,23,0,0,0,1.0,515.5833333333334,463.25,567.9166666666666,504,0,0,0,0,0,0,12,5559,12,6815,0,0,8,54.0,0.0,0.0,0.0,0.0,0.0,0.0,0.0,0.0
443,45149891.13807678,2,2,110,108,55.0,55.0,55.0,0.0,54.0,54.0,54.0,0.0,4.828361586372719,0.08859379057564623,15049963.71269226,21182201.77737012,45006109.71450806,49625.396728515625,45100265.74134827,45100265.74134827,0.0,45100265.74134827,45100265.74134827,45055735.11123657,45055735.11123657,0.0,45055735.11123657,45055735.11123657,0,0,0,0,80,80,0.044296895287823115,0.044296895287823115,54.0,55.0,54.5,0.5,0.25,0,0,1,0,3,0,0,0,1.0,54.5,55.0,54.0,80,0,0,0,0,0,0,2,110,2,108,0,0,2,55.0,0.0,0.0,0.0,0.0,0.0,0.0,0.0,0.0
443,46906836.74812317,4,3,218,186,55.0,54.0,54.5,0.5,66.0,54.0,62.0,5.656854249492381,8.612816979524094,0.14923197736799174,7817806.124687195,16647171.253231537,45014245.03326416,659.7042083740234,46906836.74812317,15635612.24937439,20804039.773080774,45039223.194122314,49016.475677490234,46881198.88305664,23440599.44152832,21605574.8462677,45046174.28779602,1835024.5952606201,0,0,0,0,160,144,0.08527541563885242,0.06395656172913931,54.0,66.0,57.714285714285715,5.2566769979926,27.632653061224495,2,0,0,0,7,0,0,0,0.75,57.714285714285715,54.5,62.0,160,0,0,0,0,0,0,4,218,3,186,0,0,2,54.0,0.0,0.0,0.0,0.0,0.0,0.0,0.0,0.0
51282,57687.28256225586,4,2,279,108,93.0,54.0,69.75,16.618889854620253,54.0,54.0,54.0,0.0,6708.584332818093,104.00905942353631,11537.456512451172,22622.05361871057,56781.53038024902,204.32472229003906,57687.28256225586,19229.09418741862,26847.782123016917,57197.57080078125,210.28518676757812,204.32472229003906,204.32472229003906,0.0,204.32472229003906,204.32472229003906,2,0,0,0,160,80,69.33937294902421,34.669686474512105,54.0,93.0,64.5,15.46770829825802,239.25,2,0,0,2,6,0,0,0,0.5,64.5,69.75,54.0,160,0,0,0,0,0,0,4,279,2,108,0,0,2,54.0,0.0,0.0,0.0,0.0,0.0,0.0,0.0,0.0
7680,1527.547836303711,5,3,357,174,129.0,54.0,71.4,29.17258987474372,66.0,54.0,58.0,5.656854249492381,347615.955049165,5237.151865147495,218.22111947195873,19.6995812334185,256.53839111328125,202.65579223632812,1324.1767883300781,331.04419708251953,101.54343568981761,451.08795166015625,207.66258239746094,1287.4603271484375,643.7301635742188,30.040740966796875,673.7709045410156,613.6894226074219,1,0,0,0,212,132,3273.2199157171844,1963.9319494303106,54.0,129.0,66.375,24.207114140268764,585.984375,2,2,0,1,7,0,0,0,0.6,66.375,71.4,58.0,212,0,0,0,0,0,0,5,357,3,174,0,0,1,54.0,0.0,0.0,0.0,0.0,0.0,0.0,0.0,0.0
443,1149217.6055908203,8,7,2202,1825,1151.0,66.0,275.25,370.5383752055919,1018.0,66.0,260.7142857142857,321.31902895307485,3504.123135957087,13.052358341037076,82086.97182791572,45526.739483452126,206467.1516418457,833.2729339599609,1149217.6055908203,164173.94365583145,103770.80655586462,391086.5783691406,77022.55249023438,1020422.4586486816,170070.40977478027,87003.72560924216,267686.8438720703,833.2729339599609,3,3,0,0,424,372,6.961257781886441,6.091100559150635,66.0,1151.0,268.46666666666664,348.5110933990799,121459.98222222221,2,2,0,6,14,0,0,0,0.875,268.46666666666664,275.25,260.7142857142857,424,0,0,0,0,0,0,8,2202,7,1825,0,0,4,66.0,0.0,0.0,0.0,0.0,0.0,0.0,0.0,0.0
7680,58005.571365356445,5,3,357,174,129.0,54.0,71.4,29.17258987474372,66.0,54.0,58.0,5.656854249492381,9154.293070495247,137.91778637280973,8286.51019505092,19036.27460045389,54904.937744140625,229.12025451660156,57776.451110839844,14444.112777709961,23529.038187136044,55187.225341796875,272.2740173339844,57723.283767700195,28861.641883850098,26900.410652160645,55762.05253601074,1961.2312316894531,1,0,0,0,212,132,86.19861648300609,51.71916988980365,54.0,129.0,66.375,24.207114140268764,585.984375,2,2,0,1,7,0,0,0,0.6,66.375,71.4,58.0,212,0,0,0,0,0,0,5,357,3,174,0,0,1,54.0,0.0,0.0,0.0,0.0,0.0,0.0,0.0,0.0
53,102794.40879821777,6,6,386,1018,102.0,54.0,64.33333333333333,17.3749500398962,736.0,54.0,169.66666666666666,253.30986733423728,13658.330413242693,116.73786677985207,9344.946254383434,19776.924420184732,67959.54704284668,200.51002502441406,102794.40879821777,20558.881759643555,25855.1651745074,69106.3404083252,244.61746215820312,95949.41139221191,19189.882278442383,26081.07906519745,67959.54704284668,200.51002502441406,2,1,0,0,252,252,58.368933389926035,58.368933389926035,54.0,736.0,117.0,187.10335824529358,35007.66666666667,2,2,0,3,11,0,0,0,1.0,117.0,64.33333333333333,169.66666666666666,252,0,0,0,0,0,0,6,386,6,1018,0,0,2,54.0,0.0,0.0,0.0,0.0,0.0,0.0,0.0,0.0
53,102768.6595916748,6,6,386,986,102.0,54.0,64.33333333333333,17.3749500398962,704.0,54.0,164.33333333333334,241.38604396738063,13350.373600777648,116.76711604178702,9342.605417424982,18190.18210013323,62604.90417480469,204.32472229003906,102768.6595916748,20553.73191833496,26232.149547641235,69817.54302978516,251.77001953125,95499.51553344727,19099.903106689453,24493.939028868288,62604.90417480469,204.32472229003906,2,1,0,0,252,252,58.38355802089351,58.38355802089351,54.0,704.0,114.33333333333333,178.28223567017426,31784.555555555555,2,2,0,3,11,0,0,0,1.0,114.33333333333333,64.33333333333333,164.33333333333334,252,0,0,0,0,0,0,6,386,6,986,0,0,2,54.0,0.0,0.0,0.0,0.0,0.0,0.0,0.0,0.0
7680,138724.80392456055,6,5,427,373,129.0,54.0,71.16666666666667,26.635919774286418,129.0,54.0,74.6,27.939935576160515,5766.812980575884,79.2936784829184,13872.480392456055,30499.555017732142,103639.12582397461,276.5655517578125,132921.4572906494,26584.291458129883,39647.20919788079,104493.1411743164,276.5655517578125,118530.7502746582,29632.68756866455,43138.87966959418,104205.36994934082,401.49688720703125,2,2,0,0,252,212,43.25109735431912,36.042581128599274,54.0,129.0,72.72727272727273,27.289994533764432,744.7438016528926,2,2,0,4,10,0,0,0,0.8333333333333334,72.72727272727273,71.16666666666667,74.6,252,0,0,0,0,0,0,6,427,5,373,0,0,2,54.0,0.0,0.0,0.0,0.0,0.0,0.0,0.0,0.0
443,45102056.02645874,2,2,110,120,55.0,55.0,55.0,0.0,66.0,54.0,60.0,6.0,5.099545791550444,0.08868775289652946,15034018.675486246,21199076.643641513,45014040.23170471,41471.95816040039,45060584.06829834,45060584.06829834,0.0,45060584.06829834,45060584.06829834,45055512.18986511,45055512.18986511,0.0,45055512.18986511,45055512.18986511,0,0,0,0,80,92,0.04434387644826473,0.04434387644826473,54.0,66.0,57.5,4.924428900898052,24.249999999999996,0,0,1,0,3,0,0,0,1.0,57.5,55.0,60.0,80,0,0,0,0,0,0,2,110,2,120,0,0,2,55.0,0.0,0.0,0.0,0.0,0.0,0.0,0.0,0.0
443,27128010.749816895,7,5,3156,818,1454.0,66.0,450.85714285714283,574.0369397201415,515.0,66.0,163.6,176.34806491708378,146.49065265601251,0.4423472148646578,2466182.7954378994,7670826.61577636,26722760.677337646,209.33151245117188,27128010.749816895,4521335.124969482,9929145.063541088,26722760.677337646,278.71131896972656,302941.79916381836,75735.44979095459,130782.31407743898,302257.0610046387,209.33151245117188,3,2,0,0,364,260,0.25803587533771705,0.18431133952694073,66.0,1454.0,331.1666666666667,474.587159773863,225232.97222222216,0,0,1,5,12,0,0,0,0.7142857142857143,331.1666666666667,450.85714285714283,163.6,364,0,0,0,0,0,0,7,3156,5,818,0,0,7,66.0,0.0,0.0,0.0,0.0,0.0,0.0,0.0,0.0
7680,59424.638748168945,5,3,357,174,129.0,54.0,71.4,29.17258987474372,66.0,54.0,58.0,5.656854249492381,8935.68747216594,134.6242933659652,8489.234106881278,18859.548932011494,54670.57228088379,541.68701171875,58864.83192443848,14716.20798110962,23078.799142370855,54670.57228088379,541.68701171875,58859.10987854004,29429.55493927002,26377.79712677002,55807.35206604004,3051.7578125,1,0,0,0,212,132,84.14018335372826,50.484110012236954,54.0,129.0,66.375,24.207114140268764,585.984375,2,2,0,1,7,0,0,0,0.6,66.375,71.4,58.0,212,0,0,0,0,0,0,5,357,3,174,0,0,1,54.0,0.0,0.0,0.0,0.0,0.0,0.0,0.0,0.0
443,241284.60884094238,2,1,108,54,54.0,54.0,54.0,0.0,54.0,54.0,54.0,0.0,671.4062731899833,12.433449503518208,120642.30442047119,120313.04836273193,240955.35278320312,329.2560577392578,241284.60884094238,241284.60884094238,0.0,241284.60884094238,241284.60884094238,0.0,0.0,0.0,0.0,0.0,0,0,0,0,80,40,8.288966335678806,4.144483167839403,54.0,54.0,54.0,0.0,0.0,2,0,0,0,3,0,0,0,0.5,54.0,54.0,54.0,80,0,0,0,0,0,0,2,108,1,54,0,0,0,54.0,0.0,0.0,0.0,0.0,0.0,0.0,0.0,0.0
7680,14982.223510742188,5,3,357,174,129.0,54.0,71.4,29.17258987474372,66.0,54.0,58.0,5.656854249492381,35442.00229153405,533.9661362189688,2140.317644391741,2645.1871103997833,6990.671157836914,396.728515625,14488.22021484375,3622.0550537109375,3148.410473276106,7443.904876708984,396.728515625,14533.99658203125,7266.998291015625,614.4046783447266,7881.402969360352,6652.593612670898,1,0,0,0,212,132,333.7288351368555,200.2373010821133,54.0,129.0,66.375,24.207114140268764,585.984375,2,2,0,1,7,0,0,0,0.6,66.375,71.4,58.0,212,0,0,0,0,0,0,5,357,3,174,0,0,1,54.0,0.0,0.0,0.0,0.0,0.0,0.0,0.0,0.0
443,1.0,1,0,66,0,66.0,66.0,66.0,0.0,0.0,0.0,0.0,0.0,66000000.0,1000000.0,0.0,0.0,0.0,0.0,0.0,0.0,0.0,0.0,0.0,0.0,0.0,0.0,0.0,0.0,0,0,0,0,52,0,1000000.0,0.0,66.0,66.0,66.0,0.0,0.0,0,0,1,0,1,0,0,0,0.0,66.0,66.0,0.0,52,0,0,0,0,0,0,1,66,0,0,0,0,1,66.0,0.0,0.0,0.0,0.0,0.0,0.0,0.0,0.0
443,68396312.47520447,7,2,1969,120,459.0,54.0,281.2857142857143,188.4483364484921,66.0,54.0,60.0,6.0,30.54258225920176,0.13158604132734122,8549539.059400558,8606431.211148538,25972553.491592407,290554.7618865967,68029600.14343262,11338266.690572103,8375986.32541026,26263108.253479004,3471002.5787353516,26339265.823364258,26339265.823364258,0.0,26339265.823364258,26339265.823364258,5,0,0,0,280,92,0.10234469881015429,0.029241342517186943,54.0,459.0,232.11111111111111,189.98037585465647,36092.54320987654,1,0,0,5,9,0,0,0,0.2857142857142857,232.11111111111111,281.2857142857143,60.0,280,0,0,0,0,0,0,7,1969,2,120,0,0,6,54.0,0.0,0.0,0.0,0.0,0.0,0.0,0.0,0.0
443,77013942.00325012,14,12,5431,8412,1466.0,54.0,387.92857142857144,569.5537682238255,1466.0,54.0,701.0,646.235896042098,179.74667495160554,0.3376012099069381,3080557.680130005,10527488.488583816,44961464.88189697,231.26602172851562,77013942.00325012,5924149.384865394,14017623.87413857,44961464.88189697,276.80397033691406,76971109.62867737,6997373.602607033,15011801.613384262,45032938.00354004,304.93736267089844,3,4,0,0,584,548,0.18178526687296667,0.15581594303397142,54.0,1466.0,532.4230769230769,625.9224069063638,391778.85946745565,2,2,0,7,25,0,0,0,0.8571428571428571,532.4230769230769,387.92857142857144,701.0,584,0,0,0,0,0,0,14,5431,12,8412,0,0,10,54.0,0.0,0.0,0.0,0.0,0.0,0.0,0.0,0.0
443,76983601.33171082,10,8,2871,2880,1466.0,54.0,287.1,463.49033431129936,1466.0,54.0,360.0,520.7264156925401,74.70422142528513,0.23381602950010996,4528447.137159459,12522158.978389364,44962170.124053955,231.5044403076172,76983601.33171082,8553733.481301202,16200048.070804562,44962170.124053955,293.2548522949219,76882792.23442078,10983256.033488683,17675854.061875064,45104798.555374146,231.5044403076172,2,2,0,0,412,344,0.12989779416672775,0.10391823533338221,54.0,1466.0,319.5,491.0929138157056,241172.25000000003,2,2,0,4,17,0,0,0,0.8,319.5,287.1,360.0,412,0,0,0,0,0,0,10,2871,8,2880,0,0,6,54.0,0.0,0.0,0.0,0.0,0.0,0.0,0.0,0.0
443,78833204.26940918,2,2,110,120,55.0,55.0,55.0,0.0,66.0,54.0,60.0,6.0,2.9175523452527012,0.0507400407870035,26277734.756469727,19112679.988358203,45003988.50440979,34519.91081237793,45003988.50440979,45003988.50440979,0.0,45003988.50440979,45003988.50440979,33794695.85418701,33794695.85418701,0.0,33794695.85418701,33794695.85418701,0,0,0,0,80,92,0.02537002039350175,0.02537002039350175,54.0,66.0,57.5,4.924428900898052,24.249999999999996,0,0,1,0,4,0,0,0,1.0,57.5,55.0,60.0,80,0,0,0,0,0,0,2,110,2,120,0,0,2,55.0,0.0,0.0,0.0,0.0,0.0,0.0,0.0,0.0
443,798010.5876922607,8,9,3162,5185,1514.0,54.0,395.25,552.9999434900514,1514.0,54.0,576.1111111111111,668.8797341566211,10459.76097151593,21.302975502069106,49875.6617307663,84758.00086779233,263872.8618621826,214.57672119140625,798010.5876922607,114001.51252746582,131741.6083694994,356963.1576538086,293.0164337158203,782638.3113861084,97829.78892326355,100699.60623375283,264087.438583374,458.2405090332031,2,2,0,0,332,372,10.02492964803252,11.278045854036586,54.0,1514.0,491.0,623.6331878124964,388918.35294117645,2,2,0,4,16,0,0,0,1.125,491.0,395.25,576.1111111111111,332,0,0,0,0,0,0,8,3162,9,5185,0,0,4,54.0,0.0,0.0,0.0,0.0,0.0,0.0,0.0,0.0
443,90113289.11781311,3,1,165,54,55.0,55.0,55.0,0.0,54.0,54.0,54.0,0.0,2.430274182020832,0.04438856953462707,30037763.039271038,21437587.706411563,49131099.700927734,96521.37756347656,90016767.74024963,45008383.87012482,4122715.8308029175,49131099.700927734,40885668.0393219,0.0,0.0,0.0,0.0,0.0,0,0,0,0,120,40,0.033291427150970304,0.011097142383656767,54.0,55.0,54.75,0.4330127018922193,0.18749999999999997,0,0,1,0,3,0,0,0,0.3333333333333333,54.75,55.0,54.0,120,0,0,0,0,0,0,3,165,1,54,0,0,3,55.0,0.0,0.0,0.0,0.0,0.0,0.0,0.0,0.0
53,3142606.019973755,8,5,520,753,104.0,54.0,65.0,15.684387141358123,525.0,54.0,150.6,187.2576834204674,405.07782137152253,4.136694169544221,261883.83499781293,592350.8471560582,2000436.0675811768,206.94732666015625,3141849.7562408447,448835.6794629778,719561.3680839696,2000436.0675811768,206.94732666015625,129029.51240539551,32257.378101348877,51112.36548468758,120737.07580566406,944.6144104003906,2,1,0,0,356,212,2.545657950488751,1.5910362190554694,54.0,525.0,97.92307692307692,123.98539711685748,15372.378698224853,2,4,1,3,10,0,0,0,0.625,97.92307692307692,65.0,150.6,356,0,0,0,0,0,0,8,520,5,753,0,0,2,54.0,0.0,0.0,0.0,0.0,0.0,0.0,0.0,0.0
53,3140458.822250366,8,5,520,870,104.0,54.0,65.0,15.684387141358123,642.0,54.0,174.0,234.04614929539002,442.61048422343725,4.139522514319917,261704.9018541972,592087.8630510414,2001595.4971313477,354.52842712402344,3140458.822250366,448636.9746071951,719193.1056216033,2001595.4971313477,676.8703460693359,123441.93458557129,30860.483646392822,30388.459476972104,77108.62159729004,936.5081787109375,2,1,0,0,356,212,2.5473984703507178,1.5921240439691986,54.0,642.0,106.92307692307692,155.0218156054478,24031.763313609463,2,4,0,3,10,0,0,0,0.625,106.92307692307692,65.0,174.0,356,0,0,0,0,0,0,8,520,5,870,0,0,2,54.0,0.0,0.0,0.0,0.0,0.0,0.0,0.0,0.0
53,82847.59521484375,4,2,228,120,66.0,54.0,57.0,5.196152422706632,66.0,54.0,60.0,6.0,4200.484022469841,72.42213831844553,16569.51904296875,30141.691842982837,76773.16665649414,207.1857452392578,82847.59521484375,27615.865071614582,37932.95599846132,81256.86645507812,207.1857452392578,5637.645721435547,5637.645721435547,0.0,5637.645721435547,5637.645721435547,0,0,0,0,172,92,48.281425545630356,24.140712772815178,54.0,66.0,58.0,5.656854249492381,32.00000000000001,2,2,0,0,5,0,0,0,0.5,58.0,57.0,60.0,172,0,0,0,0,0,0,4,228,2,120,0,0,0,54.0,0.0,0.0,0.0,0.0,0.0,0.0,0.0,0.0
53,184971.80938720703,6,5,371,781,87.0,54.0,61.833333333333336,12.033518004123133,553.0,54.0,156.2,198.4544280181221,6227.976056548617,59.46852137329408,18497.180938720703,31962.85760368052,103840.11268615723,266.79039001464844,184971.80938720703,36994.361877441406,59943.32026717542,155087.23258972168,266.79039001464844,157545.5665588379,39386.39163970947,41451.12628930105,103840.11268615723,431.5376281738281,2,1,0,0,252,212,32.437375294524045,27.031146078770036,54.0,553.0,104.72727272727273,142.0870993498456,20188.743801652894,2,2,0,3,10,0,0,0,0.8333333333333334,104.72727272727273,61.833333333333336,156.2,252,0,0,0,0,0,0,6,371,5,781,0,0,2,54.0,0.0,0.0,0.0,0.0,0.0,0.0,0.0,0.0
53,183984.51805114746,6,5,371,813,87.0,54.0,61.833333333333336,12.033518004123133,585.0,54.0,162.6,211.2511301744916,6435.324083469075,59.78763928898634,18398.451805114746,33255.68568234624,108124.2561340332,249.1474151611328,183984.51805114746,36796.90361022949,59609.29305083039,154372.9305267334,249.1474151611328,157556.29539489746,39389.073848724365,44133.581954092646,108124.2561340332,406.7420959472656,2,1,0,0,252,212,32.611439612174365,27.176199676811972,54.0,585.0,107.63636363636364,151.26633509221875,22881.50413223141,2,2,0,3,10,0,0,0,0.8333333333333334,107.63636363636364,61.833333333333336,162.6,252,0,0,0,0,0,0,6,371,5,813,0,0,2,54.0,0.0,0.0,0.0,0.0,0.0,0.0,0.0,0.0
443,14450703.620910645,11,12,3924,7196,1466.0,54.0,356.72727272727275,535.268342373344,1466.0,54.0,599.6666666666666,647.1711949365141,769.5127027523416,1.5916180002971094,656850.1645868475,2219841.98280071,9929149.150848389,210.28518676757812,14436080.45578003,1443608.045578003,3119413.3910538875,9941550.493240356,275.61187744140625,14427510.023117065,1311591.8202833696,3001661.797905944,9929149.150848389,302.7915954589844,3,3,0,0,464,504,0.761208608837748,0.8304093914593615,54.0,1466.0,483.4782608695652,608.5021431540421,370274.8582230623,2,2,0,6,22,0,0,0,1.0909090909090908,483.4782608695652,356.72727272727275,599.6666666666666,464,0,0,0,0,0,0,11,3924,12,7196,0,0,7,54.0,0.0,0.0,0.0,0.0,0.0,0.0,0.0,0.0
53,65740.82374572754,6,5,375,737,91.0,54.0,62.5,13.438129830200829,509.0,54.0,147.4,180.8597246486901,16914.908220514477,167.32373239717558,6574.082374572754,17096.28121224502,57822.227478027344,201.70211791992188,65740.82374572754,13148.164749145508,23334.9000405311,59774.39880371094,260.35308837890625,62914.84832763672,15728.71208190918,24316.921524165307,57822.227478027344,408.8878631591797,2,1,0,0,252,212,91.2674903984594,76.05624199871617,54.0,509.0,101.0909090909091,129.43686038546466,16753.90082644627,2,2,0,3,10,0,0,0,0.8333333333333334,101.0909090909091,62.5,147.4,252,0,0,0,0,0,0,6,375,5,737,0,0,2,54.0,0.0,0.0,0.0,0.0,0.0,0.0,0.0,0.0
53,64961.910247802734,6,5,375,976,91.0,54.0,62.5,13.438129830200829,748.0,54.0,195.2,276.4390710445974,20796.802231438323,169.3299959628583,6496.191024780273,15814.769930824892,53795.33767700195,204.56314086914062,64961.910247802734,12992.382049560547,23556.208015935466,60072.18360900879,249.8626708984375,62725.067138671875,15681.266784667969,22087.669615423212,53795.33767700195,411.5104675292969,2,1,0,0,252,212,92.36181597974088,76.96817998311741,54.0,748.0,122.81818181818181,197.99027440844304,39200.14876033058,2,2,0,3,10,0,0,0,0.8333333333333334,122.81818181818181,62.5,195.2,252,0,0,0,0,0,0,6,375,5,976,0,0,2,54.0,0.0,0.0,0.0,0.0,0.0,0.0,0.0,0.0
443,1830079.5555114746,10,10,2687,4831,1514.0,54.0,268.7,423.4163553761238,1514.0,54.0,483.1,551.7790227980763,4108.018133615428,10.92848665500247,96319.97660586708,138259.85059194593,354481.93550109863,211.0004425048828,1830079.5555114746,203342.1728346083,142082.5588429936,354768.9914703369,268.69773864746094,1525093.7938690186,169454.86598544652,152906.1156797131,359071.4931488037,283.4796905517578,4,4,0,0,412,404,5.464243327501235,5.464243327501235,54.0,1514.0,375.9,503.3513583968956,253362.59000000003,2,2,0,8,19,0,0,0,1.0,375.9,268.7,483.1,412,0,0,0,0,0,0,10,2687,10,4831,0,0,6,54.0,0.0,0.0,0.0,0.0,0.0,0.0,0.0,0.0
443,1480012.1784210205,8,7,3304,1114,1514.0,54.0,413.0,491.11378518628453,623.0,54.0,159.14285714285714,193.16493956603776,2985.1105716666657,10.135051737211406,105715.15560150146,142827.05815846985,352266.0732269287,216.96090698242188,1480012.1784210205,211430.31120300293,138457.7140405827,352483.03413391113,275.8502960205078,1127233.2668304443,187872.21113840738,136039.7151530483,344848.6328125,419.85511779785156,3,3,0,0,332,284,5.405360926512749,4.7296908106986555,54.0,1514.0,294.53333333333336,402.60151790849255,162087.98222222226,2,2,0,6,14,0,0,0,0.875,294.53333333333336,413.0,159.14285714285714,332,0,0,0,0,0,0,8,3304,7,1114,0,0,4,54.0,0.0,0.0,0.0,0.0,0.0,0.0,0.0,0.0
443,1398264.4081115723,8,7,2684,1122,1514.0,54.0,335.5,464.5551635704849,623.0,54.0,160.28571428571428,192.58594688807258,2721.9458479531763,10.727584792248463,99876.0291508266,134051.93068227603,319315.19508361816,251.77001953125,1398264.4081115723,199752.0583016532,127520.05761320889,320773.6015319824,259.63783264160156,1126367.5689697266,187727.9281616211,133934.12148962577,320177.7935028076,327.11029052734375,3,3,0,0,332,292,5.721378555865846,5.006206236382615,54.0,1514.0,253.73333333333332,374.2308497289993,140048.72888888887,2,2,0,6,14,0,0,0,0.875,253.73333333333332,335.5,160.28571428571428,332,0,0,0,0,0,0,8,2684,7,1122,0,0,4,54.0,0.0,0.0,0.0,0.0,0.0,0.0,0.0,0.0
443,1330527.5440216064,8,7,3049,1114,1514.0,54.0,381.125,469.65264757584407,623.0,54.0,159.14285714285714,193.16493956603776,3128.834137034894,11.273723770243432,95037.68171582904,127520.41700766057,304377.55584716797,220.5371856689453,1330527.5440216064,190075.36343165807,121132.43851979336,304936.88583374023,314.95094299316406,1025929.4509887695,170988.24183146158,120768.14050933247,264849.9011993408,308.990478515625,3,3,0,0,332,284,6.012652677463164,5.261071092780269,54.0,1514.0,277.53333333333336,383.8178155786356,147316.11555555553,2,2,0,6,14,0,0,0,0.875,277.53333333333336,381.125,159.14285714285714,332,0,0,0,0,0,0,8,3049,7,1114,0,0,4,54.0,0.0,0.0,0.0,0.0,0.0,0.0,0.0,0.0
5353,2983795.166015625,2,0,502,0,251.0,251.0,251.0,0.0,0.0,0.0,0.0,0.0,168.24211183046444,0.6702872981293404,2983795.166015625,0.0,2983795.166015625,2983795.166015625,2983795.166015625,2983795.166015625,0.0,2983795.166015625,2983795.166015625,0.0,0.0,0.0,0.0,0.0,0,0,0,0,56,0,0.6702872981293404,0.0,251.0,251.0,251.0,0.0,0.0,0,0,0,0,0,0,0,0,0.0,251.0,251.0,0.0,56,0,0,0,0,0,0,2,502,0,0,0,0,2,251.0,0.0,0.0,0.0,0.0,0.0,0.0,0.0,0.0
53,3079163.5513305664,2,1,184,629,92.0,92.0,92.0,0.0,629.0,629.0,629.0,0.0,264.03274345355476,0.9742905662492796,1539581.7756652832,1482428.5507202148,3022010.326385498,57153.22494506836,3022010.326385498,3022010.326385498,0.0,3022010.326385498,3022010.326385498,0.0,0.0,0.0,0.0,0.0,0,0,0,0,56,28,0.6495270441661863,0.32476352208309317,92.0,629.0,271.0,253.144227664784,64082.0,0,0,0,0,0,0,0,0,0.5,271.0,92.0,629.0,56,0,0,0,0,0,0,2,184,1,629,0,0,2,92.0,0.0,0.0,0.0,0.0,0.0,0.0,0.0,0.0
443,1654320.0016021729,2,0,2584,0,1292.0,1292.0,1292.0,0.0,0.0,0.0,0.0,0.0,1561.9710802610452,1.2089559444744933,1654320.0016021729,0.0,1654320.0016021729,1654320.0016021729,1654320.0016021729,1654320.0016021729,0.0,1654320.0016021729,1654320.0016021729,0.0,0.0,0.0,0.0,0.0,0,0,0,0,56,0,1.2089559444744933,0.0,1292.0,1292.0,1292.0,0.0,0.0,0,0,0,0,0,0,0,0,0.0,1292.0,1292.0,0.0,56,0,0,0,0,0,0,2,2584,0,0,0,0,2,1292.0,0.0,0.0,0.0,0.0,0.0,0.0,0.0,0.0
53,2061358.6902618408,2,1,184,629,92.0,92.0,92.0,0.0,629.0,629.0,629.0,0.0,394.4000643074544,1.4553507908024148,1030679.3451309204,977496.7432022095,2008176.0883331299,53182.60192871094,2008176.0883331299,2008176.0883331299,0.0,2008176.0883331299,2008176.0883331299,0.0,0.0,0.0,0.0,0.0,0,0,0,0,56,28,0.9702338605349432,0.4851169302674716,92.0,629.0,271.0,253.144227664784,64082.0,0,0,0,0,0,0,0,0,0.5,271.0,92.0,629.0,56,0,0,0,0,0,0,2,184,1,629,0,0,2,92.0,0.0,0.0,0.0,0.0,0.0,0.0,0.0,0.0
6771,3982959.032058716,2,0,356,0,178.0,178.0,178.0,0.0,0.0,0.0,0.0,0.0,89.380783767688,0.5021392346499326,3982959.032058716,0.0,3982959.032058716,3982959.032058716,3982959.032058716,3982959.032058716,0.0,3982959.032058716,3982959.032058716,0.0,0.0,0.0,0.0,0.0,0,0,0,0,56,0,0.5021392346499326,0.0,178.0,178.0,178.0,0.0,0.0,0,0,0,0,0,0,0,0,0.0,178.0,178.0,0.0,56,0,0,0,0,0,0,2,356,0,0,0,0,2,178.0,0.0,0.0,0.0,0.0,0.0,0.0,0.0,0.0
6771,3930624.008178711,4,0,712,0,178.0,178.0,178.0,0.0,0.0,0.0,0.0,0.0,181.14172164991976,1.0176501216287628,1310208.002726237,1851521.4026440477,3928654.670715332,780.1055908203125,3930624.008178711,1310208.002726237,1851521.4026440477,3928654.670715332,780.1055908203125,0.0,0.0,0.0,0.0,0.0,0,0,0,0,112,0,1.0176501216287628,0.0,178.0,178.0,178.0,0.0,0.0,0,0,0,0,0,0,0,0,0.0,178.0,178.0,0.0,112,0,0,0,0,0,0,4,712,0,0,0,0,4,178.0,0.0,0.0,0.0,0.0,0.0,0.0,0.0,0.0
10001,1.0,1,0,201,0,201.0,201.0,201.0,0.0,0.0,0.0,0.0,0.0,201000000.0,1000000.0,0.0,0.0,0.0,0.0,0.0,0.0,0.0,0.0,0.0,0.0,0.0,0.0,0.0,0.0,0,0,0,0,28,0,1000000.0,0.0,201.0,201.0,201.0,0.0,0.0,0,0,0,0,0,0,0,0,0.0,201.0,201.0,0.0,28,0,0,0,0,0,0,1,201,0,0,0,0,1,201.0,0.0,0.0,0.0,0.0,0.0,0.0,0.0,0.0
443,259219.16961669922,16,22,4493,7394,1292.0,72.0,280.8125,390.26709103349975,1292.0,64.0,336.09090909090907,400.8222128088609,45856.94807053431,146.5940966333224,7005.923503154033,20249.638837364662,99167.1085357666,235.08071899414062,159093.37997436523,10606.225331624348,20211.952922675267,65339.80369567871,235.08071899414062,214344.97833251953,10206.903730119979,29465.79550403584,101720.57151794434,237.7033233642578,0,0,0,0,448,616,61.723830161398915,84.8702664719235,64.0,1292.0,312.8157894736842,397.3506243836304,157887.51869806094,0,0,0,0,0,0,0,0,1.375,312.8157894736842,280.8125,336.09090909090907,448,0,0,0,0,0,0,16,4493,22,7394,0,0,16,72.0,0.0,0.0,0.0,0.0,0.0,0.0,0.0,0.0
443,453307.1517944336,14,15,7836,5191,1292.0,72.0,559.7142857142857,546.4237534801603,1292.0,63.0,346.06666666666666,436.14408424535833,28737.689110864732,63.97428296730461,16189.541135515487,38133.61546061166,155871.15287780762,232.21969604492188,408442.9740905762,31418.690314659707,52041.99851946458,156519.65141296387,232.21969604492188,352363.34800720215,25168.81057194301,46435.252807892815,156730.17501831055,233.65020751953125,0,0,0,0,392,420,30.884136604905674,33.09014636239894,63.0,1292.0,449.2068965517241,503.91449598397384,253929.81926278237,0,0,0,0,0,0,0,0,1.0714285714285714,449.2068965517241,559.7142857142857,346.06666666666666,392,0,0,0,0,0,0,14,7836,15,5191,0,0,14,72.0,0.0,0.0,0.0,0.0,0.0,0.0,0.0,0.0
443,347764.7304534912,10,13,5340,6391,1292.0,73.0,534.0,553.2999186697934,1292.0,63.0,491.61538461538464,510.0815226640872,33732.5754244905,66.13666650441407,15807.487747885963,27328.486488724535,100580.21545410156,236.03439331054688,247184.51499938965,27464.946111043293,41023.12858324902,121784.44862365723,239.6106719970703,272123.3367919922,22676.944732666016,37405.71194086957,127153.39660644531,236.03439331054688,0,0,0,0,280,364,28.755072393223507,37.38159411119056,63.0,1292.0,510.04347826086956,529.7227723073128,280606.2155009451,0,0,0,0,0,0,0,0,1.3,510.04347826086956,534.0,491.61538461538464,280,0,0,0,0,0,0,10,5340,13,6391,0,0,10,73.0,0.0,0.0,0.0,0.0,0.0,0.0,0.0,0.0
37810,1.0,1,0,806,0,806.0,806.0,806.0,0.0,0.0,0.0,0.0,0.0,806000000.0,1000000.0,0.0,0.0,0.0,0.0,0.0,0.0,0.0,0.0,0.0,0.0,0.0,0.0,0.0,0.0,0,0,0,0,28,0,1000000.0,0.0,806.0,806.0,806.0,0.0,0.0,0,0,0,0,0,0,0,0,0.0,806.0,806.0,0.0,28,0,0,0,0,0,0,1,806,0,0,0,0,1,806.0,0.0,0.0,0.0,0.0,0.0,0.0,0.0,0.0
1900,201679.22973632812,2,0,334,0,167.0,167.0,167.0,0.0,0.0,0.0,0.0,0.0,1656.095178649114,9.91673759670128,201679.22973632812,0.0,201679.22973632812,201679.22973632812,201679.22973632812,201679.22973632812,0.0,201679.22973632812,201679.22973632812,0.0,0.0,0.0,0.0,0.0,0,0,0,0,56,0,9.91673759670128,0.0,167.0,167.0,167.0,0.0,0.0,0,0,0,0,0,0,0,0,0.0,167.0,167.0,0.0,56,0,0,0,0,0,0,2,334,0,0,0,0,2,167.0,0.0,0.0,0.0,0.0,0.0,0.0,0.0,0.0
443,105215674.87716675,11,12,2255,5782,745.0,54.0,205.0,244.94489176139191,1514.0,54.0,481.8333333333333,597.5072988861493,76.3859568394418,0.21859860735438116,4782530.6762348525,16295782.979363676,73788054.46624756,227.6897430419922,105215674.87716675,10521567.487716675,22887531.828762926,73788054.46624756,2034.1873168945312,105055703.87840271,9550518.534400247,22136903.876546882,74033735.27526855,283.7181091308594,4,6,0,0,452,492,0.10454716003905186,0.1140514473153293,54.0,1514.0,349.4347826086956,483.8246921181408,234086.3327032137,2,2,0,10,22,0,0,0,1.0909090909090908,349.4347826086956,205.0,481.8333333333333,452,0,0,0,0,0,0,11,2255,12,5782,0,0,7,54.0,0.0,0.0,0.0,0.0,0.0,0.0,0.0,0.0
443,1318115.472793579,9,7,4830,1114,1514.0,54.0,536.6666666666666,578.7617049452315,623.0,54.0,159.14285714285714,193.16493956603776,4509.468345290298,12.138541979247101,87874.36485290527,184550.62466667994,689137.9356384277,249.8626708984375,1318115.472793579,164764.4340991974,226594.67882154512,689480.3047180176,277.2808074951172,1022925.615310669,170487.60255177817,247197.47412928217,689761.4002227783,271.3203430175781,3,3,0,0,372,284,6.827929863326494,5.310612115920606,54.0,1514.0,371.5,489.71062884115554,239816.5,2,2,0,6,15,0,0,0,0.7777777777777778,371.5,536.6666666666666,159.14285714285714,372,0,0,0,0,0,0,9,4830,7,1114,0,0,5,54.0,0.0,0.0,0.0,0.0,0.0,0.0,0.0,0.0
1900,6037110.805511475,7,0,1253,0,179.0,179.0,179.0,0.0,0.0,0.0,0.0,0.0,207.5496111245955,1.1594950342156172,1006185.1342519124,712601.8119510239,1632151.8421173096,5104.780197143555,6037110.805511475,1006185.1342519124,712601.8119510239,1632151.8421173096,5104.780197143555,0.0,0.0,0.0,0.0,0.0,0,0,0,0,196,0,1.1594950342156172,0.0,179.0,179.0,179.0,0.0,0.0,0,0,0,0,0,0,0,0,0.0,179.0,179.0,0.0,196,0,0,0,0,0,0,7,1253,0,0,0,0,7,179.0,0.0,0.0,0.0,0.0,0.0,0.0,0.0,0.0
443,135239754.91523743,16,11,4975,5726,663.0,54.0,310.9375,264.8234007669073,1514.0,54.0,520.5454545454545,610.7855394544074,79.1261416194294,0.19964543722311875,5201529.03520144,17166178.867492672,68994871.37794495,221.9676971435547,135239754.91523743,9015983.66101583,21826558.86840408,68994871.37794495,637.2928619384766,135040852.5466919,13504085.25466919,25718934.41582124,69179028.51104736,548.1243133544922,7,5,0,0,652,452,0.11830840724332964,0.08133702997978913,54.0,1514.0,396.3333333333333,451.8335485060351,204153.55555555556,2,2,0,12,26,0,0,0,0.6875,396.3333333333333,310.9375,520.5454545454545,652,0,0,0,0,0,0,16,4975,11,5726,0,0,12,54.0,0.0,0.0,0.0,0.0,0.0,0.0,0.0,0.0
0,3114836.9312286377,7,0,410,0,70.0,54.0,58.57142857142857,7.2280632232420094,0.0,0.0,0.0,0.0,131.62807846838928,2.247308656777378,519139.4885381063,970904.547670902,2664340.4960632324,201.22528076171875,3114836.9312286377,519139.4885381063,970904.547670902,2664340.4960632324,201.22528076171875,0.0,0.0,0.0,0.0,0.0,0,0,0,0,168,0,2.247308656777378,0.0,54.0,70.0,58.57142857142857,7.2280632232420094,52.24489795918367,0,0,0,0,0,0,0,0,0.0,58.57142857142857,58.57142857142857,0.0,168,0,0,0,0,0,0,7,410,0,0,0,0,7,54.0,0.0,0.0,0.0,0.0,0.0,0.0,0.0,0.0
51345,1.0,1,0,54,0,54.0,54.0,54.0,0.0,0.0,0.0,0.0,0.0,54000000.0,1000000.0,0.0,0.0,0.0,0.0,0.0,0.0,0.0,0.0,0.0,0.0,0.0,0.0,0.0,0.0,0,0,0,0,40,0,1000000.0,0.0,54.0,54.0,54.0,0.0,0.0,0,0,0,0,1,0,0,0,0.0,54.0,54.0,0.0,40,0,0,0,0,0,0,1,54,0,0,0,0,1,54.0,0.0,0.0,0.0,0.0,0.0,0.0,0.0,0.0
5353,31679.868698120117,4,0,400,0,119.0,81.0,100.0,19.0,0.0,0.0,0.0,0.0,12626.31495766698,126.2631495766698,10559.956232706705,13870.281524606773,30174.25537109375,561.7141723632812,31679.868698120117,10559.956232706705,13870.281524606773,30174.25537109375,561.7141723632812,0.0,0.0,0.0,0.0,0.0,0,0,0,0,112,0,126.2631495766698,0.0,81.0,119.0,100.0,19.0,361.0,0,0,0,0,0,0,0,0,0.0,100.0,100.0,0.0,112,0,0,0,0,0,0,4,400,0,0,0,0,4,81.0,0.0,0.0,0.0,0.0,0.0,0.0,0.0,0.0
5355,1.0,1,0,75,0,75.0,75.0,75.0,0.0,0.0,0.0,0.0,0.0,75000000.0,1000000.0,0.0,0.0,0.0,0.0,0.0,0.0,0.0,0.0,0.0,0.0,0.0,0.0,0.0,0.0,0,0,0,0,28,0,1000000.0,0.0,75.0,75.0,75.0,0.0,0.0,0,0,0,0,0,0,0,0,0.0,75.0,75.0,0.0,28,0,0,0,0,0,0,1,75,0,0,0,0,1,75.0,0.0,0.0,0.0,0.0,0.0,0.0,0.0,0.0
5355,1.0,1,0,75,0,75.0,75.0,75.0,0.0,0.0,0.0,0.0,0.0,75000000.0,1000000.0,0.0,0.0,0.0,0.0,0.0,0.0,0.0,0.0,0.0,0.0,0.0,0.0,0.0,0.0,0,0,0,0,28,0,1000000.0,0.0,75.0,75.0,75.0,0.0,0.0,0,0,0,0,0,0,0,0,0.0,75.0,75.0,0.0,28,0,0,0,0,0,0,1,75,0,0,0,0,1,75.0,0.0,0.0,0.0,0.0,0.0,0.0,0.0,0.0
1900,1.0,1,0,167,0,167.0,167.0,167.0,0.0,0.0,0.0,0.0,0.0,167000000.0,1000000.0,0.0,0.0,0.0,0.0,0.0,0.0,0.0,0.0,0.0,0.0,0.0,0.0,0.0,0.0,0,0,0,0,28,0,1000000.0,0.0,167.0,167.0,167.0,0.0,0.0,0,0,0,0,0,0,0,0,0.0,167.0,167.0,0.0,28,0,0,0,0,0,0,1,167,0,0,0,0,1,167.0,0.0,0.0,0.0,0.0,0.0,0.0,0.0,0.0
1900,1.0,1,0,167,0,167.0,167.0,167.0,0.0,0.0,0.0,0.0,0.0,167000000.0,1000000.0,0.0,0.0,0.0,0.0,0.0,0.0,0.0,0.0,0.0,0.0,0.0,0.0,0.0,0.0,0,0,0,0,28,0,1000000.0,0.0,167.0,167.0,167.0,0.0,0.0,0,0,0,0,0,0,0,0,0.0,167.0,167.0,0.0,28,0,0,0,0,0,0,1,167,0,0,0,0,1,167.0,0.0,0.0,0.0,0.0,0.0,0.0,0.0,0.0
1900,5955946.207046509,3,0,537,0,179.0,179.0,179.0,0.0,0.0,0.0,0.0,0.0,90.16199631969018,0.5036983034619563,2977973.1035232544,9492.993354797363,2987466.0968780518,2968480.110168457,5955946.207046509,2977973.1035232544,9492.993354797363,2987466.0968780518,2968480.110168457,0.0,0.0,0.0,0.0,0.0,0,0,0,0,84,0,0.5036983034619563,0.0,179.0,179.0,179.0,0.0,0.0,0,0,0,0,0,0,0,0,0.0,179.0,179.0,0.0,84,0,0,0,0,0,0,3,537,0,0,0,0,3,179.0,0.0,0.0,0.0,0.0,0.0,0.0,0.0,0.0
1900,6039967.5369262695,2,0,358,0,179.0,179.0,179.0,0.0,0.0,0.0,0.0,0.0,59.27184174605443,0.33112760751985715,6039967.5369262695,0.0,6039967.5369262695,6039967.5369262695,6039967.5369262695,6039967.5369262695,0.0,6039967.5369262695,6039967.5369262695,0.0,0.0,0.0,0.0,0.0,0,0,0,0,56,0,0.33112760751985715,0.0,179.0,179.0,179.0,0.0,0.0,0,0,0,0,0,0,0,0,0.0,179.0,179.0,0.0,56,0,0,0,0,0,0,2,358,0,0,0,0,2,179.0,0.0,0.0,0.0,0.0,0.0,0.0,0.0,0.0
137,1.0,1,0,110,0,110.0,110.0,110.0,0.0,0.0,0.0,0.0,0.0,110000000.0,1000000.0,0.0,0.0,0.0,0.0,0.0,0.0,0.0,0.0,0.0,0.0,0.0,0.0,0.0,0.0,0,0,0,0,28,0,1000000.0,0.0,110.0,110.0,110.0,0.0,0.0,0,0,0,0,0,0,0,0,0.0,110.0,110.0,0.0,28,0,0,0,0,0,0,1,110,0,0,0,0,1,110.0,0.0,0.0,0.0,0.0,0.0,0.0,0.0,0.0
0,4854.440689086914,2,0,108,0,54.0,54.0,54.0,0.0,0.0,0.0,0.0,0.0,22247.671135995286,411.99390992583864,4854.440689086914,0.0,4854.440689086914,4854.440689086914,4854.440689086914,4854.440689086914,0.0,4854.440689086914,4854.440689086914,0.0,0.0,0.0,0.0,0.0,0,0,0,0,48,0,411.99390992583864,0.0,54.0,54.0,54.0,0.0,0.0,0,0,0,0,0,0,0,0,0.0,54.0,54.0,0.0,48,0,0,0,0,0,0,2,108,0,0,0,0,2,54.0,0.0,0.0,0.0,0.0,0.0,0.0,0.0,0.0
37810,1.0,1,0,732,0,732.0,732.0,732.0,0.0,0.0,0.0,0.0,0.0,732000000.0,1000000.0,0.0,0.0,0.0,0.0,0.0,0.0,0.0,0.0,0.0,0.0,0.0,0.0,0.0,0.0,0,0,0,0,28,0,1000000.0,0.0,732.0,732.0,732.0,0.0,0.0,0,0,0,0,0,0,0,0,0.0,732.0,732.0,0.0,28,0,0,0,0,0,0,1,732,0,0,0,0,1,732.0,0.0,0.0,0.0,0.0,0.0,0.0,0.0,0.0
62976,1.0,1,0,264,0,264.0,264.0,264.0,0.0,0.0,0.0,0.0,0.0,264000000.0,1000000.0,0.0,0.0,0.0,0.0,0.0,0.0,0.0,0.0,0.0,0.0,0.0,0.0,0.0,0.0,0,0,0,0,28,0,1000000.0,0.0,264.0,264.0,264.0,0.0,0.0,0,0,0,0,0,0,0,0,0.0,264.0,264.0,0.0,28,0,0,0,0,0,0,1,264,0,0,0,0,1,264.0,0.0,0.0,0.0,0.0,0.0,0.0,0.0,0.0
0,1043739.7956848145,6,0,324,0,54.0,54.0,54.0,0.0,0.0,0.0,0.0,0.0,310.4221965470028,5.748559195314867,208747.9591369629,306375.4659591021,806356.66847229,2561.5692138671875,1043739.7956848145,208747.9591369629,306375.4659591021,806356.66847229,2561.5692138671875,0.0,0.0,0.0,0.0,0.0,0,0,0,0,144,0,5.748559195314867,0.0,54.0,54.0,54.0,0.0,0.0,0,0,0,0,0,0,0,0,0.0,54.0,54.0,0.0,144,0,0,0,0,0,0,6,324,0,0,0,0,6,54.0,0.0,0.0,0.0,0.0,0.0,0.0,0.0,0.0
1900,6043885.707855225,3,0,537,0,179.0,179.0,179.0,0.0,0.0,0.0,0.0,0.0,88.85012489598576,0.4963694128267361,3021942.8539276123,41038.03634643555,3062980.890274048,2980904.8175811768,6043885.707855225,3021942.8539276123,41038.03634643555,3062980.890274048,2980904.8175811768,0.0,0.0,0.0,0.0,0.0,0,0,0,0,84,0,0.4963694128267361,0.0,179.0,179.0,179.0,0.0,0.0,0,0,0,0,0,0,0,0,0.0,179.0,179.0,0.0,84,0,0,0,0,0,0,3,537,0,0,0,0,3,179.0,0.0,0.0,0.0,0.0,0.0,0.0,0.0,0.0
5355,1.0,1,0,66,0,66.0,66.0,66.0,0.0,0.0,0.0,0.0,0.0,66000000.0,1000000.0,0.0,0.0,0.0,0.0,0.0,0.0,0.0,0.0,0.0,0.0,0.0,0.0,0.0,0.0,0,0,0,0,28,0,1000000.0,0.0,66.0,66.0,66.0,0.0,0.0,0,0,0,0,0,0,0,0,0.0,66.0,66.0,0.0,28,0,0,0,0,0,0,1,66,0,0,0,0,1,66.0,0.0,0.0,0.0,0.0,0.0,0.0,0.0,0.0
1900,6016736.745834351,3,0,537,0,179.0,179.0,179.0,0.0,0.0,0.0,0.0,0.0,89.25103801022847,0.49860915089513114,3008368.3729171753,19985.79502105713,3028354.1679382324,2988382.577896118,6016736.745834351,3008368.3729171753,19985.79502105713,3028354.1679382324,2988382.577896118,0.0,0.0,0.0,0.0,0.0,0,0,0,0,84,0,0.49860915089513114,0.0,179.0,179.0,179.0,0.0,0.0,0,0,0,0,0,0,0,0,0.0,179.0,179.0,0.0,84,0,0,0,0,0,0,3,537,0,0,0,0,3,179.0,0.0,0.0,0.0,0.0,0.0,0.0,0.0,0.0
10001,1.0,1,0,201,0,201.0,201.0,201.0,0.0,0.0,0.0,0.0,0.0,201000000.0,1000000.0,0.0,0.0,0.0,0.0,0.0,0.0,0.0,0.0,0.0,0.0,0.0,0.0,0.0,0.0,0,0,0,0,28,0,1000000.0,0.0,201.0,201.0,201.0,0.0,0.0,0,0,0,0,0,0,0,0,0.0,201.0,201.0,0.0,28,0,0,0,0,0,0,1,201,0,0,0,0,1,201.0,0.0,0.0,0.0,0.0,0.0,0.0,0.0,0.0
37810,1.0,1,0,806,0,806.0,806.0,806.0,0.0,0.0,0.0,0.0,0.0,806000000.0,1000000.0,0.0,0.0,0.0,0.0,0.0,0.0,0.0,0.0,0.0,0.0,0.0,0.0,0.0,0.0,0,0,0,0,28,0,1000000.0,0.0,806.0,806.0,806.0,0.0,0.0,0,0,0,0,0,0,0,0,0.0,806.0,806.0,0.0,28,0,0,0,0,0,0,1,806,0,0,0,0,1,806.0,0.0,0.0,0.0,0.0,0.0,0.0,0.0,0.0
5355,485949.0394592285,2,0,132,0,66.0,66.0,66.0,0.0,0.0,0.0,0.0,0.0,271.63342095889647,4.115657893316613,485949.0394592285,0.0,485949.0394592285,485949.0394592285,485949.0394592285,485949.0394592285,0.0,485949.0394592285,485949.0394592285,0.0,0.0,0.0,0.0,0.0,0,0,0,0,56,0,4.115657893316613,0.0,66.0,66.0,66.0,0.0,0.0,0,0,0,0,0,0,0,0,0.0,66.0,66.0,0.0,56,0,0,0,0,0,0,2,132,0,0,0,0,2,66.0,0.0,0.0,0.0,0.0,0.0,0.0,0.0,0.0
0,497179.5082092285,5,0,294,0,70.0,54.0,58.8,6.4,0.0,0.0,0.0,0.0,591.3357150598325,10.056729847956335,124294.87705230713,143713.69758515002,354592.32330322266,930.0708770751953,497179.5082092285,124294.87705230713,143713.69758515002,354592.32330322266,930.0708770751953,0.0,0.0,0.0,0.0,0.0,0,0,0,0,120,0,10.056729847956335,0.0,54.0,70.0,58.8,6.4,40.96000000000001,0,0,0,0,0,0,0,0,0.0,58.8,58.8,0.0,120,0,0,0,0,0,0,5,294,0,0,0,0,5,54.0,0.0,0.0,0.0,0.0,0.0,0.0,0.0,0.0
5355,1.0,1,0,69,0,69.0,69.0,69.0,0.0,0.0,0.0,0.0,0.0,69000000.0,1000000.0,0.0,0.0,0.0,0.0,0.0,0.0,0.0,0.0,0.0,0.0,0.0,0.0,0.0,0.0,0,0,0,0,28,0,1000000.0,0.0,69.0,69.0,69.0,0.0,0.0,0,0,0,0,0,0,0,0,0.0,69.0,69.0,0.0,28,0,0,0,0,0,0,1,69,0,0,0,0,1,69.0,0.0,0.0,0.0,0.0,0.0,0.0,0.0,0.0
137,2257704.019546509,12,0,1320,0,110.0,110.0,110.0,0.0,0.0,0.0,0.0,0.0,584.6647694170028,5.3151342674272986,205245.81995877353,311788.3725437303,725849.6284484863,300.40740966796875,2257704.019546509,205245.81995877353,311788.3725437303,725849.6284484863,300.40740966796875,0.0,0.0,0.0,0.0,0.0,0,0,0,0,336,0,5.3151342674272986,0.0,110.0,110.0,110.0,0.0,0.0,0,0,0,0,0,0,0,0,0.0,110.0,110.0,0.0,336,0,0,0,0,0,0,12,1320,0,0,0,0,12,110.0,0.0,0.0,0.0,0.0,0.0,0.0,0.0,0.0
1900,1.0,1,0,175,0,175.0,175.0,175.0,0.0,0.0,0.0,0.0,0.0,175000000.0,1000000.0,0.0,0.0,0.0,0.0,0.0,0.0,0.0,0.0,0.0,0.0,0.0,0.0,0.0,0.0,0,0,0,0,28,0,1000000.0,0.0,175.0,175.0,175.0,0.0,0.0,0,0,0,0,0,0,0,0,0.0,175.0,175.0,0.0,28,0,0,0,0,0,0,1,175,0,0,0,0,1,175.0,0.0,0.0,0.0,0.0,0.0,0.0,0.0,0.0
1900,1.0,1,0,175,0,175.0,175.0,175.0,0.0,0.0,0.0,0.0,0.0,175000000.0,1000000.0,0.0,0.0,0.0,0.0,0.0,0.0,0.0,0.0,0.0,0.0,0.0,0.0,0.0,0.0,0,0,0,0,28,0,1000000.0,0.0,175.0,175.0,175.0,0.0,0.0,0,0,0,0,0,0,0,0,0.0,175.0,175.0,0.0,28,0,0,0,0,0,0,1,175,0,0,0,0,1,175.0,0.0,0.0,0.0,0.0,0.0,0.0,0.0,0.0
5353,1733296.3943481445,5,0,699,0,213.0,91.0,139.8,59.767549723909546,0.0,0.0,0.0,0.0,403.27782500400275,2.884676859828346,433324.09858703613,383649.24487270403,1097591.8769836426,195340.63339233398,1733296.3943481445,433324.09858703613,383649.24487270403,1097591.8769836426,195340.63339233398,0.0,0.0,0.0,0.0,0.0,0,0,0,0,140,0,2.884676859828346,0.0,91.0,213.0,139.8,59.767549723909546,3572.1600000000003,0,0,0,0,0,0,0,0,0.0,139.8,139.8,0.0,140,0,0,0,0,0,0,5,699,0,0,0,0,5,91.0,0.0,0.0,0.0,0.0,0.0,0.0,0.0,0.0
1900,2970196.9623565674,4,0,848,0,212.0,212.0,212.0,0.0,0.0,0.0,0.0,0.0,285.50295173933284,1.3467120365062868,990065.6541188558,28251.207621995956,1025870.0847625732,956809.9975585938,2970196.9623565674,990065.6541188558,28251.207621995956,1025870.0847625732,956809.9975585938,0.0,0.0,0.0,0.0,0.0,0,0,0,0,112,0,1.3467120365062868,0.0,212.0,212.0,212.0,0.0,0.0,0,0,0,0,0,0,0,0,0.0,212.0,212.0,0.0,112,0,0,0,0,0,0,4,848,0,0,0,0,4,212.0,0.0,0.0,0.0,0.0,0.0,0.0,0.0,0.0
1900,1.0,1,0,179,0,179.0,179.0,179.0,0.0,0.0,0.0,0.0,0.0,179000000.0,1000000.0,0.0,0.0,0.0,0.0,0.0,0.0,0.0,0.0,0.0,0.0,0.0,0.0,0.0,0.0,0,0,0,0,28,0,1000000.0,0.0,179.0,179.0,179.0,0.0,0.0,0,0,0,0,0,0,0,0,0.0,179.0,179.0,0.0,28,0,0,0,0,0,0,1,179,0,0,0,0,1,179.0,0.0,0.0,0.0,0.0,0.0,0.0,0.0,0.0
1900,1.0,1,0,167,0,167.0,167.0,167.0,0.0,0.0,0.0,0.0,0.0,167000000.0,1000000.0,0.0,0.0,0.0,0.0,0.0,0.0,0.0,0.0,0.0,0.0,0.0,0.0,0.0,0.0,0,0,0,0,28,0,1000000.0,0.0,167.0,167.0,167.0,0.0,0.0,0,0,0,0,0,0,0,0,0.0,167.0,167.0,0.0,28,0,0,0,0,0,0,1,167,0,0,0,0,1,167.0,0.0,0.0,0.0,0.0,0.0,0.0,0.0,0.0
1900,1.0,1,0,179,0,179.0,179.0,179.0,0.0,0.0,0.0,0.0,0.0,179000000.0,1000000.0,0.0,0.0,0.0,0.0,0.0,0.0,0.0,0.0,0.0,0.0,0.0,0.0,0.0,0.0,0,0,0,0,28,0,1000000.0,0.0,179.0,179.0,179.0,0.0,0.0,0,0,0,0,0,0,0,0,0.0,179.0,179.0,0.0,28,0,0,0,0,0,0,1,179,0,0,0,0,1,179.0,0.0,0.0,0.0,0.0,0.0,0.0,0.0,0.0
53,76802.01530456543,1,1,88,792,88.0,88.0,88.0,0.0,792.0,792.0,792.0,0.0,11458.032663729973,26.04098332665903,76802.01530456543,0.0,76802.01530456543,76802.01530456543,0.0,0.0,0.0,0.0,0.0,0.0,0.0,0.0,0.0,0.0,0,0,0,0,28,28,13.020491663329516,13.020491663329516,88.0,792.0,440.0,352.0,123904.0,0,0,0,0,0,0,0,0,1.0,440.0,88.0,792.0,28,0,0,0,0,0,0,1,88,1,792,0,0,1,88.0,0.0,0.0,0.0,0.0,0.0,0.0,0.0,0.0
5355,529319.7631835938,2,0,138,0,69.0,69.0,69.0,0.0,0.0,0.0,0.0,0.0,260.71197336369795,3.7784343965753324,529319.7631835938,0.0,529319.7631835938,529319.7631835938,529319.7631835938,529319.7631835938,0.0,529319.7631835938,529319.7631835938,0.0,0.0,0.0,0.0,0.0,0,0,0,0,56,0,3.7784343965753324,0.0,69.0,69.0,69.0,0.0,0.0,0,0,0,0,0,0,0,0,0.0,69.0,69.0,0.0,56,0,0,0,0,0,0,2,138,0,0,0,0,2,69.0,0.0,0.0,0.0,0.0,0.0,0.0,0.0,0.0
37810,1.0,1,0,806,0,806.0,806.0,806.0,0.0,0.0,0.0,0.0,0.0,806000000.0,1000000.0,0.0,0.0,0.0,0.0,0.0,0.0,0.0,0.0,0.0,0.0,0.0,0.0,0.0,0.0,0,0,0,0,28,0,1000000.0,0.0,806.0,806.0,806.0,0.0,0.0,0,0,0,0,0,0,0,0,0.0,806.0,806.0,0.0,28,0,0,0,0,0,0,1,806,0,0,0,0,1,806.0,0.0,0.0,0.0,0.0,0.0,0.0,0.0,0.0
5355,415058.6128234863,2,0,138,0,69.0,69.0,69.0,0.0,0.0,0.0,0.0,0.0,332.4831619834084,4.8185965504841795,415058.6128234863,0.0,415058.6128234863,415058.6128234863,415058.6128234863,415058.6128234863,0.0,415058.6128234863,415058.6128234863,0.0,0.0,0.0,0.0,0.0,0,0,0,0,56,0,4.8185965504841795,0.0,69.0,69.0,69.0,0.0,0.0,0,0,0,0,0,0,0,0,0.0,69.0,69.0,0.0,56,0,0,0,0,0,0,2,138,0,0,0,0,2,69.0,0.0,0.0,0.0,0.0,0.0,0.0,0.0,0.0
138,1.0,1,0,243,0,243.0,243.0,243.0,0.0,0.0,0.0,0.0,0.0,243000000.0,1000000.0,0.0,0.0,0.0,0.0,0.0,0.0,0.0,0.0,0.0,0.0,0.0,0.0,0.0,0.0,0,0,0,0,28,0,1000000.0,0.0,243.0,243.0,243.0,0.0,0.0,0,0,0,0,0,0,0,0,0.0,243.0,243.0,0.0,28,0,0,0,0,0,0,1,243,0,0,0,0,1,243.0,0.0,0.0,0.0,0.0,0.0,0.0,0.0,0.0
443,90127649.30725098,3,2,165,120,55.0,55.0,55.0,0.0,66.0,54.0,60.0,6.0,3.162181663347466,0.05547687128679765,22531912.326812744,22480842.33079542,45014467.95463562,44902.56309509277,90070410.96687317,45035205.483436584,24165.034294128418,45059370.51773071,45011040.449142456,90082746.74415588,90082746.74415588,0.0,90082746.74415588,90082746.74415588,0,0,0,0,120,92,0.03328612277207859,0.022190748514719062,54.0,66.0,57.0,4.516635916254486,20.399999999999995,0,0,1,0,4,0,0,0,0.6666666666666666,57.0,55.0,60.0,120,0,0,0,0,0,0,3,165,2,120,0,0,3,55.0,0.0,0.0,0.0,0.0,0.0,0.0,0.0,0.0
443,31814327.716827393,2,3,2584,1917,1292.0,1292.0,1292.0,0.0,1292.0,280.0,639.0,462.5026126052335,141.47713696993537,0.1571618939901526,7953581.929206848,4035905.3651286648,12901802.062988281,1733449.2206573486,1733449.2206573486,1733449.2206573486,0.0,1733449.2206573486,1733449.2206573486,20726384.63973999,10363192.319869995,2538609.743118286,12901802.062988281,7824582.576751709,0,0,0,0,56,84,0.06286475759606104,0.09429713639409155,280.0,1292.0,900.2,480.2950759689298,230683.36000000002,0,0,0,0,0,0,0,0,1.5,900.2,1292.0,639.0,56,0,0,0,0,0,0,2,2584,3,1917,0,0,2,1292.0,0.0,0.0,0.0,0.0,0.0,0.0,0.0,0.0
5353,19995016.57485962,2,0,206,0,103.0,103.0,103.0,0.0,0.0,0.0,0.0,0.0,10.302567103595726,0.10002492333588084,19995016.57485962,0.0,19995016.57485962,19995016.57485962,19995016.57485962,19995016.57485962,0.0,19995016.57485962,19995016.57485962,0.0,0.0,0.0,0.0,0.0,0,0,0,0,56,0,0.10002492333588084,0.0,103.0,103.0,103.0,0.0,0.0,0,0,0,0,0,0,0,0,0.0,103.0,103.0,0.0,56,0,0,0,0,0,0,2,206,0,0,0,0,2,103.0,0.0,0.0,0.0,0.0,0.0,0.0,0.0,0.0
5353,20195723.53363037,2,0,238,0,119.0,119.0,119.0,0.0,0.0,0.0,0.0,0.0,11.784673106842499,0.09903086644405461,20195723.53363037,0.0,20195723.53363037,20195723.53363037,20195723.53363037,20195723.53363037,0.0,20195723.53363037,20195723.53363037,0.0,0.0,0.0,0.0,0.0,0,0,0,0,56,0,0.09903086644405461,0.0,119.0,119.0,119.0,0.0,0.0,0,0,0,0,0,0,0,0,0.0,119.0,119.0,0.0,56,0,0,0,0,0,0,2,238,0,0,0,0,2,119.0,0.0,0.0,0.0,0.0,0.0,0.0,0.0,0.0
137,16222042.083740234,20,0,2200,0,110.0,110.0,110.0,0.0,0.0,0.0,0.0,0.0,135.61794431572312,1.2328904028702101,853791.6886179071,2390898.6046390347,10889453.649520874,817.2988891601562,16222042.083740234,853791.6886179071,2390898.6046390347,10889453.649520874,817.2988891601562,0.0,0.0,0.0,0.0,0.0,0,0,0,0,560,0,1.2328904028702101,0.0,110.0,110.0,110.0,0.0,0.0,0,0,0,0,0,0,0,0,0.0,110.0,110.0,0.0,560,0,0,0,0,0,0,20,2200,0,0,0,0,20,110.0,0.0,0.0,0.0,0.0,0.0,0.0,0.0,0.0
1900,3052506.685256958,4,0,848,0,212.0,212.0,212.0,0.0,0.0,0.0,0.0,0.0,277.8044693876292,1.3103984405076847,1017502.2284189861,65194.86243526355,1089981.7943572998,931910.7532501221,3052506.685256958,1017502.2284189861,65194.86243526355,1089981.7943572998,931910.7532501221,0.0,0.0,0.0,0.0,0.0,0,0,0,0,112,0,1.3103984405076847,0.0,212.0,212.0,212.0,0.0,0.0,0,0,0,0,0,0,0,0,0.0,212.0,212.0,0.0,112,0,0,0,0,0,0,4,848,0,0,0,0,4,212.0,0.0,0.0,0.0,0.0,0.0,0.0,0.0,0.0
1900,6018109.083175659,3,0,537,0,179.0,179.0,179.0,0.0,0.0,0.0,0.0,0.0,89.23068568186102,0.4984954507366537,3009054.5415878296,21780.61008453369,3030835.1516723633,2987273.931503296,6018109.083175659,3009054.5415878296,21780.61008453369,3030835.1516723633,2987273.931503296,0.0,0.0,0.0,0.0,0.0,0,0,0,0,84,0,0.4984954507366537,0.0,179.0,179.0,179.0,0.0,0.0,0,0,0,0,0,0,0,0,0.0,179.0,179.0,0.0,84,0,0,0,0,0,0,3,537,0,0,0,0,3,179.0,0.0,0.0,0.0,0.0,0.0,0.0,0.0,0.0
1900,6017405.271530151,3,0,537,0,179.0,179.0,179.0,0.0,0.0,0.0,0.0,0.0,89.24112233900568,0.4985537560838307,3008702.6357650757,22386.43169403076,3031089.0674591064,2986316.204071045,6017405.271530151,3008702.6357650757,22386.43169403076,3031089.0674591064,2986316.204071045,0.0,0.0,0.0,0.0,0.0,0,0,0,0,84,0,0.4985537560838307,0.0,179.0,179.0,179.0,0.0,0.0,0,0,0,0,0,0,0,0,0.0,179.0,179.0,0.0,84,0,0,0,0,0,0,3,537,0,0,0,0,3,179.0,0.0,0.0,0.0,0.0,0.0,0.0,0.0,0.0
138,6554209.94758606,3,0,648,0,216.0,216.0,216.0,0.0,0.0,0.0,0.0,0.0,98.86775144251534,0.4577210714931266,3277104.97379303,45449.137687683105,3322554.111480713,3231655.8361053467,6554209.94758606,3277104.97379303,45449.137687683105,3322554.111480713,3231655.8361053467,0.0,0.0,0.0,0.0,0.0,0,0,0,0,84,0,0.4577210714931266,0.0,216.0,216.0,216.0,0.0,0.0,0,0,0,0,0,0,0,0,0.0,216.0,216.0,0.0,84,0,0,0,0,0,0,3,648,0,0,0,0,3,216.0,0.0,0.0,0.0,0.0,0.0,0.0,0.0,0.0
137,8084912.300109863,9,0,828,0,92.0,92.0,92.0,0.0,0.0,0.0,0.0,0.0,102.41298473809648,1.11318461671844,1010614.0375137329,412493.04421374714,1787406.2061309814,694108.7245941162,8084912.300109863,1010614.0375137329,412493.04421374714,1787406.2061309814,694108.7245941162,0.0,0.0,0.0,0.0,0.0,0,0,0,0,252,0,1.11318461671844,0.0,92.0,92.0,92.0,0.0,0.0,0,0,0,0,0,0,0,0,0.0,92.0,92.0,0.0,252,0,0,0,0,0,0,9,828,0,0,0,0,9,92.0,0.0,0.0,0.0,0.0,0.0,0.0,0.0,0.0
5355,1.0,1,0,75,0,75.0,75.0,75.0,0.0,0.0,0.0,0.0,0.0,75000000.0,1000000.0,0.0,0.0,0.0,0.0,0.0,0.0,0.0,0.0,0.0,0.0,0.0,0.0,0.0,0.0,0,0,0,0,28,0,1000000.0,0.0,75.0,75.0,75.0,0.0,0.0,0,0,0,0,0,0,0,0,0.0,75.0,75.0,0.0,28,0,0,0,0,0,0,1,75,0,0,0,0,1,75.0,0.0,0.0,0.0,0.0,0.0,0.0,0.0,0.0
1900,10144767.045974731,9,0,1611,0,179.0,179.0,179.0,0.0,0.0,0.0,0.0,0.0,158.80108362263647,0.8871568917465724,1268095.8807468414,883772.9708772497,2967905.282974243,6755.11360168457,10144767.045974731,1268095.8807468414,883772.9708772497,2967905.282974243,6755.11360168457,0.0,0.0,0.0,0.0,0.0,0,0,0,0,252,0,0.8871568917465724,0.0,179.0,179.0,179.0,0.0,0.0,0,0,0,0,0,0,0,0,0.0,179.0,179.0,0.0,252,0,0,0,0,0,0,9,1611,0,0,0,0,9,179.0,0.0,0.0,0.0,0.0,0.0,0.0,0.0,0.0
10001,1.0,1,0,201,0,201.0,201.0,201.0,0.0,0.0,0.0,0.0,0.0,201000000.0,1000000.0,0.0,0.0,0.0,0.0,0.0,0.0,0.0,0.0,0.0,0.0,0.0,0.0,0.0,0.0,0,0,0,0,28,0,1000000.0,0.0,201.0,201.0,201.0,0.0,0.0,0,0,0,0,0,0,0,0,0.0,201.0,201.0,0.0,28,0,0,0,0,0,0,1,201,0,0,0,0,1,201.0,0.0,0.0,0.0,0.0,0.0,0.0,0.0,0.0
138,9028394.937515259,9,0,2067,0,243.0,222.0,229.66666666666666,7.363574011458174,0.0,0.0,0.0,0.0,228.94434883559353,0.9968549296179688,1128549.3671894073,558689.2184315248,1543968.4391021729,2533.1974029541016,9028394.937515259,1128549.3671894073,558689.2184315248,1543968.4391021729,2533.1974029541016,0.0,0.0,0.0,0.0,0.0,0,0,0,0,252,0,0.9968549296179688,0.0,222.0,243.0,229.66666666666666,7.363574011458174,54.22222222222222,0,0,0,0,0,0,0,0,0.0,229.66666666666666,229.66666666666666,0.0,252,0,0,0,0,0,0,9,2067,0,0,0,0,9,222.0,0.0,0.0,0.0,0.0,0.0,0.0,0.0,0.0
1900,1.0,1,0,167,0,167.0,167.0,167.0,0.0,0.0,0.0,0.0,0.0,167000000.0,1000000.0,0.0,0.0,0.0,0.0,0.0,0.0,0.0,0.0,0.0,0.0,0.0,0.0,0.0,0.0,0,0,0,0,28,0,1000000.0,0.0,167.0,167.0,167.0,0.0,0.0,0,0,0,0,0,0,0,0,0.0,167.0,167.0,0.0,28,0,0,0,0,0,0,1,167,0,0,0,0,1,167.0,0.0,0.0,0.0,0.0,0.0,0.0,0.0,0.0
53,2081028.2230377197,2,1,176,971,88.0,88.0,88.0,0.0,971.0,971.0,971.0,0.0,551.1698434948183,1.44159505709194,1040514.1115188599,987722.9928970337,2028237.1044158936,52791.11862182617,2028237.1044158936,2028237.1044158936,0.0,2028237.1044158936,2028237.1044158936,0.0,0.0,0.0,0.0,0.0,0,0,0,0,56,28,0.9610633713946266,0.4805316856973133,88.0,971.0,382.3333333333333,416.250191858481,173264.22222222225,0,0,0,0,0,0,0,0,0.5,382.3333333333333,88.0,971.0,56,0,0,0,0,0,0,2,176,1,971,0,0,2,88.0,0.0,0.0,0.0,0.0,0.0,0.0,0.0,0.0
53,1.0,1,0,88,0,88.0,88.0,88.0,0.0,0.0,0.0,0.0,0.0,88000000.0,1000000.0,0.0,0.0,0.0,0.0,0.0,0.0,0.0,0.0,0.0,0.0,0.0,0.0,0.0,0.0,0,0,0,0,28,0,1000000.0,0.0,88.0,88.0,88.0,0.0,0.0,0,0,0,0,0,0,0,0,0.0,88.0,88.0,0.0,28,0,0,0,0,0,0,1,88,0,0,0,0,1,88.0,0.0,0.0,0.0,0.0,0.0,0.0,0.0,0.0
53,1.0,1,0,80,0,80.0,80.0,80.0,0.0,0.0,0.0,0.0,0.0,80000000.0,1000000.0,0.0,0.0,0.0,0.0,0.0,0.0,0.0,0.0,0.0,0.0,0.0,0.0,0.0,0.0,0,0,0,0,28,0,1000000.0,0.0,80.0,80.0,80.0,0.0,0.0,0,0,0,0,0,0,0,0,0.0,80.0,80.0,0.0,28,0,0,0,0,0,0,1,80,0,0,0,0,1,80.0,0.0,0.0,0.0,0.0,0.0,0.0,0.0,0.0
0,788626.9092559814,4,0,216,0,54.0,54.0,54.0,0.0,0.0,0.0,0.0,0.0,273.89377342421915,5.072106915263317,262875.63641866046,296622.2825798155,682341.0987854004,49439.90707397461,788626.9092559814,262875.63641866046,296622.2825798155,682341.0987854004,49439.90707397461,0.0,0.0,0.0,0.0,0.0,0,0,0,0,96,0,5.072106915263317,0.0,54.0,54.0,54.0,0.0,0.0,0,0,0,0,0,0,0,0,0.0,54.0,54.0,0.0,96,0,0,0,0,0,0,4,216,0,0,0,0,4,54.0,0.0,0.0,0.0,0.0,0.0,0.0,0.0,0.0
138,1.0,1,0,243,0,243.0,243.0,243.0,0.0,0.0,0.0,0.0,0.0,243000000.0,1000000.0,0.0,0.0,0.0,0.0,0.0,0.0,0.0,0.0,0.0,0.0,0.0,0.0,0.0,0.0,0,0,0,0,28,0,1000000.0,0.0,243.0,243.0,243.0,0.0,0.0,0,0,0,0,0,0,0,0,0.0,243.0,243.0,0.0,28,0,0,0,0,0,0,1,243,0,0,0,0,1,243.0,0.0,0.0,0.0,0.0,0.0,0.0,0.0,0.0
37810,1.0,1,0,728,0,728.0,728.0,728.0,0.0,0.0,0.0,0.0,0.0,728000000.0,1000000.0,0.0,0.0,0.0,0.0,0.0,0.0,0.0,0.0,0.0,0.0,0.0,0.0,0.0,0.0,0,0,0,0,28,0,1000000.0,0.0,728.0,728.0,728.0,0.0,0.0,0,0,0,0,0,0,0,0,0.0,728.0,728.0,0.0,28,0,0,0,0,0,0,1,728,0,0,0,0,1,728.0,0.0,0.0,0.0,0.0,0.0,0.0,0.0,0.0
53,56925.77362060547,1,1,80,531,80.0,80.0,80.0,0.0,531.0,531.0,531.0,0.0,10733.275301134174,35.13347070747684,56925.77362060547,0.0,56925.77362060547,56925.77362060547,0.0,0.0,0.0,0.0,0.0,0.0,0.0,0.0,0.0,0.0,0,0,0,0,28,28,17.56673535373842,17.56673535373842,80.0,531.0,305.5,225.5,50850.25,0,0,0,0,0,0,0,0,1.0,305.5,80.0,531.0,28,0,0,0,0,0,0,1,80,1,531,0,0,1,80.0,0.0,0.0,0.0,0.0,0.0,0.0,0.0,0.0
37810,1.0,1,0,828,0,828.0,828.0,828.0,0.0,0.0,0.0,0.0,0.0,828000000.0,1000000.0,0.0,0.0,0.0,0.0,0.0,0.0,0.0,0.0,0.0,0.0,0.0,0.0,0.0,0.0,0,0,0,0,28,0,1000000.0,0.0,828.0,828.0,828.0,0.0,0.0,0,0,0,0,0,0,0,0,0.0,828.0,828.0,0.0,28,0,0,0,0,0,0,1,828,0,0,0,0,1,828.0,0.0,0.0,0.0,0.0,0.0,0.0,0.0,0.0
37810,1.0,1,0,732,0,732.0,732.0,732.0,0.0,0.0,0.0,0.0,0.0,732000000.0,1000000.0,0.0,0.0,0.0,0.0,0.0,0.0,0.0,0.0,0.0,0.0,0.0,0.0,0.0,0.0,0,0,0,0,28,0,1000000.0,0.0,732.0,732.0,732.0,0.0,0.0,0,0,0,0,0,0,0,0,0.0,732.0,732.0,0.0,28,0,0,0,0,0,0,1,732,0,0,0,0,1,732.0,0.0,0.0,0.0,0.0,0.0,0.0,0.0,0.0
0,105232.00035095215,5,0,270,0,54.0,54.0,54.0,0.0,0.0,0.0,0.0,0.0,2565.7594562446898,47.51406400453129,26308.000087738037,44846.0833029456,103982.44857788086,207.66258239746094,105232.00035095215,26308.000087738037,44846.0833029456,103982.44857788086,207.66258239746094,0.0,0.0,0.0,0.0,0.0,0,0,0,0,120,0,47.51406400453129,0.0,54.0,54.0,54.0,0.0,0.0,0,0,0,0,0,0,0,0,0.0,54.0,54.0,0.0,120,0,0,0,0,0,0,5,270,0,0,0,0,5,54.0,0.0,0.0,0.0,0.0,0.0,0.0,0.0,0.0
5353,809.4310760498047,2,0,200,0,119.0,81.0,100.0,19.0,0.0,0.0,0.0,0.0,247087.12812960235,2470.8712812960234,809.4310760498047,0.0,809.4310760498047,809.4310760498047,809.4310760498047,809.4310760498047,0.0,809.4310760498047,809.4310760498047,0.0,0.0,0.0,0.0,0.0,0,0,0,0,56,0,2470.8712812960234,0.0,81.0,119.0,100.0,19.0,361.0,0,0,0,0,0,0,0,0,0.0,100.0,100.0,0.0,56,0,0,0,0,0,0,2,200,0,0,0,0,2,81.0,0.0,0.0,0.0,0.0,0.0,0.0,0.0,0.0
5355,1.0,1,0,75,0,75.0,75.0,75.0,0.0,0.0,0.0,0.0,0.0,75000000.0,1000000.0,0.0,0.0,0.0,0.0,0.0,0.0,0.0,0.0,0.0,0.0,0.0,0.0,0.0,0.0,0,0,0,0,28,0,1000000.0,0.0,75.0,75.0,75.0,0.0,0.0,0,0,0,0,0,0,0,0,0.0,75.0,75.0,0.0,28,0,0,0,0,0,0,1,75,0,0,0,0,1,75.0,0.0,0.0,0.0,0.0,0.0,0.0,0.0,0.0
37810,1.0,1,0,806,0,806.0,806.0,806.0,0.0,0.0,0.0,0.0,0.0,806000000.0,1000000.0,0.0,0.0,0.0,0.0,0.0,0.0,0.0,0.0,0.0,0.0,0.0,0.0,0.0,0.0,0,0,0,0,28,0,1000000.0,0.0,806.0,806.0,806.0,0.0,0.0,0,0,0,0,0,0,0,0,0.0,806.0,806.0,0.0,28,0,0,0,0,0,0,1,806,0,0,0,0,1,806.0,0.0,0.0,0.0,0.0,0.0,0.0,0.0,0.0
10001,1.0,1,0,201,0,201.0,201.0,201.0,0.0,0.0,0.0,0.0,0.0,201000000.0,1000000.0,0.0,0.0,0.0,0.0,0.0,0.0,0.0,0.0,0.0,0.0,0.0,0.0,0.0,0.0,0,0,0,0,28,0,1000000.0,0.0,201.0,201.0,201.0,0.0,0.0,0,0,0,0,0,0,0,0,0.0,201.0,201.0,0.0,28,0,0,0,0,0,0,1,201,0,0,0,0,1,201.0,0.0,0.0,0.0,0.0,0.0,0.0,0.0,0.0
37810,1.0,1,0,731,0,731.0,731.0,731.0,0.0,0.0,0.0,0.0,0.0,731000000.0,1000000.0,0.0,0.0,0.0,0.0,0.0,0.0,0.0,0.0,0.0,0.0,0.0,0.0,0.0,0.0,0,0,0,0,28,0,1000000.0,0.0,731.0,731.0,731.0,0.0,0.0,0,0,0,0,0,0,0,0,0.0,731.0,731.0,0.0,28,0,0,0,0,0,0,1,731,0,0,0,0,1,731.0,0.0,0.0,0.0,0.0,0.0,0.0,0.0,0.0
62976,1.0,1,0,264,0,264.0,264.0,264.0,0.0,0.0,0.0,0.0,0.0,264000000.0,1000000.0,0.0,0.0,0.0,0.0,0.0,0.0,0.0,0.0,0.0,0.0,0.0,0.0,0.0,0.0,0,0,0,0,28,0,1000000.0,0.0,264.0,264.0,264.0,0.0,0.0,0,0,0,0,0,0,0,0,0.0,264.0,264.0,0.0,28,0,0,0,0,0,0,1,264,0,0,0,0,1,264.0,0.0,0.0,0.0,0.0,0.0,0.0,0.0,0.0
0,133946.65718078613,2,0,108,0,54.0,54.0,54.0,0.0,0.0,0.0,0.0,0.0,806.2911182190516,14.93131700405651,133946.65718078613,0.0,133946.65718078613,133946.65718078613,133946.65718078613,133946.65718078613,0.0,133946.65718078613,133946.65718078613,0.0,0.0,0.0,0.0,0.0,0,0,0,0,48,0,14.93131700405651,0.0,54.0,54.0,54.0,0.0,0.0,0,0,0,0,0,0,0,0,0.0,54.0,54.0,0.0,48,0,0,0,0,0,0,2,108,0,0,0,0,2,54.0,0.0,0.0,0.0,0.0,0.0,0.0,0.0,0.0
1900,1.0,1,0,143,0,143.0,143.0,143.0,0.0,0.0,0.0,0.0,0.0,143000000.0,1000000.0,0.0,0.0,0.0,0.0,0.0,0.0,0.0,0.0,0.0,0.0,0.0,0.0,0.0,0.0,0,0,0,0,28,0,1000000.0,0.0,143.0,143.0,143.0,0.0,0.0,0,0,0,0,0,0,0,0,0.0,143.0,143.0,0.0,28,0,0,0,0,0,0,1,143,0,0,0,0,1,143.0,0.0,0.0,0.0,0.0,0.0,0.0,0.0,0.0
137,1.0,1,0,110,0,110.0,110.0,110.0,0.0,0.0,0.0,0.0,0.0,110000000.0,1000000.0,0.0,0.0,0.0,0.0,0.0,0.0,0.0,0.0,0.0,0.0,0.0,0.0,0.0,0.0,0,0,0,0,28,0,1000000.0,0.0,110.0,110.0,110.0,0.0,0.0,0,0,0,0,0,0,0,0,0.0,110.0,110.0,0.0,28,0,0,0,0,0,0,1,110,0,0,0,0,1,110.0,0.0,0.0,0.0,0.0,0.0,0.0,0.0,0.0
138,1.0,1,0,243,0,243.0,243.0,243.0,0.0,0.0,0.0,0.0,0.0,243000000.0,1000000.0,0.0,0.0,0.0,0.0,0.0,0.0,0.0,0.0,0.0,0.0,0.0,0.0,0.0,0.0,0,0,0,0,28,0,1000000.0,0.0,243.0,243.0,243.0,0.0,0.0,0,0,0,0,0,0,0,0,0.0,243.0,243.0,0.0,28,0,0,0,0,0,0,1,243,0,0,0,0,1,243.0,0.0,0.0,0.0,0.0,0.0,0.0,0.0,0.0
137,173261.16561889648,6,0,660,0,110.0,110.0,110.0,0.0,0.0,0.0,0.0,0.0,3809.2783090916596,34.62980280992418,34652.2331237793,66602.3543870311,167856.93168640137,1306.5338134765625,173261.16561889648,34652.2331237793,66602.3543870311,167856.93168640137,1306.5338134765625,0.0,0.0,0.0,0.0,0.0,0,0,0,0,168,0,34.62980280992418,0.0,110.0,110.0,110.0,0.0,0.0,0,0,0,0,0,0,0,0,0.0,110.0,110.0,0.0,168,0,0,0,0,0,0,6,660,0,0,0,0,6,110.0,0.0,0.0,0.0,0.0,0.0,0.0,0.0,0.0
0,403973.1025695801,5,0,270,0,54.0,54.0,54.0,0.0,0.0,0.0,0.0,0.0,668.3613297088149,12.37706166127435,100993.27564239502,132920.83163263396,324881.07681274414,919.342041015625,403973.1025695801,100993.27564239502,132920.83163263396,324881.07681274414,919.342041015625,0.0,0.0,0.0,0.0,0.0,0,0,0,0,120,0,12.37706166127435,0.0,54.0,54.0,54.0,0.0,0.0,0,0,0,0,0,0,0,0,0.0,54.0,54.0,0.0,120,0,0,0,0,0,0,5,270,0,0,0,0,5,54.0,0.0,0.0,0.0,0.0,0.0,0.0,0.0,0.0
5353,17167.329788208008,4,0,400,0,119.0,81.0,100.0,19.0,0.0,0.0,0.0,0.0,23300.070828414693,233.00070828414692,5722.443262736003,2638.995234509572,9343.624114990234,3129.720687866211,17167.329788208008,5722.443262736003,2638.995234509572,9343.624114990234,3129.720687866211,0.0,0.0,0.0,0.0,0.0,0,0,0,0,112,0,233.00070828414692,0.0,81.0,119.0,100.0,19.0,361.0,0,0,0,0,0,0,0,0,0.0,100.0,100.0,0.0,112,0,0,0,0,0,0,4,400,0,0,0,0,4,81.0,0.0,0.0,0.0,0.0,0.0,0.0,0.0,0.0
5355,1.0,1,0,75,0,75.0,75.0,75.0,0.0,0.0,0.0,0.0,0.0,75000000.0,1000000.0,0.0,0.0,0.0,0.0,0.0,0.0,0.0,0.0,0.0,0.0,0.0,0.0,0.0,0.0,0,0,0,0,28,0,1000000.0,0.0,75.0,75.0,75.0,0.0,0.0,0,0,0,0,0,0,0,0,0.0,75.0,75.0,0.0,28,0,0,0,0,0,0,1,75,0,0,0,0,1,75.0,0.0,0.0,0.0,0.0,0.0,0.0,0.0,0.0
5355,1.0,1,0,75,0,75.0,75.0,75.0,0.0,0.0,0.0,0.0,0.0,75000000.0,1000000.0,0.0,0.0,0.0,0.0,0.0,0.0,0.0,0.0,0.0,0.0,0.0,0.0,0.0,0.0,0,0,0,0,28,0,1000000.0,0.0,75.0,75.0,75.0,0.0,0.0,0,0,0,0,0,0,0,0,0.0,75.0,75.0,0.0,28,0,0,0,0,0,0,1,75,0,0,0,0,1,75.0,0.0,0.0,0.0,0.0,0.0,0.0,0.0,0.0
37810,1.0,1,0,828,0,828.0,828.0,828.0,0.0,0.0,0.0,0.0,0.0,828000000.0,1000000.0,0.0,0.0,0.0,0.0,0.0,0.0,0.0,0.0,0.0,0.0,0.0,0.0,0.0,0.0,0,0,0,0,28,0,1000000.0,0.0,828.0,828.0,828.0,0.0,0.0,0,0,0,0,0,0,0,0,0.0,828.0,828.0,0.0,28,0,0,0,0,0,0,1,828,0,0,0,0,1,828.0,0.0,0.0,0.0,0.0,0.0,0.0,0.0,0.0
5355,1.0,1,0,75,0,75.0,75.0,75.0,0.0,0.0,0.0,0.0,0.0,75000000.0,1000000.0,0.0,0.0,0.0,0.0,0.0,0.0,0.0,0.0,0.0,0.0,0.0,0.0,0.0,0.0,0,0,0,0,28,0,1000000.0,0.0,75.0,75.0,75.0,0.0,0.0,0,0,0,0,0,0,0,0,0.0,75.0,75.0,0.0,28,0,0,0,0,0,0,1,75,0,0,0,0,1,75.0,0.0,0.0,0.0,0.0,0.0,0.0,0.0,0.0
5355,1.0,1,0,75,0,75.0,75.0,75.0,0.0,0.0,0.0,0.0,0.0,75000000.0,1000000.0,0.0,0.0,0.0,0.0,0.0,0.0,0.0,0.0,0.0,0.0,0.0,0.0,0.0,0.0,0,0,0,0,28,0,1000000.0,0.0,75.0,75.0,75.0,0.0,0.0,0,0,0,0,0,0,0,0,0.0,75.0,75.0,0.0,28,0,0,0,0,0,0,1,75,0,0,0,0,1,75.0,0.0,0.0,0.0,0.0,0.0,0.0,0.0,0.0
443,79695882.08198547,14,10,2074,3611,701.0,54.0,148.14285714285714,169.37905805064113,1514.0,54.0,361.1,485.9204564535229,71.33367310185079,0.30114479409752315,3465038.351390673,15972139.270357516,78379987.95509338,519.5140838623047,79695882.08198547,6130452.467845037,20856907.22223237,78379987.95509338,923.8719940185547,79510249.61471558,8834472.179412842,24693711.76427095,78678351.40228271,519.5140838623047,6,5,0,0,572,412,0.1756677965568885,0.12547699754063465,54.0,1514.0,236.875,355.1632620476579,126140.94270833331,2,2,0,11,23,0,0,0,0.7142857142857143,236.875,148.14285714285714,361.1,572,0,0,0,0,0,0,14,2074,10,3611,0,0,10,54.0,0.0,0.0,0.0,0.0,0.0,0.0,0.0,0.0
443,72538419.48509216,11,12,2029,7369,592.0,54.0,184.45454545454547,203.72591375150168,1514.0,54.0,614.0833333333334,607.9625068392147,129.55892982933608,0.31707335455147156,3297200.8856860073,14932997.50488938,71728029.01268005,209.33151245117188,72538419.48509216,7253841.948509216,21506694.129623156,71773401.97563171,966.0720825195312,72422452.92663574,6583859.356966886,20603288.57370091,71736572.50404358,230.7891845703125,4,5,0,0,452,504,0.15164377826374725,0.16542957628772428,54.0,1514.0,408.60869565217394,508.6769487457193,258752.23818525515,2,2,1,9,22,0,0,0,1.0909090909090908,408.60869565217394,184.45454545454547,614.0833333333334,452,0,0,0,0,0,0,11,2029,12,7369,0,0,7,54.0,0.0,0.0,0.0,0.0,0.0,0.0,0.0,0.0
1900,18839044.57092285,11,0,1861,0,179.0,143.0,169.1818181818182,16.03302377094444,0.0,0.0,0.0,0.0,98.78420282907356,0.5838937297795858,1883904.4570922852,1673029.913938941,5752398.490905762,7101.774215698242,18839044.57092285,1883904.4570922852,1673029.913938941,5752398.490905762,7101.774215698242,0.0,0.0,0.0,0.0,0.0,0,0,0,0,308,0,0.5838937297795858,0.0,143.0,179.0,169.1818181818182,16.03302377094444,257.05785123966945,0,0,0,0,0,0,0,0,0.0,169.1818181818182,169.1818181818182,0.0,308,0,0,0,0,0,0,11,1861,0,0,0,0,11,143.0,0.0,0.0,0.0,0.0,0.0,0.0,0.0,0.0
138,11548737.76435852,9,0,2115,0,243.0,231.0,235.0,5.656854249492381,0.0,0.0,0.0,0.0,183.13689713582986,0.7793059452588504,1443592.220544815,1270591.574098077,4729205.60836792,460602.7603149414,11548737.76435852,1443592.220544815,1270591.574098077,4729205.60836792,460602.7603149414,0.0,0.0,0.0,0.0,0.0,0,0,0,0,252,0,0.7793059452588504,0.0,231.0,243.0,235.0,5.656854249492381,32.00000000000001,0,0,0,0,0,0,0,0,0.0,235.0,235.0,0.0,252,0,0,0,0,0,0,9,2115,0,0,0,0,9,231.0,0.0,0.0,0.0,0.0,0.0,0.0,0.0,0.0
3702,12572679.281234741,14,0,9548,0,698.0,666.0,682.0,16.0,0.0,0.0,0.0,0.0,759.4244461680332,1.1135255808915443,967129.1754795954,747015.4325557512,2211535.692214966,76707.12471008301,12572679.281234741,967129.1754795954,747015.4325557512,2211535.692214966,76707.12471008301,0.0,0.0,0.0,0.0,0.0,0,0,0,0,392,0,1.1135255808915443,0.0,666.0,698.0,682.0,16.0,256.0,0,0,0,0,0,0,0,0,0.0,682.0,682.0,0.0,392,0,0,0,0,0,0,14,9548,0,0,0,0,14,666.0,0.0,0.0,0.0,0.0,0.0,0.0,0.0,0.0
1900,14870579.242706299,6,0,1074,0,179.0,179.0,179.0,0.0,0.0,0.0,0.0,0.0,72.22314494082495,0.4034812566526534,2974115.8485412598,107041.13415663555,3138296.127319336,2802782.2971343994,14870579.242706299,2974115.8485412598,107041.13415663555,3138296.127319336,2802782.2971343994,0.0,0.0,0.0,0.0,0.0,0,0,0,0,168,0,0.4034812566526534,0.0,179.0,179.0,179.0,0.0,0.0,0,0,0,0,0,0,0,0,0.0,179.0,179.0,0.0,168,0,0,0,0,0,0,6,1074,0,0,0,0,6,179.0,0.0,0.0,0.0,0.0,0.0,0.0,0.0,0.0
10004,14840946.674346924,16,0,2000,0,125.0,125.0,125.0,0.0,0.0,0.0,0.0,0.0,134.76229272200453,1.0780983417760364,989396.4449564617,1397148.2399485896,3050240.993499756,468.7309265136719,14840946.674346924,989396.4449564617,1397148.2399485896,3050240.993499756,468.7309265136719,0.0,0.0,0.0,0.0,0.0,0,0,0,0,448,0,1.0780983417760364,0.0,125.0,125.0,125.0,0.0,0.0,0,0,0,0,0,0,0,0,0.0,125.0,125.0,0.0,448,0,0,0,0,0,0,16,2000,0,0,0,0,16,125.0,0.0,0.0,0.0,0.0,0.0,0.0,0.0,0.0
22222,14833630.561828613,6,0,420,0,70.0,70.0,70.0,0.0,0.0,0.0,0.0,0.0,28.314039388360268,0.40448627697657524,2966726.1123657227,64920.60274153079,3081926.5842437744,2883220.911026001,14833630.561828613,2966726.1123657227,64920.60274153079,3081926.5842437744,2883220.911026001,0.0,0.0,0.0,0.0,0.0,0,0,0,0,168,0,0.40448627697657524,0.0,70.0,70.0,70.0,0.0,0.0,0,0,0,0,0,0,0,0,0.0,70.0,70.0,0.0,168,0,0,0,0,0,0,6,420,0,0,0,0,6,70.0,0.0,0.0,0.0,0.0,0.0,0.0,0.0,0.0
22222,14832431.554794312,6,0,420,0,70.0,70.0,70.0,0.0,0.0,0.0,0.0,0.0,28.316328206095292,0.4045189743727899,2966486.3109588623,66394.65905657918,3084547.996520996,2881927.490234375,14832431.554794312,2966486.3109588623,66394.65905657918,3084547.996520996,2881927.490234375,0.0,0.0,0.0,0.0,0.0,0,0,0,0,168,0,0.4045189743727899,0.0,70.0,70.0,70.0,0.0,0.0,0,0,0,0,0,0,0,0,0.0,70.0,70.0,0.0,168,0,0,0,0,0,0,6,420,0,0,0,0,6,70.0,0.0,0.0,0.0,0.0,0.0,0.0,0.0,0.0
22222,14834340.09552002,6,0,420,0,70.0,70.0,70.0,0.0,0.0,0.0,0.0,0.0,28.31268511410496,0.40446693020149943,2966868.019104004,66911.54115551723,3086675.4055023193,2881334.7816467285,14834340.09552002,2966868.019104004,66911.54115551723,3086675.4055023193,2881334.7816467285,0.0,0.0,0.0,0.0,0.0,0,0,0,0,168,0,0.40446693020149943,0.0,70.0,70.0,70.0,0.0,0.0,0,0,0,0,0,0,0,0,0.0,70.0,70.0,0.0,168,0,0,0,0,0,0,6,420,0,0,0,0,6,70.0,0.0,0.0,0.0,0.0,0.0,0.0,0.0,0.0
22222,14827401.638031006,6,0,420,0,70.0,70.0,70.0,0.0,0.0,0.0,0.0,0.0,28.325933987161733,0.4046561998165962,2965480.327606201,65428.87919388951,3077162.504196167,2872016.668319702,14827401.638031006,2965480.327606201,65428.87919388951,3077162.504196167,2872016.668319702,0.0,0.0,0.0,0.0,0.0,0,0,0,0,168,0,0.4046561998165962,0.0,70.0,70.0,70.0,0.0,0.0,0,0,0,0,0,0,0,0,0.0,70.0,70.0,0.0,168,0,0,0,0,0,0,6,420,0,0,0,0,6,70.0,0.0,0.0,0.0,0.0,0.0,0.0,0.0,0.0
22222,14825000.524520874,5,0,350,0,70.0,70.0,70.0,0.0,0.0,0.0,0.0,0.0,23.608768136034286,0.3372681162290612,3706250.1311302185,1224993.9885125258,5826240.539550781,2951217.8897857666,14825000.524520874,3706250.1311302185,1224993.9885125258,5826240.539550781,2951217.8897857666,0.0,0.0,0.0,0.0,0.0,0,0,0,0,140,0,0.3372681162290612,0.0,70.0,70.0,70.0,0.0,0.0,0,0,0,0,0,0,0,0,0.0,70.0,70.0,0.0,140,0,0,0,0,0,0,5,350,0,0,0,0,5,70.0,0.0,0.0,0.0,0.0,0.0,0.0,0.0,0.0
22222,14827225.685119629,6,0,420,0,70.0,70.0,70.0,0.0,0.0,0.0,0.0,0.0,28.326270127627815,0.4046610018232545,2965445.137023926,64091.877738281,3072717.4282073975,2871593.952178955,14827225.685119629,2965445.137023926,64091.877738281,3072717.4282073975,2871593.952178955,0.0,0.0,0.0,0.0,0.0,0,0,0,0,168,0,0.4046610018232545,0.0,70.0,70.0,70.0,0.0,0.0,0,0,0,0,0,0,0,0,0.0,70.0,70.0,0.0,168,0,0,0,0,0,0,6,420,0,0,0,0,6,70.0,0.0,0.0,0.0,0.0,0.0,0.0,0.0,0.0
3289,14832704.067230225,6,0,336,0,56.0,56.0,56.0,0.0,0.0,0.0,0.0,0.0,22.652646373652267,0.40451154238664766,2966540.813446045,67420.1860642298,3074804.3060302734,2862492.322921753,14832704.067230225,2966540.813446045,67420.1860642298,3074804.3060302734,2862492.322921753,0.0,0.0,0.0,0.0,0.0,0,0,0,0,168,0,0.40451154238664766,0.0,56.0,56.0,56.0,0.0,0.0,0,0,0,0,0,0,0,0,0.0,56.0,56.0,0.0,168,0,0,0,0,0,0,6,336,0,0,0,0,6,56.0,0.0,0.0,0.0,0.0,0.0,0.0,0.0,0.0
3289,14831262.588500977,6,0,336,0,56.0,56.0,56.0,0.0,0.0,0.0,0.0,0.0,22.65484802760546,0.4045508576358118,2966252.5177001953,67822.4048860446,3074945.6882476807,2861256.1225891113,14831262.588500977,2966252.5177001953,67822.4048860446,3074945.6882476807,2861256.1225891113,0.0,0.0,0.0,0.0,0.0,0,0,0,0,168,0,0.4045508576358118,0.0,56.0,56.0,56.0,0.0,0.0,0,0,0,0,0,0,0,0,0.0,56.0,56.0,0.0,168,0,0,0,0,0,0,6,336,0,0,0,0,6,56.0,0.0,0.0,0.0,0.0,0.0,0.0,0.0,0.0
3289,14832586.765289307,6,0,336,0,56.0,56.0,56.0,0.0,0.0,0.0,0.0,0.0,22.652825519706063,0.40451474142332255,2966517.3530578613,62010.16391269562,3049808.7406158447,2861140.9664154053,14832586.765289307,2966517.3530578613,62010.16391269562,3049808.7406158447,2861140.9664154053,0.0,0.0,0.0,0.0,0.0,0,0,0,0,168,0,0.40451474142332255,0.0,56.0,56.0,56.0,0.0,0.0,0,0,0,0,0,0,0,0,0.0,56.0,56.0,0.0,168,0,0,0,0,0,0,6,336,0,0,0,0,6,56.0,0.0,0.0,0.0,0.0,0.0,0.0,0.0,0.0
3702,7202090.501785278,5,0,3490,0,698.0,698.0,698.0,0.0,0.0,0.0,0.0,0.0,484.581525202285,0.6942428727826432,1800522.6254463196,1013765.5371029614,2992865.0856018066,189390.8977508545,7202090.501785278,1800522.6254463196,1013765.5371029614,2992865.0856018066,189390.8977508545,0.0,0.0,0.0,0.0,0.0,0,0,0,0,140,0,0.6942428727826432,0.0,698.0,698.0,698.0,0.0,0.0,0,0,0,0,0,0,0,0,0.0,698.0,698.0,0.0,140,0,0,0,0,0,0,5,3490,0,0,0,0,5,698.0,0.0,0.0,0.0,0.0,0.0,0.0,0.0,0.0
5353,2033205.7476043701,4,0,576,0,152.0,136.0,144.0,8.0,0.0,0.0,0.0,0.0,283.29646455046344,1.9673365593782184,677735.2492014567,483167.76538902556,1106914.5202636719,2677.91748046875,2033205.7476043701,677735.2492014567,483167.76538902556,1106914.5202636719,2677.91748046875,0.0,0.0,0.0,0.0,0.0,0,0,0,0,112,0,1.9673365593782184,0.0,136.0,152.0,144.0,8.0,64.0,0,0,0,0,0,0,0,0,0.0,144.0,144.0,0.0,112,0,0,0,0,0,0,4,576,0,0,0,0,4,136.0,0.0,0.0,0.0,0.0,0.0,0.0,0.0,0.0
0,3512029.6478271484,14,0,780,0,70.0,54.0,55.714285714285715,4.462999814803803,0.0,0.0,0.0,0.0,222.0937970960971,3.98629892223764,270156.1267559345,430721.4740313208,1669121.503829956,225.7823944091797,3512029.6478271484,270156.1267559345,430721.4740313208,1669121.503829956,225.7823944091797,0.0,0.0,0.0,0.0,0.0,0,0,0,0,336,0,3.98629892223764,0.0,54.0,70.0,55.714285714285715,4.462999814803803,19.91836734693878,0,0,0,0,0,0,0,0,0.0,55.714285714285715,55.714285714285715,0.0,336,0,0,0,0,0,0,14,780,0,0,0,0,14,54.0,0.0,0.0,0.0,0.0,0.0,0.0,0.0,0.0
1900,1052258.2530975342,4,0,716,0,179.0,179.0,179.0,0.0,0.0,0.0,0.0,0.0,680.4413250191288,3.801348184464407,350752.7510325114,426201.83035796083,951200.2468109131,5041.599273681641,1052258.2530975342,350752.7510325114,426201.83035796083,951200.2468109131,5041.599273681641,0.0,0.0,0.0,0.0,0.0,0,0,0,0,112,0,3.801348184464407,0.0,179.0,179.0,179.0,0.0,0.0,0,0,0,0,0,0,0,0,0.0,179.0,179.0,0.0,112,0,0,0,0,0,0,4,716,0,0,0,0,4,179.0,0.0,0.0,0.0,0.0,0.0,0.0,0.0,0.0
5355,1.0,1,0,75,0,75.0,75.0,75.0,0.0,0.0,0.0,0.0,0.0,75000000.0,1000000.0,0.0,0.0,0.0,0.0,0.0,0.0,0.0,0.0,0.0,0.0,0.0,0.0,0.0,0.0,0,0,0,0,28,0,1000000.0,0.0,75.0,75.0,75.0,0.0,0.0,0,0,0,0,0,0,0,0,0.0,75.0,75.0,0.0,28,0,0,0,0,0,0,1,75,0,0,0,0,1,75.0,0.0,0.0,0.0,0.0,0.0,0.0,0.0,0.0
5355,1.0,1,0,75,0,75.0,75.0,75.0,0.0,0.0,0.0,0.0,0.0,75000000.0,1000000.0,0.0,0.0,0.0,0.0,0.0,0.0,0.0,0.0,0.0,0.0,0.0,0.0,0.0,0.0,0,0,0,0,28,0,1000000.0,0.0,75.0,75.0,75.0,0.0,0.0,0,0,0,0,0,0,0,0,0.0,75.0,75.0,0.0,28,0,0,0,0,0,0,1,75,0,0,0,0,1,75.0,0.0,0.0,0.0,0.0,0.0,0.0,0.0,0.0
443,504849.910736084,6,6,3057,2062,1292.0,85.0,509.5,555.1122258907052,1242.0,66.0,343.6666666666667,434.654140923818,10139.647232058272,23.769440669017243,45895.44643055309,45932.698582452096,115143.5375213623,258.6841583251953,504849.910736084,100969.9821472168,85236.79781867126,198124.17030334473,326.1566162109375,303537.13035583496,60707.42607116699,79984.1982554807,199783.8020324707,258.6841583251953,0,0,0,0,168,168,11.884720334508621,11.884720334508621,66.0,1292.0,426.5833333333333,505.3830986379431,255412.0763888889,0,0,0,0,0,0,0,0,1.0,426.5833333333333,509.5,343.6666666666667,168,0,0,0,0,0,0,6,3057,6,2062,0,0,6,85.0,0.0,0.0,0.0,0.0,0.0,0.0,0.0,0.0
1900,1.0,1,0,167,0,167.0,167.0,167.0,0.0,0.0,0.0,0.0,0.0,167000000.0,1000000.0,0.0,0.0,0.0,0.0,0.0,0.0,0.0,0.0,0.0,0.0,0.0,0.0,0.0,0.0,0,0,0,0,28,0,1000000.0,0.0,167.0,167.0,167.0,0.0,0.0,0,0,0,0,0,0,0,0,0.0,167.0,167.0,0.0,28,0,0,0,0,0,0,1,167,0,0,0,0,1,167.0,0.0,0.0,0.0,0.0,0.0,0.0,0.0,0.0
37810,1.0,1,0,733,0,733.0,733.0,733.0,0.0,0.0,0.0,0.0,0.0,733000000.0,1000000.0,0.0,0.0,0.0,0.0,0.0,0.0,0.0,0.0,0.0,0.0,0.0,0.0,0.0,0.0,0,0,0,0,28,0,1000000.0,0.0,733.0,733.0,733.0,0.0,0.0,0,0,0,0,0,0,0,0,0.0,733.0,733.0,0.0,28,0,0,0,0,0,0,1,733,0,0,0,0,1,733.0,0.0,0.0,0.0,0.0,0.0,0.0,0.0,0.0
1900,6023418.664932251,3,0,537,0,179.0,179.0,179.0,0.0,0.0,0.0,0.0,0.0,89.15202974788404,0.498056032111084,3011709.3324661255,13658.16593170166,3025367.498397827,2998051.166534424,6023418.664932251,3011709.3324661255,13658.16593170166,3025367.498397827,2998051.166534424,0.0,0.0,0.0,0.0,0.0,0,0,0,0,84,0,0.498056032111084,0.0,179.0,179.0,179.0,0.0,0.0,0,0,0,0,0,0,0,0,0.0,179.0,179.0,0.0,84,0,0,0,0,0,0,3,537,0,0,0,0,3,179.0,0.0,0.0,0.0,0.0,0.0,0.0,0.0,0.0
1900,1.0,1,0,167,0,167.0,167.0,167.0,0.0,0.0,0.0,0.0,0.0,167000000.0,1000000.0,0.0,0.0,0.0,0.0,0.0,0.0,0.0,0.0,0.0,0.0,0.0,0.0,0.0,0.0,0,0,0,0,28,0,1000000.0,0.0,167.0,167.0,167.0,0.0,0.0,0,0,0,0,0,0,0,0,0.0,167.0,167.0,0.0,28,0,0,0,0,0,0,1,167,0,0,0,0,1,167.0,0.0,0.0,0.0,0.0,0.0,0.0,0.0,0.0
5355,1.0,1,0,75,0,75.0,75.0,75.0,0.0,0.0,0.0,0.0,0.0,75000000.0,1000000.0,0.0,0.0,0.0,0.0,0.0,0.0,0.0,0.0,0.0,0.0,0.0,0.0,0.0,0.0,0,0,0,0,28,0,1000000.0,0.0,75.0,75.0,75.0,0.0,0.0,0,0,0,0,0,0,0,0,0.0,75.0,75.0,0.0,28,0,0,0,0,0,0,1,75,0,0,0,0,1,75.0,0.0,0.0,0.0,0.0,0.0,0.0,0.0,0.0
137,2241739.03465271,11,0,1210,0,110.0,110.0,110.0,0.0,0.0,0.0,0.0,0.0,539.7595265532115,4.9069047868473765,224173.903465271,277470.7000410428,743518.590927124,290.6322479248047,2241739.03465271,224173.903465271,277470.7000410428,743518.590927124,290.6322479248047,0.0,0.0,0.0,0.0,0.0,0,0,0,0,308,0,4.9069047868473765,0.0,110.0,110.0,110.0,0.0,0.0,0,0,0,0,0,0,0,0,0.0,110.0,110.0,0.0,308,0,0,0,0,0,0,11,1210,0,0,0,0,11,110.0,0.0,0.0,0.0,0.0,0.0,0.0,0.0,0.0
62976,1.0,1,0,264,0,264.0,264.0,264.0,0.0,0.0,0.0,0.0,0.0,264000000.0,1000000.0,0.0,0.0,0.0,0.0,0.0,0.0,0.0,0.0,0.0,0.0,0.0,0.0,0.0,0.0,0,0,0,0,28,0,1000000.0,0.0,264.0,264.0,264.0,0.0,0.0,0,0,0,0,0,0,0,0,0.0,264.0,264.0,0.0,28,0,0,0,0,0,0,1,264,0,0,0,0,1,264.0,0.0,0.0,0.0,0.0,0.0,0.0,0.0,0.0
37810,1.0,1,0,731,0,731.0,731.0,731.0,0.0,0.0,0.0,0.0,0.0,731000000.0,1000000.0,0.0,0.0,0.0,0.0,0.0,0.0,0.0,0.0,0.0,0.0,0.0,0.0,0.0,0.0,0,0,0,0,28,0,1000000.0,0.0,731.0,731.0,731.0,0.0,0.0,0,0,0,0,0,0,0,0,0.0,731.0,731.0,0.0,28,0,0,0,0,0,0,1,731,0,0,0,0,1,731.0,0.0,0.0,0.0,0.0,0.0,0.0,0.0,0.0
37810,1.0,1,0,728,0,728.0,728.0,728.0,0.0,0.0,0.0,0.0,0.0,728000000.0,1000000.0,0.0,0.0,0.0,0.0,0.0,0.0,0.0,0.0,0.0,0.0,0.0,0.0,0.0,0.0,0,0,0,0,28,0,1000000.0,0.0,728.0,728.0,728.0,0.0,0.0,0,0,0,0,0,0,0,0,0.0,728.0,728.0,0.0,28,0,0,0,0,0,0,1,728,0,0,0,0,1,728.0,0.0,0.0,0.0,0.0,0.0,0.0,0.0,0.0
37810,1.0,1,0,828,0,828.0,828.0,828.0,0.0,0.0,0.0,0.0,0.0,828000000.0,1000000.0,0.0,0.0,0.0,0.0,0.0,0.0,0.0,0.0,0.0,0.0,0.0,0.0,0.0,0.0,0,0,0,0,28,0,1000000.0,0.0,828.0,828.0,828.0,0.0,0.0,0,0,0,0,0,0,0,0,0.0,828.0,828.0,0.0,28,0,0,0,0,0,0,1,828,0,0,0,0,1,828.0,0.0,0.0,0.0,0.0,0.0,0.0,0.0,0.0
62976,1.0,1,0,264,0,264.0,264.0,264.0,0.0,0.0,0.0,0.0,0.0,264000000.0,1000000.0,0.0,0.0,0.0,0.0,0.0,0.0,0.0,0.0,0.0,0.0,0.0,0.0,0.0,0.0,0,0,0,0,28,0,1000000.0,0.0,264.0,264.0,264.0,0.0,0.0,0,0,0,0,0,0,0,0,0.0,264.0,264.0,0.0,28,0,0,0,0,0,0,1,264,0,0,0,0,1,264.0,0.0,0.0,0.0,0.0,0.0,0.0,0.0,0.0
1900,1.0,1,0,175,0,175.0,175.0,175.0,0.0,0.0,0.0,0.0,0.0,175000000.0,1000000.0,0.0,0.0,0.0,0.0,0.0,0.0,0.0,0.0,0.0,0.0,0.0,0.0,0.0,0.0,0,0,0,0,28,0,1000000.0,0.0,175.0,175.0,175.0,0.0,0.0,0,0,0,0,0,0,0,0,0.0,175.0,175.0,0.0,28,0,0,0,0,0,0,1,175,0,0,0,0,1,175.0,0.0,0.0,0.0,0.0,0.0,0.0,0.0,0.0
1900,1.0,1,0,175,0,175.0,175.0,175.0,0.0,0.0,0.0,0.0,0.0,175000000.0,1000000.0,0.0,0.0,0.0,0.0,0.0,0.0,0.0,0.0,0.0,0.0,0.0,0.0,0.0,0.0,0,0,0,0,28,0,1000000.0,0.0,175.0,175.0,175.0,0.0,0.0,0,0,0,0,0,0,0,0,0.0,175.0,175.0,0.0,28,0,0,0,0,0,0,1,175,0,0,0,0,1,175.0,0.0,0.0,0.0,0.0,0.0,0.0,0.0,0.0
1900,1.0,1,0,167,0,167.0,167.0,167.0,0.0,0.0,0.0,0.0,0.0,167000000.0,1000000.0,0.0,0.0,0.0,0.0,0.0,0.0,0.0,0.0,0.0,0.0,0.0,0.0,0.0,0.0,0,0,0,0,28,0,1000000.0,0.0,167.0,167.0,167.0,0.0,0.0,0,0,0,0,0,0,0,0,0.0,167.0,167.0,0.0,28,0,0,0,0,0,0,1,167,0,0,0,0,1,167.0,0.0,0.0,0.0,0.0,0.0,0.0,0.0,0.0
0,113500.83351135254,4,0,232,0,70.0,54.0,58.0,6.928203230275509,0.0,0.0,0.0,0.0,2044.0378526100867,35.242031941553215,37833.611170450844,38658.636655707196,92405.55763244629,7690.668106079102,113500.83351135254,37833.611170450844,38658.636655707196,92405.55763244629,7690.668106079102,0.0,0.0,0.0,0.0,0.0,0,0,0,0,96,0,35.242031941553215,0.0,54.0,70.0,58.0,6.928203230275509,47.99999999999999,0,0,0,0,0,0,0,0,0.0,58.0,58.0,0.0,96,0,0,0,0,0,0,4,232,0,0,0,0,4,54.0,0.0,0.0,0.0,0.0,0.0,0.0,0.0,0.0
5353,3050.565719604492,2,0,200,0,119.0,81.0,100.0,19.0,0.0,0.0,0.0,0.0,65561.61000390777,655.6161000390778,3050.565719604492,0.0,3050.565719604492,3050.565719604492,3050.565719604492,3050.565719604492,0.0,3050.565719604492,3050.565719604492,0.0,0.0,0.0,0.0,0.0,0,0,0,0,56,0,655.6161000390778,0.0,81.0,119.0,100.0,19.0,361.0,0,0,0,0,0,0,0,0,0.0,100.0,100.0,0.0,56,0,0,0,0,0,0,2,200,0,0,0,0,2,81.0,0.0,0.0,0.0,0.0,0.0,0.0,0.0,0.0
5355,1.0,1,0,75,0,75.0,75.0,75.0,0.0,0.0,0.0,0.0,0.0,75000000.0,1000000.0,0.0,0.0,0.0,0.0,0.0,0.0,0.0,0.0,0.0,0.0,0.0,0.0,0.0,0.0,0,0,0,0,28,0,1000000.0,0.0,75.0,75.0,75.0,0.0,0.0,0,0,0,0,0,0,0,0,0.0,75.0,75.0,0.0,28,0,0,0,0,0,0,1,75,0,0,0,0,1,75.0,0.0,0.0,0.0,0.0,0.0,0.0,0.0,0.0
443,208922.8630065918,2,2,169,173,103.0,66.0,84.5,18.5,107.0,66.0,86.5,20.5,1636.9678027493308,19.145822254378135,69640.9543355306,46168.954077244445,125607.01370239258,12533.903121948242,208922.8630065918,208922.8630065918,0.0,208922.8630065918,208922.8630065918,125607.01370239258,125607.01370239258,0.0,125607.01370239258,125607.01370239258,1,1,0,0,104,104,9.572911127189068,9.572911127189068,66.0,107.0,85.5,19.551214796017153,382.25,0,0,0,2,4,0,0,0,1.0,85.5,84.5,86.5,104,0,0,0,0,0,0,2,169,2,173,0,0,2,66.0,0.0,0.0,0.0,0.0,0.0,0.0,0.0,0.0
0,739689.3501281738,2,0,108,0,54.0,54.0,54.0,0.0,0.0,0.0,0.0,0.0,146.00723936512767,2.7038377660208828,739689.3501281738,0.0,739689.3501281738,739689.3501281738,739689.3501281738,739689.3501281738,0.0,739689.3501281738,739689.3501281738,0.0,0.0,0.0,0.0,0.0,0,0,0,0,48,0,2.7038377660208828,0.0,54.0,54.0,54.0,0.0,0.0,0,0,0,0,0,0,0,0,0.0,54.0,54.0,0.0,48,0,0,0,0,0,0,2,108,0,0,0,0,2,54.0,0.0,0.0,0.0,0.0,0.0,0.0,0.0,0.0
0,1141450.1667022705,4,0,216,0,54.0,54.0,54.0,0.0,0.0,0.0,0.0,0.0,189.23296548638572,3.50431417567381,380483.38890075684,262258.6642956065,736363.6493682861,112092.49496459961,1141450.1667022705,380483.38890075684,262258.6642956065,736363.6493682861,112092.49496459961,0.0,0.0,0.0,0.0,0.0,0,0,0,0,96,0,3.50431417567381,0.0,54.0,54.0,54.0,0.0,0.0,0,0,0,0,0,0,0,0,0.0,54.0,54.0,0.0,96,0,0,0,0,0,0,4,216,0,0,0,0,4,54.0,0.0,0.0,0.0,0.0,0.0,0.0,0.0,0.0
5353,1141137.8383636475,7,0,711,0,119.0,82.0,101.57142857142857,14.039303430595357,0.0,0.0,0.0,0.0,623.0623296301783,6.13422828046589,190189.63972727457,280347.3568433231,722165.8229827881,1181.3640594482422,1141137.8383636475,190189.63972727457,280347.3568433231,722165.8229827881,1181.3640594482422,0.0,0.0,0.0,0.0,0.0,0,0,0,0,196,0,6.13422828046589,0.0,82.0,119.0,101.57142857142857,14.039303430595357,197.10204081632656,0,0,0,0,0,0,0,0,0.0,101.57142857142857,101.57142857142857,0.0,196,0,0,0,0,0,0,7,711,0,0,0,0,7,82.0,0.0,0.0,0.0,0.0,0.0,0.0,0.0,0.0
10001,1.0,1,0,201,0,201.0,201.0,201.0,0.0,0.0,0.0,0.0,0.0,201000000.0,1000000.0,0.0,0.0,0.0,0.0,0.0,0.0,0.0,0.0,0.0,0.0,0.0,0.0,0.0,0.0,0,0,0,0,28,0,1000000.0,0.0,201.0,201.0,201.0,0.0,0.0,0,0,0,0,0,0,0,0,0.0,201.0,201.0,0.0,28,0,0,0,0,0,0,1,201,0,0,0,0,1,201.0,0.0,0.0,0.0,0.0,0.0,0.0,0.0,0.0
37810,1.0,1,0,728,0,728.0,728.0,728.0,0.0,0.0,0.0,0.0,0.0,728000000.0,1000000.0,0.0,0.0,0.0,0.0,0.0,0.0,0.0,0.0,0.0,0.0,0.0,0.0,0.0,0.0,0,0,0,0,28,0,1000000.0,0.0,728.0,728.0,728.0,0.0,0.0,0,0,0,0,0,0,0,0,0.0,728.0,728.0,0.0,28,0,0,0,0,0,0,1,728,0,0,0,0,1,728.0,0.0,0.0,0.0,0.0,0.0,0.0,0.0,0.0
0,758524.4178771973,2,0,108,0,54.0,54.0,54.0,0.0,0.0,0.0,0.0,0.0,142.38170512987344,2.6366982431458044,758524.4178771973,0.0,758524.4178771973,758524.4178771973,758524.4178771973,758524.4178771973,0.0,758524.4178771973,758524.4178771973,0.0,0.0,0.0,0.0,0.0,0,0,0,0,48,0,2.6366982431458044,0.0,54.0,54.0,54.0,0.0,0.0,0,0,0,0,0,0,0,0,0.0,54.0,54.0,0.0,48,0,0,0,0,0,0,2,108,0,0,0,0,2,54.0,0.0,0.0,0.0,0.0,0.0,0.0,0.0,0.0
37810,1.0,1,0,731,0,731.0,731.0,731.0,0.0,0.0,0.0,0.0,0.0,731000000.0,1000000.0,0.0,0.0,0.0,0.0,0.0,0.0,0.0,0.0,0.0,0.0,0.0,0.0,0.0,0.0,0,0,0,0,28,0,1000000.0,0.0,731.0,731.0,731.0,0.0,0.0,0,0,0,0,0,0,0,0,0.0,731.0,731.0,0.0,28,0,0,0,0,0,0,1,731,0,0,0,0,1,731.0,0.0,0.0,0.0,0.0,0.0,0.0,0.0,0.0
37810,1.0,1,0,731,0,731.0,731.0,731.0,0.0,0.0,0.0,0.0,0.0,731000000.0,1000000.0,0.0,0.0,0.0,0.0,0.0,0.0,0.0,0.0,0.0,0.0,0.0,0.0,0.0,0.0,0,0,0,0,28,0,1000000.0,0.0,731.0,731.0,731.0,0.0,0.0,0,0,0,0,0,0,0,0,0.0,731.0,731.0,0.0,28,0,0,0,0,0,0,1,731,0,0,0,0,1,731.0,0.0,0.0,0.0,0.0,0.0,0.0,0.0,0.0
37810,1.0,1,0,733,0,733.0,733.0,733.0,0.0,0.0,0.0,0.0,0.0,733000000.0,1000000.0,0.0,0.0,0.0,0.0,0.0,0.0,0.0,0.0,0.0,0.0,0.0,0.0,0.0,0.0,0,0,0,0,28,0,1000000.0,0.0,733.0,733.0,733.0,0.0,0.0,0,0,0,0,0,0,0,0,0.0,733.0,733.0,0.0,28,0,0,0,0,0,0,1,733,0,0,0,0,1,733.0,0.0,0.0,0.0,0.0,0.0,0.0,0.0,0.0
37810,1.0,1,0,803,0,803.0,803.0,803.0,0.0,0.0,0.0,0.0,0.0,803000000.0,1000000.0,0.0,0.0,0.0,0.0,0.0,0.0,0.0,0.0,0.0,0.0,0.0,0.0,0.0,0.0,0,0,0,0,28,0,1000000.0,0.0,803.0,803.0,803.0,0.0,0.0,0,0,0,0,0,0,0,0,0.0,803.0,803.0,0.0,28,0,0,0,0,0,0,1,803,0,0,0,0,1,803.0,0.0,0.0,0.0,0.0,0.0,0.0,0.0,0.0
5355,1.0,1,0,75,0,75.0,75.0,75.0,0.0,0.0,0.0,0.0,0.0,75000000.0,1000000.0,0.0,0.0,0.0,0.0,0.0,0.0,0.0,0.0,0.0,0.0,0.0,0.0,0.0,0.0,0,0,0,0,28,0,1000000.0,0.0,75.0,75.0,75.0,0.0,0.0,0,0,0,0,0,0,0,0,0.0,75.0,75.0,0.0,28,0,0,0,0,0,0,1,75,0,0,0,0,1,75.0,0.0,0.0,0.0,0.0,0.0,0.0,0.0,0.0
1900,1018363.2373809814,2,0,358,0,179.0,179.0,179.0,0.0,0.0,0.0,0.0,0.0,351.544504808227,1.9639357810515472,1018363.2373809814,0.0,1018363.2373809814,1018363.2373809814,1018363.2373809814,1018363.2373809814,0.0,1018363.2373809814,1018363.2373809814,0.0,0.0,0.0,0.0,0.0,0,0,0,0,56,0,1.9639357810515472,0.0,179.0,179.0,179.0,0.0,0.0,0,0,0,0,0,0,0,0,0.0,179.0,179.0,0.0,56,0,0,0,0,0,0,2,358,0,0,0,0,2,179.0,0.0,0.0,0.0,0.0,0.0,0.0,0.0,0.0
53,40005.92231750488,1,1,78,553,78.0,78.0,78.0,0.0,553.0,553.0,553.0,0.0,15772.664731789007,49.99259819901428,40005.92231750488,0.0,40005.92231750488,40005.92231750488,0.0,0.0,0.0,0.0,0.0,0.0,0.0,0.0,0.0,0.0,0,0,0,0,28,28,24.99629909950714,24.99629909950714,78.0,553.0,315.5,237.5,56406.25,0,0,0,0,0,0,0,0,1.0,315.5,78.0,553.0,28,0,0,0,0,0,0,1,78,1,553,0,0,1,78.0,0.0,0.0,0.0,0.0,0.0,0.0,0.0,0.0
53,44185.16159057617,1,1,78,553,78.0,78.0,78.0,0.0,553.0,553.0,553.0,0.0,14280.812319911938,45.26406440542611,44185.16159057617,0.0,44185.16159057617,44185.16159057617,0.0,0.0,0.0,0.0,0.0,0.0,0.0,0.0,0.0,0.0,0,0,0,0,28,28,22.632032202713056,22.632032202713056,78.0,553.0,315.5,237.5,56406.25,0,0,0,0,0,0,0,0,1.0,315.5,78.0,553.0,28,0,0,0,0,0,0,1,78,1,553,0,0,1,78.0,0.0,0.0,0.0,0.0,0.0,0.0,0.0,0.0
37810,1.0,1,0,733,0,733.0,733.0,733.0,0.0,0.0,0.0,0.0,0.0,733000000.0,1000000.0,0.0,0.0,0.0,0.0,0.0,0.0,0.0,0.0,0.0,0.0,0.0,0.0,0.0,0.0,0,0,0,0,28,0,1000000.0,0.0,733.0,733.0,733.0,0.0,0.0,0,0,0,0,0,0,0,0,0.0,733.0,733.0,0.0,28,0,0,0,0,0,0,1,733,0,0,0,0,1,733.0,0.0,0.0,0.0,0.0,0.0,0.0,0.0,0.0
37810,1.0,1,0,733,0,733.0,733.0,733.0,0.0,0.0,0.0,0.0,0.0,733000000.0,1000000.0,0.0,0.0,0.0,0.0,0.0,0.0,0.0,0.0,0.0,0.0,0.0,0.0,0.0,0.0,0,0,0,0,28,0,1000000.0,0.0,733.0,733.0,733.0,0.0,0.0,0,0,0,0,0,0,0,0,0.0,733.0,733.0,0.0,28,0,0,0,0,0,0,1,733,0,0,0,0,1,733.0,0.0,0.0,0.0,0.0,0.0,0.0,0.0,0.0
37810,1.0,1,0,731,0,731.0,731.0,731.0,0.0,0.0,0.0,0.0,0.0,731000000.0,1000000.0,0.0,0.0,0.0,0.0,0.0,0.0,0.0,0.0,0.0,0.0,0.0,0.0,0.0,0.0,0,0,0,0,28,0,1000000.0,0.0,731.0,731.0,731.0,0.0,0.0,0,0,0,0,0,0,0,0,0.0,731.0,731.0,0.0,28,0,0,0,0,0,0,1,731,0,0,0,0,1,731.0,0.0,0.0,0.0,0.0,0.0,0.0,0.0,0.0
37810,1.0,1,0,828,0,828.0,828.0,828.0,0.0,0.0,0.0,0.0,0.0,828000000.0,1000000.0,0.0,0.0,0.0,0.0,0.0,0.0,0.0,0.0,0.0,0.0,0.0,0.0,0.0,0.0,0,0,0,0,28,0,1000000.0,0.0,828.0,828.0,828.0,0.0,0.0,0,0,0,0,0,0,0,0,0.0,828.0,828.0,0.0,28,0,0,0,0,0,0,1,828,0,0,0,0,1,828.0,0.0,0.0,0.0,0.0,0.0,0.0,0.0,0.0
37810,1.0,1,0,733,0,733.0,733.0,733.0,0.0,0.0,0.0,0.0,0.0,733000000.0,1000000.0,0.0,0.0,0.0,0.0,0.0,0.0,0.0,0.0,0.0,0.0,0.0,0.0,0.0,0.0,0,0,0,0,28,0,1000000.0,0.0,733.0,733.0,733.0,0.0,0.0,0,0,0,0,0,0,0,0,0.0,733.0,733.0,0.0,28,0,0,0,0,0,0,1,733,0,0,0,0,1,733.0,0.0,0.0,0.0,0.0,0.0,0.0,0.0,0.0
37810,1.0,1,0,804,0,804.0,804.0,804.0,0.0,0.0,0.0,0.0,0.0,804000000.0,1000000.0,0.0,0.0,0.0,0.0,0.0,0.0,0.0,0.0,0.0,0.0,0.0,0.0,0.0,0.0,0,0,0,0,28,0,1000000.0,0.0,804.0,804.0,804.0,0.0,0.0,0,0,0,0,0,0,0,0,0.0,804.0,804.0,0.0,28,0,0,0,0,0,0,1,804,0,0,0,0,1,804.0,0.0,0.0,0.0,0.0,0.0,0.0,0.0,0.0
37810,1.0,1,0,806,0,806.0,806.0,806.0,0.0,0.0,0.0,0.0,0.0,806000000.0,1000000.0,0.0,0.0,0.0,0.0,0.0,0.0,0.0,0.0,0.0,0.0,0.0,0.0,0.0,0.0,0,0,0,0,28,0,1000000.0,0.0,806.0,806.0,806.0,0.0,0.0,0,0,0,0,0,0,0,0,0.0,806.0,806.0,0.0,28,0,0,0,0,0,0,1,806,0,0,0,0,1,806.0,0.0,0.0,0.0,0.0,0.0,0.0,0.0,0.0
5355,387861.2518310547,2,0,130,0,65.0,65.0,65.0,0.0,0.0,0.0,0.0,0.0,335.1714031403829,5.15648312523666,387861.2518310547,0.0,387861.2518310547,387861.2518310547,387861.2518310547,387861.2518310547,0.0,387861.2518310547,387861.2518310547,0.0,0.0,0.0,0.0,0.0,0,0,0,0,56,0,5.15648312523666,0.0,65.0,65.0,65.0,0.0,0.0,0,0,0,0,0,0,0,0,0.0,65.0,65.0,0.0,56,0,0,0,0,0,0,2,130,0,0,0,0,2,65.0,0.0,0.0,0.0,0.0,0.0,0.0,0.0,0.0
37810,1.0,1,0,728,0,728.0,728.0,728.0,0.0,0.0,0.0,0.0,0.0,728000000.0,1000000.0,0.0,0.0,0.0,0.0,0.0,0.0,0.0,0.0,0.0,0.0,0.0,0.0,0.0,0.0,0,0,0,0,28,0,1000000.0,0.0,728.0,728.0,728.0,0.0,0.0,0,0,0,0,0,0,0,0,0.0,728.0,728.0,0.0,28,0,0,0,0,0,0,1,728,0,0,0,0,1,728.0,0.0,0.0,0.0,0.0,0.0,0.0,0.0,0.0
443,67344495.29647827,11,12,2894,5923,1514.0,54.0,263.09090909090907,423.53071253783935,1514.0,54.0,493.5833333333333,615.5273427900845,130.9238410828372,0.34152754280427083,3061113.4225671943,10098849.835623475,44959314.823150635,205.75523376464844,67344495.29647827,6734449.529647827,14211466.995541623,44959314.823150635,260.35308837890625,66966039.180755615,6087821.743705056,13806586.064923631,45568176.50794983,268.69773864746094,3,3,0,0,452,504,0.16333925960204257,0.17818828320222826,54.0,1514.0,383.3478260869565,544.7196812957341,296719.5311909261,1,2,0,6,22,0,0,0,1.0909090909090908,383.3478260869565,263.09090909090907,493.5833333333333,452,0,0,0,0,0,0,11,2894,12,5923,0,0,8,54.0,0.0,0.0,0.0,0.0,0.0,0.0,0.0,0.0
443,61115050.79269409,9,11,2352,5681,1514.0,54.0,261.3333333333333,454.2635064952206,1514.0,54.0,516.4545454545455,637.9967745196841,131.44061725888793,0.3272516301727572,3216581.62066811,10326429.417323578,45011262.17842102,241.5180206298828,61115050.79269409,7639381.3490867615,15084609.504799524,45587320.32775879,581.5029144287109,60537778.61595154,6053777.861595154,13772151.413834896,45465409.75570679,241.5180206298828,2,2,0,0,372,464,0.14726323357774074,0.17998839659501648,54.0,1514.0,401.65,576.9235889613112,332840.8275,1,2,0,4,19,0,0,0,1.2222222222222223,401.65,261.3333333333333,516.4545454545455,372,0,0,0,0,0,0,9,2352,11,5681,0,0,6,54.0,0.0,0.0,0.0,0.0,0.0,0.0,0.0,0.0
53,182494.4019317627,6,5,386,748,102.0,54.0,64.33333333333333,17.3749500398962,520.0,54.0,149.6,185.25830615656614,6213.889237128595,60.27582152417508,18249.44019317627,26493.111137763375,71006.77490234375,244.140625,182494.4019317627,36498.88038635254,30569.684605629987,71646.21353149414,244.140625,110764.5034790039,27691.125869750977,24673.109169516123,56602.23960876465,1996.5171813964844,2,1,0,0,252,212,32.87772083136822,27.398100692806853,54.0,520.0,103.0909090909091,132.54258632636774,17567.537190082643,2,2,0,3,10,0,0,0,0.8333333333333334,103.0909090909091,64.33333333333333,149.6,252,0,0,0,0,0,0,6,386,5,748,0,0,2,54.0,0.0,0.0,0.0,0.0,0.0,0.0,0.0,0.0
53,182102.20336914062,8,5,494,945,102.0,54.0,61.75,15.6983279364396,705.0,54.0,189.0,258.0558079175898,7902.155895845989,71.38848272828204,15175.183614095053,24594.632896951905,69887.87651062012,215.29197692871094,182102.20336914062,26014.600481305803,30163.191924425733,70841.07398986816,215.29197692871094,111498.11744689941,27874.529361724854,26567.883354690675,55961.84730529785,656.1279296875,2,1,0,0,332,224,43.9313739866351,27.45710874164694,54.0,705.0,110.6923076923077,172.03728782553756,29596.828402366853,2,2,0,3,12,0,0,0,0.625,110.6923076923077,61.75,189.0,332,0,0,0,0,0,0,8,494,5,945,0,0,4,54.0,0.0,0.0,0.0,0.0,0.0,0.0,0.0,0.0
53,53309.67903137207,6,5,388,753,104.0,54.0,64.66666666666667,18.098495947330967,525.0,54.0,150.6,187.2576834204674,21403.242726870216,206.34151620996704,5330.967903137207,7832.259598531432,22019.386291503906,213.86146545410156,53309.67903137207,10661.935806274414,8992.915624030777,23343.324661254883,837.8028869628906,47044.992446899414,11761.248111724854,11315.768683456412,24084.56802368164,213.86146545410156,2,1,0,0,252,212,112.54991793270929,93.79159827725775,54.0,525.0,103.72727272727273,133.9715647639052,17948.380165289247,2,2,0,3,10,0,0,0,0.8333333333333334,103.72727272727273,64.66666666666667,150.6,252,0,0,0,0,0,0,6,388,5,753,0,0,2,54.0,0.0,0.0,0.0,0.0,0.0,0.0,0.0,0.0
53,52703.857421875,6,5,388,875,104.0,54.0,64.66666666666667,18.098495947330967,647.0,54.0,175.0,236.0457582758055,23964.090330052113,208.71337579617835,5270.3857421875,7284.225060226094,20322.561264038086,223.8750457763672,52703.857421875,10540.771484375,16660.840536847554,43509.721755981445,694.27490234375,46575.54626464844,11643.88656616211,9346.400842341964,22979.4979095459,223.8750457763672,2,1,0,0,252,212,113.84365952518819,94.86971627099015,54.0,647.0,114.81818181818181,168.88770781569534,28523.05785123968,2,2,0,3,10,0,0,0,0.8333333333333334,114.81818181818181,64.66666666666667,175.0,252,0,0,0,0,0,0,6,388,5,875,0,0,2,54.0,0.0,0.0,0.0,0.0,0.0,0.0,0.0,0.0
443,2655293.2262420654,699,1339,46437,1994271,1454.0,54.0,66.43347639484979,103.5690950463304,1514.0,54.0,1489.3734129947723,152.27107548154592,768543.368330034,767.5235186301074,1303.5312843603658,18839.234265244464,792173.3856201172,199.0795135498047,2655293.2262420654,3804.1450232694347,33100.10035225958,792173.3856201172,201.94053649902344,2496119.0223693848,1865.55980745096,25159.4239804179,874769.926071167,238.65699768066406,5,148,0,0,30168,53572,263.24776227794166,504.2757563521658,54.0,1514.0,1001.3287536800785,689.3356089838019,475183.581813069,0,2,1,153,2037,0,0,0,1.915593705293276,1001.3287536800785,66.43347639484979,1489.3734129947723,30168,0,0,0,0,0,0,699,46437,1339,1994271,0,0,697,54.0,0.0,0.0,0.0,0.0,0.0,0.0,0.0,0.0
7680,7502.079010009766,5,3,357,174,129.0,54.0,71.4,29.17258987474372,66.0,54.0,58.0,5.656854249492381,70780.37958431322,1066.3710671836268,1071.7255728585378,1194.8459675956094,3754.3773651123047,255.10787963867188,7003.545761108398,1750.8864402770996,1476.1938438100967,4009.4852447509766,377.1781921386719,7139.682769775391,3569.8413848876953,1173.9730834960938,4743.814468383789,2395.8683013916016,1,0,0,0,212,132,666.4819169897668,399.88915019386,54.0,129.0,66.375,24.207114140268764,585.984375,2,2,0,1,7,0,0,0,0.6,66.375,71.4,58.0,212,0,0,0,0,0,0,5,357,3,174,0,0,1,54.0,0.0,0.0,0.0,0.0,0.0,0.0,0.0,0.0
137,65635159.492492676,12,0,1104,0,92.0,92.0,92.0,0.0,0.0,0.0,0.0,0.0,16.820253177358016,0.18282883888432624,5966832.681135698,16248421.23566312,57339317.7986145,130639.55307006836,65635159.492492676,5966832.681135698,16248421.23566312,57339317.7986145,130639.55307006836,0.0,0.0,0.0,0.0,0.0,0,0,0,0,336,0,0.18282883888432624,0.0,92.0,92.0,92.0,0.0,0.0,0,0,0,0,0,0,0,0,0.0,92.0,92.0,0.0,336,0,0,0,0,0,0,12,1104,0,0,0,0,12,92.0,0.0,0.0,0.0,0.0,0.0,0.0,0.0,0.0
0,47352358.8180542,20,0,1096,0,70.0,54.0,54.8,3.4871191548325386,0.0,0.0,0.0,0.0,23.14562626565763,0.42236544280397137,2492229.4114765367,9808782.6501061,44066480.87501526,285.3870391845703,47352358.8180542,2492229.4114765367,9808782.6501061,44066480.87501526,285.3870391845703,0.0,0.0,0.0,0.0,0.0,0,0,0,0,480,0,0.42236544280397137,0.0,54.0,70.0,54.8,3.4871191548325386,12.159999999999998,0,0,0,0,0,0,0,0,0.0,54.8,54.8,0.0,480,0,0,0,0,0,0,20,1096,0,0,0,0,20,54.0,0.0,0.0,0.0,0.0,0.0,0.0,0.0,0.0
137,22724310.159683228,6,0,552,0,92.0,92.0,92.0,0.0,0.0,0.0,0.0,0.0,24.291166425784024,0.2640344176715655,4544862.0319366455,7515357.725032444,19575070.38116455,726728.9161682129,22724310.159683228,4544862.0319366455,7515357.725032444,19575070.38116455,726728.9161682129,0.0,0.0,0.0,0.0,0.0,0,0,0,0,168,0,0.2640344176715655,0.0,92.0,92.0,92.0,0.0,0.0,0,0,0,0,0,0,0,0,0.0,92.0,92.0,0.0,168,0,0,0,0,0,0,6,552,0,0,0,0,6,92.0,0.0,0.0,0.0,0.0,0.0,0.0,0.0,0.0
1900,18517038.583755493,9,0,1503,0,167.0,167.0,167.0,0.0,0.0,0.0,0.0,0.0,81.16848669951695,0.4860388425120776,2314629.8229694366,1759483.5938333326,6089370.012283325,107868.90983581543,18517038.583755493,2314629.8229694366,1759483.5938333326,6089370.012283325,107868.90983581543,0.0,0.0,0.0,0.0,0.0,0,0,0,0,252,0,0.4860388425120776,0.0,167.0,167.0,167.0,0.0,0.0,0,0,0,0,0,0,0,0,0.0,167.0,167.0,0.0,252,0,0,0,0,0,0,9,1503,0,0,0,0,9,167.0,0.0,0.0,0.0,0.0,0.0,0.0,0.0,0.0
1900,3064884.1857910156,4,0,848,0,212.0,212.0,212.0,0.0,0.0,0.0,0.0,0.0,276.68255914248834,1.3051064110494734,1021628.0619303386,16893.37258102758,1044260.2634429932,1003684.9975585938,3064884.1857910156,1021628.0619303386,16893.37258102758,1044260.2634429932,1003684.9975585938,0.0,0.0,0.0,0.0,0.0,0,0,0,0,112,0,1.3051064110494734,0.0,212.0,212.0,212.0,0.0,0.0,0,0,0,0,0,0,0,0,0.0,212.0,212.0,0.0,112,0,0,0,0,0,0,4,848,0,0,0,0,4,212.0,0.0,0.0,0.0,0.0,0.0,0.0,0.0,0.0
1900,6809626.340866089,2,0,358,0,179.0,179.0,179.0,0.0,0.0,0.0,0.0,0.0,52.57263498461906,0.29370187142245285,6809626.340866089,0.0,6809626.340866089,6809626.340866089,6809626.340866089,6809626.340866089,0.0,6809626.340866089,6809626.340866089,0.0,0.0,0.0,0.0,0.0,0,0,0,0,56,0,0.29370187142245285,0.0,179.0,179.0,179.0,0.0,0.0,0,0,0,0,0,0,0,0,0.0,179.0,179.0,0.0,56,0,0,0,0,0,0,2,358,0,0,0,0,2,179.0,0.0,0.0,0.0,0.0,0.0,0.0,0.0,0.0
5355,20494.461059570312,2,0,132,0,66.0,66.0,66.0,0.0,0.0,0.0,0.0,0.0,6440.764634713821,97.5873429502094,20494.461059570312,0.0,20494.461059570312,20494.461059570312,20494.461059570312,20494.461059570312,0.0,20494.461059570312,20494.461059570312,0.0,0.0,0.0,0.0,0.0,0,0,0,0,56,0,97.5873429502094,0.0,66.0,66.0,66.0,0.0,0.0,0,0,0,0,0,0,0,0,0.0,66.0,66.0,0.0,56,0,0,0,0,0,0,2,132,0,0,0,0,2,66.0,0.0,0.0,0.0,0.0,0.0,0.0,0.0,0.0
1900,1.0,1,0,167,0,167.0,167.0,167.0,0.0,0.0,0.0,0.0,0.0,167000000.0,1000000.0,0.0,0.0,0.0,0.0,0.0,0.0,0.0,0.0,0.0,0.0,0.0,0.0,0.0,0.0,0,0,0,0,28,0,1000000.0,0.0,167.0,167.0,167.0,0.0,0.0,0,0,0,0,0,0,0,0,0.0,167.0,167.0,0.0,28,0,0,0,0,0,0,1,167,0,0,0,0,1,167.0,0.0,0.0,0.0,0.0,0.0,0.0,0.0,0.0
5355,1.0,1,0,75,0,75.0,75.0,75.0,0.0,0.0,0.0,0.0,0.0,75000000.0,1000000.0,0.0,0.0,0.0,0.0,0.0,0.0,0.0,0.0,0.0,0.0,0.0,0.0,0.0,0.0,0,0,0,0,28,0,1000000.0,0.0,75.0,75.0,75.0,0.0,0.0,0,0,0,0,0,0,0,0,0.0,75.0,75.0,0.0,28,0,0,0,0,0,0,1,75,0,0,0,0,1,75.0,0.0,0.0,0.0,0.0,0.0,0.0,0.0,0.0
5355,318641.42417907715,2,0,128,0,64.0,64.0,64.0,0.0,0.0,0.0,0.0,0.0,401.70546039256885,6.276647818633888,318641.42417907715,0.0,318641.42417907715,318641.42417907715,318641.42417907715,318641.42417907715,0.0,318641.42417907715,318641.42417907715,0.0,0.0,0.0,0.0,0.0,0,0,0,0,56,0,6.276647818633888,0.0,64.0,64.0,64.0,0.0,0.0,0,0,0,0,0,0,0,0,0.0,64.0,64.0,0.0,56,0,0,0,0,0,0,2,128,0,0,0,0,2,64.0,0.0,0.0,0.0,0.0,0.0,0.0,0.0,0.0
5355,321502.4471282959,2,0,128,0,64.0,64.0,64.0,0.0,0.0,0.0,0.0,0.0,398.1307176455844,6.220792463212256,321502.4471282959,0.0,321502.4471282959,321502.4471282959,321502.4471282959,321502.4471282959,0.0,321502.4471282959,321502.4471282959,0.0,0.0,0.0,0.0,0.0,0,0,0,0,56,0,6.220792463212256,0.0,64.0,64.0,64.0,0.0,0.0,0,0,0,0,0,0,0,0,0.0,64.0,64.0,0.0,56,0,0,0,0,0,0,2,128,0,0,0,0,2,64.0,0.0,0.0,0.0,0.0,0.0,0.0,0.0,0.0
5050,1.0,1,0,382,0,382.0,382.0,382.0,0.0,0.0,0.0,0.0,0.0,382000000.0,1000000.0,0.0,0.0,0.0,0.0,0.0,0.0,0.0,0.0,0.0,0.0,0.0,0.0,0.0,0.0,0,0,0,0,28,0,1000000.0,0.0,382.0,382.0,382.0,0.0,0.0,0,0,0,0,0,0,0,0,0.0,382.0,382.0,0.0,28,0,0,0,0,0,0,1,382,0,0,0,0,1,382.0,0.0,0.0,0.0,0.0,0.0,0.0,0.0,0.0
37810,1.0,1,0,732,0,732.0,732.0,732.0,0.0,0.0,0.0,0.0,0.0,732000000.0,1000000.0,0.0,0.0,0.0,0.0,0.0,0.0,0.0,0.0,0.0,0.0,0.0,0.0,0.0,0.0,0,0,0,0,28,0,1000000.0,0.0,732.0,732.0,732.0,0.0,0.0,0,0,0,0,0,0,0,0,0.0,732.0,732.0,0.0,28,0,0,0,0,0,0,1,732,0,0,0,0,1,732.0,0.0,0.0,0.0,0.0,0.0,0.0,0.0,0.0
37810,1.0,1,0,731,0,731.0,731.0,731.0,0.0,0.0,0.0,0.0,0.0,731000000.0,1000000.0,0.0,0.0,0.0,0.0,0.0,0.0,0.0,0.0,0.0,0.0,0.0,0.0,0.0,0.0,0,0,0,0,28,0,1000000.0,0.0,731.0,731.0,731.0,0.0,0.0,0,0,0,0,0,0,0,0,0.0,731.0,731.0,0.0,28,0,0,0,0,0,0,1,731,0,0,0,0,1,731.0,0.0,0.0,0.0,0.0,0.0,0.0,0.0,0.0
5050,1.0,1,0,344,0,344.0,344.0,344.0,0.0,0.0,0.0,0.0,0.0,344000000.0,1000000.0,0.0,0.0,0.0,0.0,0.0,0.0,0.0,0.0,0.0,0.0,0.0,0.0,0.0,0.0,0,0,0,0,28,0,1000000.0,0.0,344.0,344.0,344.0,0.0,0.0,0,0,0,0,0,0,0,0,0.0,344.0,344.0,0.0,28,0,0,0,0,0,0,1,344,0,0,0,0,1,344.0,0.0,0.0,0.0,0.0,0.0,0.0,0.0,0.0
10001,1.0,1,0,201,0,201.0,201.0,201.0,0.0,0.0,0.0,0.0,0.0,201000000.0,1000000.0,0.0,0.0,0.0,0.0,0.0,0.0,0.0,0.0,0.0,0.0,0.0,0.0,0.0,0.0,0,0,0,0,28,0,1000000.0,0.0,201.0,201.0,201.0,0.0,0.0,0,0,0,0,0,0,0,0,0.0,201.0,201.0,0.0,28,0,0,0,0,0,0,1,201,0,0,0,0,1,201.0,0.0,0.0,0.0,0.0,0.0,0.0,0.0,0.0
0,26439.428329467773,2,0,108,0,54.0,54.0,54.0,0.0,0.0,0.0,0.0,0.0,4084.80844041661,75.64460074845574,26439.428329467773,0.0,26439.428329467773,26439.428329467773,26439.428329467773,26439.428329467773,0.0,26439.428329467773,26439.428329467773,0.0,0.0,0.0,0.0,0.0,0,0,0,0,48,0,75.64460074845574,0.0,54.0,54.0,54.0,0.0,0.0,0,0,0,0,0,0,0,0,0.0,54.0,54.0,0.0,48,0,0,0,0,0,0,2,108,0,0,0,0,2,54.0,0.0,0.0,0.0,0.0,0.0,0.0,0.0,0.0
0,13040.781021118164,3,0,170,0,62.0,54.0,56.666666666666664,3.7712361663282534,0.0,0.0,0.0,0.0,13036.029032670896,230.04757116478052,6520.390510559082,6235.241889953613,12755.632400512695,285.14862060546875,13040.781021118164,6520.390510559082,6235.241889953613,12755.632400512695,285.14862060546875,0.0,0.0,0.0,0.0,0.0,0,0,0,0,72,0,230.04757116478052,0.0,54.0,62.0,56.666666666666664,3.7712361663282534,14.222222222222221,0,0,0,0,0,0,0,0,0.0,56.666666666666664,56.666666666666664,0.0,72,0,0,0,0,0,0,3,170,0,0,0,0,3,54.0,0.0,0.0,0.0,0.0,0.0,0.0,0.0,0.0
137,666.3799285888672,3,0,330,0,110.0,110.0,110.0,0.0,0.0,0.0,0.0,0.0,495212.9946332737,4501.936314847942,333.1899642944336,23.00739288330078,356.1973571777344,310.1825714111328,666.3799285888672,333.1899642944336,23.00739288330078,356.1973571777344,310.1825714111328,0.0,0.0,0.0,0.0,0.0,0,0,0,0,84,0,4501.936314847942,0.0,110.0,110.0,110.0,0.0,0.0,0,0,0,0,0,0,0,0,0.0,110.0,110.0,0.0,84,0,0,0,0,0,0,3,330,0,0,0,0,3,110.0,0.0,0.0,0.0,0.0,0.0,0.0,0.0,0.0
138,1.0,1,0,243,0,243.0,243.0,243.0,0.0,0.0,0.0,0.0,0.0,243000000.0,1000000.0,0.0,0.0,0.0,0.0,0.0,0.0,0.0,0.0,0.0,0.0,0.0,0.0,0.0,0.0,0,0,0,0,28,0,1000000.0,0.0,243.0,243.0,243.0,0.0,0.0,0,0,0,0,0,0,0,0,0.0,243.0,243.0,0.0,28,0,0,0,0,0,0,1,243,0,0,0,0,1,243.0,0.0,0.0,0.0,0.0,0.0,0.0,0.0,0.0
1900,4395361.90032959,4,0,671,0,179.0,143.0,167.75,14.411367041332339,0.0,0.0,0.0,0.0,152.66092194813004,0.9100502053539793,1465120.6334431965,804239.4733989632,2048922.061920166,327889.44244384766,4395361.90032959,1465120.6334431965,804239.4733989632,2048922.061920166,327889.44244384766,0.0,0.0,0.0,0.0,0.0,0,0,0,0,112,0,0.9100502053539793,0.0,143.0,179.0,167.75,14.411367041332339,207.6875,0,0,0,0,0,0,0,0,0.0,167.75,167.75,0.0,112,0,0,0,0,0,0,4,671,0,0,0,0,4,143.0,0.0,0.0,0.0,0.0,0.0,0.0,0.0,0.0
62976,1.0,1,0,264,0,264.0,264.0,264.0,0.0,0.0,0.0,0.0,0.0,264000000.0,1000000.0,0.0,0.0,0.0,0.0,0.0,0.0,0.0,0.0,0.0,0.0,0.0,0.0,0.0,0.0,0,0,0,0,28,0,1000000.0,0.0,264.0,264.0,264.0,0.0,0.0,0,0,0,0,0,0,0,0,0.0,264.0,264.0,0.0,28,0,0,0,0,0,0,1,264,0,0,0,0,1,264.0,0.0,0.0,0.0,0.0,0.0,0.0,0.0,0.0
1900,1.0,1,0,167,0,167.0,167.0,167.0,0.0,0.0,0.0,0.0,0.0,167000000.0,1000000.0,0.0,0.0,0.0,0.0,0.0,0.0,0.0,0.0,0.0,0.0,0.0,0.0,0.0,0.0,0,0,0,0,28,0,1000000.0,0.0,167.0,167.0,167.0,0.0,0.0,0,0,0,0,0,0,0,0,0.0,167.0,167.0,0.0,28,0,0,0,0,0,0,1,167,0,0,0,0,1,167.0,0.0,0.0,0.0,0.0,0.0,0.0,0.0,0.0
62976,1.0,1,0,264,0,264.0,264.0,264.0,0.0,0.0,0.0,0.0,0.0,264000000.0,1000000.0,0.0,0.0,0.0,0.0,0.0,0.0,0.0,0.0,0.0,0.0,0.0,0.0,0.0,0.0,0,0,0,0,28,0,1000000.0,0.0,264.0,264.0,264.0,0.0,0.0,0,0,0,0,0,0,0,0,0.0,264.0,264.0,0.0,28,0,0,0,0,0,0,1,264,0,0,0,0,1,264.0,0.0,0.0,0.0,0.0,0.0,0.0,0.0,0.0
37810,1.0,1,0,733,0,733.0,733.0,733.0,0.0,0.0,0.0,0.0,0.0,733000000.0,1000000.0,0.0,0.0,0.0,0.0,0.0,0.0,0.0,0.0,0.0,0.0,0.0,0.0,0.0,0.0,0,0,0,0,28,0,1000000.0,0.0,733.0,733.0,733.0,0.0,0.0,0,0,0,0,0,0,0,0,0.0,733.0,733.0,0.0,28,0,0,0,0,0,0,1,733,0,0,0,0,1,733.0,0.0,0.0,0.0,0.0,0.0,0.0,0.0,0.0
37810,1.0,1,0,731,0,731.0,731.0,731.0,0.0,0.0,0.0,0.0,0.0,731000000.0,1000000.0,0.0,0.0,0.0,0.0,0.0,0.0,0.0,0.0,0.0,0.0,0.0,0.0,0.0,0.0,0,0,0,0,28,0,1000000.0,0.0,731.0,731.0,731.0,0.0,0.0,0,0,0,0,0,0,0,0,0.0,731.0,731.0,0.0,28,0,0,0,0,0,0,1,731,0,0,0,0,1,731.0,0.0,0.0,0.0,0.0,0.0,0.0,0.0,0.0
37810,1.0,1,0,731,0,731.0,731.0,731.0,0.0,0.0,0.0,0.0,0.0,731000000.0,1000000.0,0.0,0.0,0.0,0.0,0.0,0.0,0.0,0.0,0.0,0.0,0.0,0.0,0.0,0.0,0,0,0,0,28,0,1000000.0,0.0,731.0,731.0,731.0,0.0,0.0,0,0,0,0,0,0,0,0,0.0,731.0,731.0,0.0,28,0,0,0,0,0,0,1,731,0,0,0,0,1,731.0,0.0,0.0,0.0,0.0,0.0,0.0,0.0,0.0
37810,1.0,1,0,806,0,806.0,806.0,806.0,0.0,0.0,0.0,0.0,0.0,806000000.0,1000000.0,0.0,0.0,0.0,0.0,0.0,0.0,0.0,0.0,0.0,0.0,0.0,0.0,0.0,0.0,0,0,0,0,28,0,1000000.0,0.0,806.0,806.0,806.0,0.0,0.0,0,0,0,0,0,0,0,0,0.0,806.0,806.0,0.0,28,0,0,0,0,0,0,1,806,0,0,0,0,1,806.0,0.0,0.0,0.0,0.0,0.0,0.0,0.0,0.0
5355,1.0,1,0,75,0,75.0,75.0,75.0,0.0,0.0,0.0,0.0,0.0,75000000.0,1000000.0,0.0,0.0,0.0,0.0,0.0,0.0,0.0,0.0,0.0,0.0,0.0,0.0,0.0,0.0,0,0,0,0,28,0,1000000.0,0.0,75.0,75.0,75.0,0.0,0.0,0,0,0,0,0,0,0,0,0.0,75.0,75.0,0.0,28,0,0,0,0,0,0,1,75,0,0,0,0,1,75.0,0.0,0.0,0.0,0.0,0.0,0.0,0.0,0.0
443,250151.3957977295,12,14,7687,4902,1292.0,73.0,640.5833333333334,549.8104913412337,1292.0,63.0,350.14285714285717,451.3104501880935,50325.523708767825,103.93705746508567,10006.05583190918,22358.781282444535,82809.6866607666,411.2720489501953,167341.7091369629,15212.882648814808,24043.581139670438,60681.10466003418,499.2485046386719,205362.79678344727,15797.138214111328,28474.149792684377,83570.00350952148,411.2720489501953,0,0,0,0,336,392,47.970949599270305,55.96610786581536,63.0,1292.0,484.1923076923077,519.7670350359468,270157.7707100592,0,0,0,0,0,0,0,0,1.1666666666666667,484.1923076923077,640.5833333333334,350.14285714285717,336,0,0,0,0,0,0,12,7687,14,4902,0,0,12,73.0,0.0,0.0,0.0,0.0,0.0,0.0,0.0,0.0
37810,1.0,1,0,731,0,731.0,731.0,731.0,0.0,0.0,0.0,0.0,0.0,731000000.0,1000000.0,0.0,0.0,0.0,0.0,0.0,0.0,0.0,0.0,0.0,0.0,0.0,0.0,0.0,0.0,0,0,0,0,28,0,1000000.0,0.0,731.0,731.0,731.0,0.0,0.0,0,0,0,0,0,0,0,0,0.0,731.0,731.0,0.0,28,0,0,0,0,0,0,1,731,0,0,0,0,1,731.0,0.0,0.0,0.0,0.0,0.0,0.0,0.0,0.0
37810,1.0,1,0,732,0,732.0,732.0,732.0,0.0,0.0,0.0,0.0,0.0,732000000.0,1000000.0,0.0,0.0,0.0,0.0,0.0,0.0,0.0,0.0,0.0,0.0,0.0,0.0,0.0,0.0,0,0,0,0,28,0,1000000.0,0.0,732.0,732.0,732.0,0.0,0.0,0,0,0,0,0,0,0,0,0.0,732.0,732.0,0.0,28,0,0,0,0,0,0,1,732,0,0,0,0,1,732.0,0.0,0.0,0.0,0.0,0.0,0.0,0.0,0.0
1900,9020672.32131958,8,0,1432,0,179.0,179.0,179.0,0.0,0.0,0.0,0.0,0.0,158.7464824119142,0.8868518570498001,1288667.4744742257,1431646.5781294857,2990940.0939941406,8568.286895751953,9020672.32131958,1288667.4744742257,1431646.5781294857,2990940.0939941406,8568.286895751953,0.0,0.0,0.0,0.0,0.0,0,0,0,0,224,0,0.8868518570498001,0.0,179.0,179.0,179.0,0.0,0.0,0,0,0,0,0,0,0,0,0.0,179.0,179.0,0.0,224,0,0,0,0,0,0,8,1432,0,0,0,0,8,179.0,0.0,0.0,0.0,0.0,0.0,0.0,0.0,0.0
1900,6026168.10798645,3,0,429,0,143.0,143.0,143.0,0.0,0.0,0.0,0.0,0.0,71.18951750307936,0.4978287937278277,3013084.053993225,13465.285301208496,3026549.3392944336,2999618.7686920166,6026168.10798645,3013084.053993225,13465.285301208496,3026549.3392944336,2999618.7686920166,0.0,0.0,0.0,0.0,0.0,0,0,0,0,84,0,0.4978287937278277,0.0,143.0,143.0,143.0,0.0,0.0,0,0,0,0,0,0,0,0,0.0,143.0,143.0,0.0,84,0,0,0,0,0,0,3,429,0,0,0,0,3,143.0,0.0,0.0,0.0,0.0,0.0,0.0,0.0,0.0
3702,7007962.942123413,6,0,3996,0,666.0,666.0,666.0,0.0,0.0,0.0,0.0,0.0,570.208494679798,0.8561689109306276,1401592.5884246826,1301122.290444063,3183395.3857421875,95186.47193908691,7007962.942123413,1401592.5884246826,1301122.290444063,3183395.3857421875,95186.47193908691,0.0,0.0,0.0,0.0,0.0,0,0,0,0,168,0,0.8561689109306276,0.0,666.0,666.0,666.0,0.0,0.0,0,0,0,0,0,0,0,0,0.0,666.0,666.0,0.0,168,0,0,0,0,0,0,6,3996,0,0,0,0,6,666.0,0.0,0.0,0.0,0.0,0.0,0.0,0.0,0.0
62976,1.0,1,0,264,0,264.0,264.0,264.0,0.0,0.0,0.0,0.0,0.0,264000000.0,1000000.0,0.0,0.0,0.0,0.0,0.0,0.0,0.0,0.0,0.0,0.0,0.0,0.0,0.0,0.0,0,0,0,0,28,0,1000000.0,0.0,264.0,264.0,264.0,0.0,0.0,0,0,0,0,0,0,0,0,0.0,264.0,264.0,0.0,28,0,0,0,0,0,0,1,264,0,0,0,0,1,264.0,0.0,0.0,0.0,0.0,0.0,0.0,0.0,0.0
62976,1.0,1,0,264,0,264.0,264.0,264.0,0.0,0.0,0.0,0.0,0.0,264000000.0,1000000.0,0.0,0.0,0.0,0.0,0.0,0.0,0.0,0.0,0.0,0.0,0.0,0.0,0.0,0.0,0,0,0,0,28,0,1000000.0,0.0,264.0,264.0,264.0,0.0,0.0,0,0,0,0,0,0,0,0,0.0,264.0,264.0,0.0,28,0,0,0,0,0,0,1,264,0,0,0,0,1,264.0,0.0,0.0,0.0,0.0,0.0,0.0,0.0,0.0
37810,1.0,1,0,733,0,733.0,733.0,733.0,0.0,0.0,0.0,0.0,0.0,733000000.0,1000000.0,0.0,0.0,0.0,0.0,0.0,0.0,0.0,0.0,0.0,0.0,0.0,0.0,0.0,0.0,0,0,0,0,28,0,1000000.0,0.0,733.0,733.0,733.0,0.0,0.0,0,0,0,0,0,0,0,0,0.0,733.0,733.0,0.0,28,0,0,0,0,0,0,1,733,0,0,0,0,1,733.0,0.0,0.0,0.0,0.0,0.0,0.0,0.0,0.0
1900,6028794.050216675,3,0,537,0,179.0,179.0,179.0,0.0,0.0,0.0,0.0,0.0,89.07254013440718,0.4976119560581407,3014397.0251083374,40441.39385223389,3054838.4189605713,2973955.6312561035,6028794.050216675,3014397.0251083374,40441.39385223389,3054838.4189605713,2973955.6312561035,0.0,0.0,0.0,0.0,0.0,0,0,0,0,84,0,0.4976119560581407,0.0,179.0,179.0,179.0,0.0,0.0,0,0,0,0,0,0,0,0,0.0,179.0,179.0,0.0,84,0,0,0,0,0,0,3,537,0,0,0,0,3,179.0,0.0,0.0,0.0,0.0,0.0,0.0,0.0,0.0
1900,3975963.1156921387,3,0,528,0,179.0,174.0,176.0,2.160246899469287,0.0,0.0,0.0,0.0,132.79801261639355,0.7545341625931451,1987981.5578460693,41809.08203125,2029790.6398773193,1946172.4758148193,3975963.1156921387,1987981.5578460693,41809.08203125,2029790.6398773193,1946172.4758148193,0.0,0.0,0.0,0.0,0.0,0,0,0,0,84,0,0.7545341625931451,0.0,174.0,179.0,176.0,2.160246899469287,4.666666666666668,0,0,0,0,0,0,0,0,0.0,176.0,176.0,0.0,84,0,0,0,0,0,0,3,528,0,0,0,0,3,174.0,0.0,0.0,0.0,0.0,0.0,0.0,0.0,0.0
37810,1.0,1,0,733,0,733.0,733.0,733.0,0.0,0.0,0.0,0.0,0.0,733000000.0,1000000.0,0.0,0.0,0.0,0.0,0.0,0.0,0.0,0.0,0.0,0.0,0.0,0.0,0.0,0.0,0,0,0,0,28,0,1000000.0,0.0,733.0,733.0,733.0,0.0,0.0,0,0,0,0,0,0,0,0,0.0,733.0,733.0,0.0,28,0,0,0,0,0,0,1,733,0,0,0,0,1,733.0,0.0,0.0,0.0,0.0,0.0,0.0,0.0,0.0
1900,3000401.496887207,4,0,848,0,212.0,212.0,212.0,0.0,0.0,0.0,0.0,0.0,282.62884179992744,1.3331549141506012,1000133.8322957356,38956.970365039786,1038715.3625488281,946783.3042144775,3000401.496887207,1000133.8322957356,38956.970365039786,1038715.3625488281,946783.3042144775,0.0,0.0,0.0,0.0,0.0,0,0,0,0,112,0,1.3331549141506012,0.0,212.0,212.0,212.0,0.0,0.0,0,0,0,0,0,0,0,0,0.0,212.0,212.0,0.0,112,0,0,0,0,0,0,4,848,0,0,0,0,4,212.0,0.0,0.0,0.0,0.0,0.0,0.0,0.0,0.0
1900,3000264.1677856445,4,0,848,0,212.0,212.0,212.0,0.0,0.0,0.0,0.0,0.0,282.6417783824247,1.3332159357661542,1000088.0559285481,58961.54732464729,1063482.2845458984,921480.655670166,3000264.1677856445,1000088.0559285481,58961.54732464729,1063482.2845458984,921480.655670166,0.0,0.0,0.0,0.0,0.0,0,0,0,0,112,0,1.3332159357661542,0.0,212.0,212.0,212.0,0.0,0.0,0,0,0,0,0,0,0,0,0.0,212.0,212.0,0.0,112,0,0,0,0,0,0,4,848,0,0,0,0,4,212.0,0.0,0.0,0.0,0.0,0.0,0.0,0.0,0.0
37810,1.0,1,0,705,0,705.0,705.0,705.0,0.0,0.0,0.0,0.0,0.0,705000000.0,1000000.0,0.0,0.0,0.0,0.0,0.0,0.0,0.0,0.0,0.0,0.0,0.0,0.0,0.0,0.0,0,0,0,0,28,0,1000000.0,0.0,705.0,705.0,705.0,0.0,0.0,0,0,0,0,0,0,0,0,0.0,705.0,705.0,0.0,28,0,0,0,0,0,0,1,705,0,0,0,0,1,705.0,0.0,0.0,0.0,0.0,0.0,0.0,0.0,0.0
10001,1.0,1,0,201,0,201.0,201.0,201.0,0.0,0.0,0.0,0.0,0.0,201000000.0,1000000.0,0.0,0.0,0.0,0.0,0.0,0.0,0.0,0.0,0.0,0.0,0.0,0.0,0.0,0.0,0,0,0,0,28,0,1000000.0,0.0,201.0,201.0,201.0,0.0,0.0,0,0,0,0,0,0,0,0,0.0,201.0,201.0,0.0,28,0,0,0,0,0,0,1,201,0,0,0,0,1,201.0,0.0,0.0,0.0,0.0,0.0,0.0,0.0,0.0
1900,3037807.2261810303,4,0,856,0,214.0,214.0,214.0,0.0,0.0,0.0,0.0,0.0,281.7821988909144,1.3167392471538055,1012602.40872701,3948.2627766547466,1017942.1901702881,1008518.9342498779,3037807.2261810303,1012602.40872701,3948.2627766547466,1017942.1901702881,1008518.9342498779,0.0,0.0,0.0,0.0,0.0,0,0,0,0,112,0,1.3167392471538055,0.0,214.0,214.0,214.0,0.0,0.0,0,0,0,0,0,0,0,0,0.0,214.0,214.0,0.0,112,0,0,0,0,0,0,4,856,0,0,0,0,4,214.0,0.0,0.0,0.0,0.0,0.0,0.0,0.0,0.0
1900,2984814.8822784424,4,0,848,0,212.0,212.0,212.0,0.0,0.0,0.0,0.0,0.0,284.1047212122863,1.3401166094919166,994938.2940928141,36919.906336139546,1023994.4458007812,942841.2914276123,2984814.8822784424,994938.2940928141,36919.906336139546,1023994.4458007812,942841.2914276123,0.0,0.0,0.0,0.0,0.0,0,0,0,0,112,0,1.3401166094919166,0.0,212.0,212.0,212.0,0.0,0.0,0,0,0,0,0,0,0,0,0.0,212.0,212.0,0.0,112,0,0,0,0,0,0,4,848,0,0,0,0,4,212.0,0.0,0.0,0.0,0.0,0.0,0.0,0.0,0.0
5355,410405.87425231934,2,0,138,0,69.0,69.0,69.0,0.0,0.0,0.0,0.0,0.0,336.2524969980254,4.873224594174281,410405.87425231934,0.0,410405.87425231934,410405.87425231934,410405.87425231934,410405.87425231934,0.0,410405.87425231934,410405.87425231934,0.0,0.0,0.0,0.0,0.0,0,0,0,0,56,0,4.873224594174281,0.0,69.0,69.0,69.0,0.0,0.0,0,0,0,0,0,0,0,0,0.0,69.0,69.0,0.0,56,0,0,0,0,0,0,2,138,0,0,0,0,2,69.0,0.0,0.0,0.0,0.0,0.0,0.0,0.0,0.0
37810,1.0,1,0,806,0,806.0,806.0,806.0,0.0,0.0,0.0,0.0,0.0,806000000.0,1000000.0,0.0,0.0,0.0,0.0,0.0,0.0,0.0,0.0,0.0,0.0,0.0,0.0,0.0,0.0,0,0,0,0,28,0,1000000.0,0.0,806.0,806.0,806.0,0.0,0.0,0,0,0,0,0,0,0,0,0.0,806.0,806.0,0.0,28,0,0,0,0,0,0,1,806,0,0,0,0,1,806.0,0.0,0.0,0.0,0.0,0.0,0.0,0.0,0.0
5355,442491.5313720703,2,0,138,0,69.0,69.0,69.0,0.0,0.0,0.0,0.0,0.0,311.87037539925774,4.519860513032721,442491.5313720703,0.0,442491.5313720703,442491.5313720703,442491.5313720703,442491.5313720703,0.0,442491.5313720703,442491.5313720703,0.0,0.0,0.0,0.0,0.0,0,0,0,0,56,0,4.519860513032721,0.0,69.0,69.0,69.0,0.0,0.0,0,0,0,0,0,0,0,0,0.0,69.0,69.0,0.0,56,0,0,0,0,0,0,2,138,0,0,0,0,2,69.0,0.0,0.0,0.0,0.0,0.0,0.0,0.0,0.0
5355,1.0,1,0,75,0,75.0,75.0,75.0,0.0,0.0,0.0,0.0,0.0,75000000.0,1000000.0,0.0,0.0,0.0,0.0,0.0,0.0,0.0,0.0,0.0,0.0,0.0,0.0,0.0,0.0,0,0,0,0,28,0,1000000.0,0.0,75.0,75.0,75.0,0.0,0.0,0,0,0,0,0,0,0,0,0.0,75.0,75.0,0.0,28,0,0,0,0,0,0,1,75,0,0,0,0,1,75.0,0.0,0.0,0.0,0.0,0.0,0.0,0.0,0.0
37810,1.0,1,0,731,0,731.0,731.0,731.0,0.0,0.0,0.0,0.0,0.0,731000000.0,1000000.0,0.0,0.0,0.0,0.0,0.0,0.0,0.0,0.0,0.0,0.0,0.0,0.0,0.0,0.0,0,0,0,0,28,0,1000000.0,0.0,731.0,731.0,731.0,0.0,0.0,0,0,0,0,0,0,0,0,0.0,731.0,731.0,0.0,28,0,0,0,0,0,0,1,731,0,0,0,0,1,731.0,0.0,0.0,0.0,0.0,0.0,0.0,0.0,0.0
1900,1.0,1,0,175,0,175.0,175.0,175.0,0.0,0.0,0.0,0.0,0.0,175000000.0,1000000.0,0.0,0.0,0.0,0.0,0.0,0.0,0.0,0.0,0.0,0.0,0.0,0.0,0.0,0.0,0,0,0,0,28,0,1000000.0,0.0,175.0,175.0,175.0,0.0,0.0,0,0,0,0,0,0,0,0,0.0,175.0,175.0,0.0,28,0,0,0,0,0,0,1,175,0,0,0,0,1,175.0,0.0,0.0,0.0,0.0,0.0,0.0,0.0,0.0
1900,1.0,1,0,175,0,175.0,175.0,175.0,0.0,0.0,0.0,0.0,0.0,175000000.0,1000000.0,0.0,0.0,0.0,0.0,0.0,0.0,0.0,0.0,0.0,0.0,0.0,0.0,0.0,0.0,0,0,0,0,28,0,1000000.0,0.0,175.0,175.0,175.0,0.0,0.0,0,0,0,0,0,0,0,0,0.0,175.0,175.0,0.0,28,0,0,0,0,0,0,1,175,0,0,0,0,1,175.0,0.0,0.0,0.0,0.0,0.0,0.0,0.0,0.0
37810,1.0,1,0,731,0,731.0,731.0,731.0,0.0,0.0,0.0,0.0,0.0,731000000.0,1000000.0,0.0,0.0,0.0,0.0,0.0,0.0,0.0,0.0,0.0,0.0,0.0,0.0,0.0,0.0,0,0,0,0,28,0,1000000.0,0.0,731.0,731.0,731.0,0.0,0.0,0,0,0,0,0,0,0,0,0.0,731.0,731.0,0.0,28,0,0,0,0,0,0,1,731,0,0,0,0,1,731.0,0.0,0.0,0.0,0.0,0.0,0.0,0.0,0.0
37810,1.0,1,0,732,0,732.0,732.0,732.0,0.0,0.0,0.0,0.0,0.0,732000000.0,1000000.0,0.0,0.0,0.0,0.0,0.0,0.0,0.0,0.0,0.0,0.0,0.0,0.0,0.0,0.0,0,0,0,0,28,0,1000000.0,0.0,732.0,732.0,732.0,0.0,0.0,0,0,0,0,0,0,0,0,0.0,732.0,732.0,0.0,28,0,0,0,0,0,0,1,732,0,0,0,0,1,732.0,0.0,0.0,0.0,0.0,0.0,0.0,0.0,0.0
37810,1.0,1,0,733,0,733.0,733.0,733.0,0.0,0.0,0.0,0.0,0.0,733000000.0,1000000.0,0.0,0.0,0.0,0.0,0.0,0.0,0.0,0.0,0.0,0.0,0.0,0.0,0.0,0.0,0,0,0,0,28,0,1000000.0,0.0,733.0,733.0,733.0,0.0,0.0,0,0,0,0,0,0,0,0,0.0,733.0,733.0,0.0,28,0,0,0,0,0,0,1,733,0,0,0,0,1,733.0,0.0,0.0,0.0,0.0,0.0,0.0,0.0,0.0
443,61315729.85649109,17,19,5151,9465,1514.0,54.0,303.0,469.12271064941933,1514.0,54.0,498.1578947368421,622.0806567401889,238.3727639581004,0.5871250343795577,1751877.9958997455,7818038.639536562,45007267.95196533,208.37783813476562,61212538.48075867,3825783.6550474167,11239907.696532948,45007267.95196533,281.33392333984375,60603626.96647644,3366868.1648042467,10720854.094251368,45304250.717163086,230.55076599121094,6,9,0,0,692,784,0.2772534884570133,0.3098715459225443,54.0,1514.0,406.0,563.6123076489133,317658.8333333333,2,2,0,15,35,0,0,0,1.1176470588235294,406.0,303.0,498.1578947368421,692,0,0,0,0,0,0,17,5151,19,9465,0,0,13,54.0,0.0,0.0,0.0,0.0,0.0,0.0,0.0,0.0
443,60669059.03816223,9,13,2541,5406,1514.0,54.0,282.3333333333333,463.6737358675099,1514.0,54.0,415.84615384615387,602.512795415212,130.9893399698379,0.3626230627074914,2889002.811341059,9915613.76945189,44995864.391326904,211.0004425048828,60669059.03816223,7583632.379770279,14958948.887554111,44995864.391326904,247.2400665283203,60600560.18829346,5050046.682357788,12797124.36341139,45343180.41801453,259.3994140625,2,5,0,0,372,544,0.14834579838033737,0.214277264327154,54.0,1514.0,361.22727272727275,553.8715745318406,306773.7210743802,1,2,0,7,21,0,0,0,1.4444444444444444,361.22727272727275,282.3333333333333,415.84615384615387,372,0,0,0,0,0,0,9,2541,13,5406,0,0,6,54.0,0.0,0.0,0.0,0.0,0.0,0.0,0.0,0.0
443,411813.73596191406,10,10,3979,5239,1514.0,54.0,397.9,568.3133730610251,1514.0,54.0,523.9,653.6008644425128,22383.906108592048,48.56564571185083,21674.407155890214,73115.76990461035,329770.565032959,257.9689025878906,411813.73596191406,45757.08177354601,101045.1687674798,329770.565032959,401.9737243652344,406823.15826416016,45202.57314046224,110127.24365526342,355594.3965911865,349.0447998046875,2,2,0,0,412,412,24.282822855925414,24.282822855925414,54.0,1514.0,460.9,615.6753121573091,379056.09,2,2,0,4,19,0,0,0,1.0,460.9,397.9,523.9,412,0,0,0,0,0,0,10,3979,10,5239,0,0,6,54.0,0.0,0.0,0.0,0.0,0.0,0.0,0.0,0.0
443,410613.2984161377,9,9,3116,5185,1514.0,54.0,346.22222222222223,516.2191132063072,1514.0,54.0,576.1111111111111,668.8797341566211,20216.101212550886,43.83686565786242,24153.723436243396,76534.16502820324,328181.26678466797,284.43336486816406,410613.2984161377,51326.66230201721,105297.94868376461,328181.26678466797,284.43336486816406,406600.9521484375,50825.11901855469,115532.99510126853,355460.64376831055,486.3739013671875,2,2,0,0,372,372,21.91843282893121,21.91843282893121,54.0,1514.0,461.1666666666667,608.4023020264724,370153.36111111095,2,2,0,4,17,0,0,0,1.0,461.1666666666667,346.22222222222223,576.1111111111111,372,0,0,0,0,0,0,9,3116,9,5185,0,0,5,54.0,0.0,0.0,0.0,0.0,0.0,0.0,0.0,0.0
443,504.0168762207031,2,0,108,0,54.0,54.0,54.0,0.0,0.0,0.0,0.0,0.0,214278.53926206243,3968.1210974456008,504.0168762207031,0.0,504.0168762207031,504.0168762207031,504.0168762207031,504.0168762207031,0.0,504.0168762207031,504.0168762207031,0.0,0.0,0.0,0.0,0.0,0,0,0,0,80,0,3968.1210974456008,0.0,54.0,54.0,54.0,0.0,0.0,1,0,1,0,2,0,0,0,0.0,54.0,54.0,0.0,80,0,0,0,0,0,0,2,108,0,0,0,0,1,54.0,0.0,0.0,0.0,0.0,0.0,0.0,0.0,0.0
443,5633624.55368042,4,0,216,0,54.0,54.0,54.0,0.0,0.0,0.0,0.0,0.0,38.34121318199812,0.7100224663332986,1877874.8512268066,1897815.61308704,4502200.603485107,78637.12310791016,5633624.55368042,1877874.8512268066,1897815.61308704,4502200.603485107,78637.12310791016,0.0,0.0,0.0,0.0,0.0,0,0,0,0,160,0,0.7100224663332986,0.0,54.0,54.0,54.0,0.0,0.0,4,0,0,0,4,0,0,0,0.0,54.0,54.0,0.0,160,0,0,0,0,0,0,4,216,0,0,0,0,0,54.0,0.0,0.0,0.0,0.0,0.0,0.0,0.0,0.0
137,82616222.62001038,49,0,5390,0,110.0,110.0,110.0,0.0,0.0,0.0,0.0,0.0,65.24142388827269,0.5931038535297518,1721171.3045835495,5118236.55168366,20761329.650878906,281.8107604980469,82616222.62001038,1721171.3045835495,5118236.55168366,20761329.650878906,281.8107604980469,0.0,0.0,0.0,0.0,0.0,0,0,0,0,1372,0,0.5931038535297518,0.0,110.0,110.0,110.0,0.0,0.0,0,0,0,0,0,0,0,0,0.0,110.0,110.0,0.0,1372,0,0,0,0,0,0,49,5390,0,0,0,0,49,110.0,0.0,0.0,0.0,0.0,0.0,0.0,0.0,0.0
0,74224302.29187012,3,0,138,0,46.0,46.0,46.0,0.0,0.0,0.0,0.0,0.0,1.8592293324273568,0.040418028965812106,37112151.14593506,9418478.48892212,46530629.63485718,27693672.65701294,74224302.29187012,37112151.14593506,9418478.48892212,46530629.63485718,27693672.65701294,0.0,0.0,0.0,0.0,0.0,0,0,0,0,72,0,0.040418028965812106,0.0,46.0,46.0,46.0,0.0,0.0,0,0,0,0,0,0,0,0,0.0,46.0,46.0,0.0,72,0,0,0,0,0,0,3,138,0,0,0,0,3,46.0,0.0,0.0,0.0,0.0,0.0,0.0,0.0,0.0
5353,78441874.50408936,29,0,2522,0,119.0,81.0,86.96551724137932,12.818313296488899,0.0,0.0,0.0,0.0,32.15119495733777,0.3697004971303709,2801495.518003191,4986377.453337122,15477571.0105896,492.8112030029297,78441874.50408936,2801495.518003191,4986377.453337122,15477571.0105896,492.8112030029297,0.0,0.0,0.0,0.0,0.0,0,0,0,0,812,0,0.3697004971303709,0.0,81.0,119.0,86.96551724137932,12.818313296488899,164.30915576694412,0,0,0,0,0,0,0,0,0.0,86.96551724137932,86.96551724137932,0.0,812,0,0,0,0,0,0,29,2522,0,0,0,0,29,81.0,0.0,0.0,0.0,0.0,0.0,0.0,0.0,0.0
0,59916984.79652405,19,0,1066,0,62.0,54.0,56.10526315789474,3.5227790590908445,0.0,0.0,0.0,0.0,17.791282448876526,0.3171054095015516,3328721.3775846693,7384639.767749768,22523699.76043701,205.03997802734375,59916984.79652405,3328721.3775846693,7384639.767749768,22523699.76043701,205.03997802734375,0.0,0.0,0.0,0.0,0.0,0,0,0,0,456,0,0.3171054095015516,0.0,54.0,62.0,56.10526315789474,3.5227790590908445,12.409972299168976,0,0,0,0,0,0,0,0,0.0,56.10526315789474,56.10526315789474,0.0,456,0,0,0,0,0,0,19,1066,0,0,0,0,19,54.0,0.0,0.0,0.0,0.0,0.0,0.0,0.0,0.0
443,166532671.68998718,15,15,3215,6313,841.0,54.0,214.33333333333334,269.20343402135285,1514.0,54.0,420.8666666666667,552.0206356851365,57.213998330231995,0.18014483101458437,5742505.920344386,17714671.566457856,74529774.42741394,214.09988403320312,166532671.68998718,11895190.834999084,24017891.65154302,74529774.42741394,258.2073211669922,165618708.61053467,11829907.757895332,24146717.5968004,74672125.57792664,289.4401550292969,5,8,0,0,612,612,0.09007241550729218,0.09007241550729218,54.0,1514.0,317.6,446.3884407105543,199262.64000000004,4,2,0,13,29,0,0,0,1.0,317.6,214.33333333333334,420.8666666666667,612,0,0,0,0,0,0,15,3215,15,6313,0,0,9,54.0,0.0,0.0,0.0,0.0,0.0,0.0,0.0,0.0
0,46530305.86242676,2,0,92,0,46.0,46.0,46.0,0.0,0.0,0.0,0.0,0.0,1.9772060014393766,0.04298273916172558,46530305.86242676,0.0,46530305.86242676,46530305.86242676,46530305.86242676,46530305.86242676,0.0,46530305.86242676,46530305.86242676,0.0,0.0,0.0,0.0,0.0,0,0,0,0,48,0,0.04298273916172558,0.0,46.0,46.0,46.0,0.0,0.0,0,0,0,0,0,0,0,0,0.0,46.0,46.0,0.0,48,0,0,0,0,0,0,2,92,0,0,0,0,2,46.0,0.0,0.0,0.0,0.0,0.0,0.0,0.0,0.0
0,36481266.498565674,10,0,540,0,54.0,54.0,54.0,0.0,0.0,0.0,0.0,0.0,14.802117684736386,0.2741132904580812,4053474.0553961857,7734819.731232047,22663677.45399475,451.3263702392578,36481266.498565674,4053474.0553961857,7734819.731232047,22663677.45399475,451.3263702392578,0.0,0.0,0.0,0.0,0.0,0,0,0,0,240,0,0.2741132904580812,0.0,54.0,54.0,54.0,0.0,0.0,0,0,0,0,0,0,0,0,0.0,54.0,54.0,0.0,240,0,0,0,0,0,0,10,540,0,0,0,0,10,54.0,0.0,0.0,0.0,0.0,0.0,0.0,0.0,0.0
0,32476565.59944153,17,0,966,0,70.0,54.0,56.8235294117647,6.099520657325044,0.0,0.0,0.0,0.0,29.74452446463771,0.5234543642845145,2029785.3499650955,5169382.474010651,18019605.63659668,210.76202392578125,32476565.59944153,2029785.3499650955,5169382.474010651,18019605.63659668,210.76202392578125,0.0,0.0,0.0,0.0,0.0,0,0,0,0,408,0,0.5234543642845145,0.0,54.0,70.0,56.8235294117647,6.099520657325044,37.20415224913494,0,0,0,0,0,0,0,0,0.0,56.8235294117647,56.8235294117647,0.0,408,0,0,0,0,0,0,17,966,0,0,0,0,17,54.0,0.0,0.0,0.0,0.0,0.0,0.0,0.0,0.0
5353,33042742.013931274,16,0,1420,0,119.0,81.0,88.75,14.536591760106631,0.0,0.0,0.0,0.0,42.97464173528058,0.4842213153271051,2202849.4675954184,3923043.501609754,12503335.71434021,835.418701171875,33042742.013931274,2202849.4675954184,3923043.501609754,12503335.71434021,835.418701171875,0.0,0.0,0.0,0.0,0.0,0,0,0,0,448,0,0.4842213153271051,0.0,81.0,119.0,88.75,14.536591760106631,211.3125,0,0,0,0,0,0,0,0,0.0,88.75,88.75,0.0,448,0,0,0,0,0,0,16,1420,0,0,0,0,16,81.0,0.0,0.0,0.0,0.0,0.0,0.0,0.0,0.0
137,34525078.773498535,34,0,3740,0,110.0,110.0,110.0,0.0,0.0,0.0,0.0,0.0,108.32705189570271,0.9847913808700247,1046214.5082878345,3029673.0007001767,15691195.964813232,293.0164337158203,34525078.773498535,1046214.5082878345,3029673.0007001767,15691195.964813232,293.0164337158203,0.0,0.0,0.0,0.0,0.0,0,0,0,0,952,0,0.9847913808700247,0.0,110.0,110.0,110.0,0.0,0.0,0,0,0,0,0,0,0,0,0.0,110.0,110.0,0.0,952,0,0,0,0,0,0,34,3740,0,0,0,0,34,110.0,0.0,0.0,0.0,0.0,0.0,0.0,0.0,0.0
10004,14949651.956558228,18,0,2250,0,125.0,125.0,125.0,0.0,0.0,0.0,0.0,0.0,150.5051760762198,1.2040414086097584,879391.2915622487,1398118.4883148288,3923213.7203216553,261.54518127441406,14949651.956558228,879391.2915622487,1398118.4883148288,3923213.7203216553,261.54518127441406,0.0,0.0,0.0,0.0,0.0,0,0,0,0,504,0,1.2040414086097584,0.0,125.0,125.0,125.0,0.0,0.0,0,0,0,0,0,0,0,0,0.0,125.0,125.0,0.0,504,0,0,0,0,0,0,18,2250,0,0,0,0,18,125.0,0.0,0.0,0.0,0.0,0.0,0.0,0.0,0.0
22222,14940359.354019165,6,0,420,0,70.0,70.0,70.0,0.0,0.0,0.0,0.0,0.0,28.111773622567796,0.4015967660366828,2988071.870803833,605305.8109581406,3927330.255508423,2017371.1776733398,14940359.354019165,2988071.870803833,605305.8109581406,3927330.255508423,2017371.1776733398,0.0,0.0,0.0,0.0,0.0,0,0,0,0,168,0,0.4015967660366828,0.0,70.0,70.0,70.0,0.0,0.0,0,0,0,0,0,0,0,0,0.0,70.0,70.0,0.0,168,0,0,0,0,0,0,6,420,0,0,0,0,6,70.0,0.0,0.0,0.0,0.0,0.0,0.0,0.0,0.0
22222,14941982.746124268,6,0,420,0,70.0,70.0,70.0,0.0,0.0,0.0,0.0,0.0,28.108719380561585,0.4015531340080226,2988396.5492248535,605441.0759418183,3927686.929702759,2017392.635345459,14941982.746124268,2988396.5492248535,605441.0759418183,3927686.929702759,2017392.635345459,0.0,0.0,0.0,0.0,0.0,0,0,0,0,168,0,0.4015531340080226,0.0,70.0,70.0,70.0,0.0,0.0,0,0,0,0,0,0,0,0,0.0,70.0,70.0,0.0,168,0,0,0,0,0,0,6,420,0,0,0,0,6,70.0,0.0,0.0,0.0,0.0,0.0,0.0,0.0,0.0
22222,14942214.965820312,6,0,420,0,70.0,70.0,70.0,0.0,0.0,0.0,0.0,0.0,28.108282537811984,0.4015468933973141,2988442.9931640625,605815.4508952969,3928603.8875579834,2017176.628112793,14942214.965820312,2988442.9931640625,605815.4508952969,3928603.8875579834,2017176.628112793,0.0,0.0,0.0,0.0,0.0,0,0,0,0,168,0,0.4015468933973141,0.0,70.0,70.0,70.0,0.0,0.0,0,0,0,0,0,0,0,0,0.0,70.0,70.0,0.0,168,0,0,0,0,0,0,6,420,0,0,0,0,6,70.0,0.0,0.0,0.0,0.0,0.0,0.0,0.0,0.0
22222,14936041.593551636,6,0,420,0,70.0,70.0,70.0,0.0,0.0,0.0,0.0,0.0,28.11990026737254,0.40171286096246483,2987208.318710327,607798.3631792667,3931218.8625335693,2013243.1983947754,14936041.593551636,2987208.318710327,607798.3631792667,3931218.8625335693,2013243.1983947754,0.0,0.0,0.0,0.0,0.0,0,0,0,0,168,0,0.40171286096246483,0.0,70.0,70.0,70.0,0.0,0.0,0,0,0,0,0,0,0,0,0.0,70.0,70.0,0.0,168,0,0,0,0,0,0,6,420,0,0,0,0,6,70.0,0.0,0.0,0.0,0.0,0.0,0.0,0.0,0.0
22222,14941244.36378479,6,0,420,0,70.0,70.0,70.0,0.0,0.0,0.0,0.0,0.0,28.11010848721633,0.40157297838880474,2988248.872756958,607676.4666763594,3930520.0576782227,2012855.2913665771,14941244.36378479,2988248.872756958,607676.4666763594,3930520.0576782227,2012855.2913665771,0.0,0.0,0.0,0.0,0.0,0,0,0,0,168,0,0.40157297838880474,0.0,70.0,70.0,70.0,0.0,0.0,0,0,0,0,0,0,0,0,0.0,70.0,70.0,0.0,168,0,0,0,0,0,0,6,420,0,0,0,0,6,70.0,0.0,0.0,0.0,0.0,0.0,0.0,0.0,0.0
22222,14941241.979598999,5,0,350,0,70.0,70.0,70.0,0.0,0.0,0.0,0.0,0.0,23.425094143973798,0.33464420205676854,3735310.4948997498,825352.490974603,5003643.274307251,2945492.98286438,14941241.979598999,3735310.4948997498,825352.490974603,5003643.274307251,2945492.98286438,0.0,0.0,0.0,0.0,0.0,0,0,0,0,140,0,0.33464420205676854,0.0,70.0,70.0,70.0,0.0,0.0,0,0,0,0,0,0,0,0,0.0,70.0,70.0,0.0,140,0,0,0,0,0,0,5,350,0,0,0,0,5,70.0,0.0,0.0,0.0,0.0,0.0,0.0,0.0,0.0
3289,14931301.11694336,6,0,336,0,56.0,56.0,56.0,0.0,0.0,0.0,0.0,0.0,22.50306234991956,0.40184039910570646,2986260.223388672,602588.8502845279,3931017.8756713867,2029116.3921356201,14931301.11694336,2986260.223388672,602588.8502845279,3931017.8756713867,2029116.3921356201,0.0,0.0,0.0,0.0,0.0,0,0,0,0,168,0,0.40184039910570646,0.0,56.0,56.0,56.0,0.0,0.0,0,0,0,0,0,0,0,0,0.0,56.0,56.0,0.0,168,0,0,0,0,0,0,6,336,0,0,0,0,6,56.0,0.0,0.0,0.0,0.0,0.0,0.0,0.0,0.0
3289,14926105.02243042,6,0,336,0,56.0,56.0,56.0,0.0,0.0,0.0,0.0,0.0,22.510896144377327,0.40198028829245225,2985221.004486084,602729.5820579319,3931398.868560791,2028637.8860473633,14926105.02243042,2985221.004486084,602729.5820579319,3931398.868560791,2028637.8860473633,0.0,0.0,0.0,0.0,0.0,0,0,0,0,168,0,0.40198028829245225,0.0,56.0,56.0,56.0,0.0,0.0,0,0,0,0,0,0,0,0,0.0,56.0,56.0,0.0,168,0,0,0,0,0,0,6,336,0,0,0,0,6,56.0,0.0,0.0,0.0,0.0,0.0,0.0,0.0,0.0
3289,14926175.832748413,6,0,336,0,56.0,56.0,56.0,0.0,0.0,0.0,0.0,0.0,22.510789351871857,0.401978381283426,2985235.1665496826,603361.6046901877,3932573.5569000244,2027832.269668579,14926175.832748413,2985235.1665496826,603361.6046901877,3932573.5569000244,2027832.269668579,0.0,0.0,0.0,0.0,0.0,0,0,0,0,168,0,0.401978381283426,0.0,56.0,56.0,56.0,0.0,0.0,0,0,0,0,0,0,0,0,0.0,56.0,56.0,0.0,168,0,0,0,0,0,0,6,336,0,0,0,0,6,56.0,0.0,0.0,0.0,0.0,0.0,0.0,0.0,0.0
1900,2893548.2501983643,3,0,651,0,217.0,217.0,217.0,0.0,0.0,0.0,0.0,0.0,224.98328823629305,1.0367893467110278,1446774.1250991821,422792.31548309326,1869566.4405822754,1023981.8096160889,2893548.2501983643,1446774.1250991821,422792.31548309326,1869566.4405822754,1023981.8096160889,0.0,0.0,0.0,0.0,0.0,0,0,0,0,84,0,1.0367893467110278,0.0,217.0,217.0,217.0,0.0,0.0,0,0,0,0,0,0,0,0,0.0,217.0,217.0,0.0,84,0,0,0,0,0,0,3,651,0,0,0,0,3,217.0,0.0,0.0,0.0,0.0,0.0,0.0,0.0,0.0
5355,499219.6559906006,2,0,130,0,65.0,65.0,65.0,0.0,0.0,0.0,0.0,0.0,260.4064131690513,4.0062525102930975,499219.6559906006,0.0,499219.6559906006,499219.6559906006,499219.6559906006,499219.6559906006,0.0,499219.6559906006,499219.6559906006,0.0,0.0,0.0,0.0,0.0,0,0,0,0,56,0,4.0062525102930975,0.0,65.0,65.0,65.0,0.0,0.0,0,0,0,0,0,0,0,0,0.0,65.0,65.0,0.0,56,0,0,0,0,0,0,2,130,0,0,0,0,2,65.0,0.0,0.0,0.0,0.0,0.0,0.0,0.0,0.0
138,1.0,1,0,243,0,243.0,243.0,243.0,0.0,0.0,0.0,0.0,0.0,243000000.0,1000000.0,0.0,0.0,0.0,0.0,0.0,0.0,0.0,0.0,0.0,0.0,0.0,0.0,0.0,0.0,0,0,0,0,28,0,1000000.0,0.0,243.0,243.0,243.0,0.0,0.0,0,0,0,0,0,0,0,0,0.0,243.0,243.0,0.0,28,0,0,0,0,0,0,1,243,0,0,0,0,1,243.0,0.0,0.0,0.0,0.0,0.0,0.0,0.0,0.0
37810,1.0,1,0,733,0,733.0,733.0,733.0,0.0,0.0,0.0,0.0,0.0,733000000.0,1000000.0,0.0,0.0,0.0,0.0,0.0,0.0,0.0,0.0,0.0,0.0,0.0,0.0,0.0,0.0,0,0,0,0,28,0,1000000.0,0.0,733.0,733.0,733.0,0.0,0.0,0,0,0,0,0,0,0,0,0.0,733.0,733.0,0.0,28,0,0,0,0,0,0,1,733,0,0,0,0,1,733.0,0.0,0.0,0.0,0.0,0.0,0.0,0.0,0.0
37810,1.0,1,0,731,0,731.0,731.0,731.0,0.0,0.0,0.0,0.0,0.0,731000000.0,1000000.0,0.0,0.0,0.0,0.0,0.0,0.0,0.0,0.0,0.0,0.0,0.0,0.0,0.0,0.0,0,0,0,0,28,0,1000000.0,0.0,731.0,731.0,731.0,0.0,0.0,0,0,0,0,0,0,0,0,0.0,731.0,731.0,0.0,28,0,0,0,0,0,0,1,731,0,0,0,0,1,731.0,0.0,0.0,0.0,0.0,0.0,0.0,0.0,0.0
37810,1.0,1,0,728,0,728.0,728.0,728.0,0.0,0.0,0.0,0.0,0.0,728000000.0,1000000.0,0.0,0.0,0.0,0.0,0.0,0.0,0.0,0.0,0.0,0.0,0.0,0.0,0.0,0.0,0,0,0,0,28,0,1000000.0,0.0,728.0,728.0,728.0,0.0,0.0,0,0,0,0,0,0,0,0,0.0,728.0,728.0,0.0,28,0,0,0,0,0,0,1,728,0,0,0,0,1,728.0,0.0,0.0,0.0,0.0,0.0,0.0,0.0,0.0
5355,1.0,1,0,65,0,65.0,65.0,65.0,0.0,0.0,0.0,0.0,0.0,65000000.0,1000000.0,0.0,0.0,0.0,0.0,0.0,0.0,0.0,0.0,0.0,0.0,0.0,0.0,0.0,0.0,0,0,0,0,28,0,1000000.0,0.0,65.0,65.0,65.0,0.0,0.0,0,0,0,0,0,0,0,0,0.0,65.0,65.0,0.0,28,0,0,0,0,0,0,1,65,0,0,0,0,1,65.0,0.0,0.0,0.0,0.0,0.0,0.0,0.0,0.0
5355,292709.1121673584,2,0,130,0,65.0,65.0,65.0,0.0,0.0,0.0,0.0,0.0,444.1269321525994,6.832722033116914,292709.1121673584,0.0,292709.1121673584,292709.1121673584,292709.1121673584,292709.1121673584,0.0,292709.1121673584,292709.1121673584,0.0,0.0,0.0,0.0,0.0,0,0,0,0,56,0,6.832722033116914,0.0,65.0,65.0,65.0,0.0,0.0,0,0,0,0,0,0,0,0,0.0,65.0,65.0,0.0,56,0,0,0,0,0,0,2,130,0,0,0,0,2,65.0,0.0,0.0,0.0,0.0,0.0,0.0,0.0,0.0
1900,1.0,1,0,167,0,167.0,167.0,167.0,0.0,0.0,0.0,0.0,0.0,167000000.0,1000000.0,0.0,0.0,0.0,0.0,0.0,0.0,0.0,0.0,0.0,0.0,0.0,0.0,0.0,0.0,0,0,0,0,28,0,1000000.0,0.0,167.0,167.0,167.0,0.0,0.0,0,0,0,0,0,0,0,0,0.0,167.0,167.0,0.0,28,0,0,0,0,0,0,1,167,0,0,0,0,1,167.0,0.0,0.0,0.0,0.0,0.0,0.0,0.0,0.0
37810,1.0,1,0,731,0,731.0,731.0,731.0,0.0,0.0,0.0,0.0,0.0,731000000.0,1000000.0,0.0,0.0,0.0,0.0,0.0,0.0,0.0,0.0,0.0,0.0,0.0,0.0,0.0,0.0,0,0,0,0,28,0,1000000.0,0.0,731.0,731.0,731.0,0.0,0.0,0,0,0,0,0,0,0,0,0.0,731.0,731.0,0.0,28,0,0,0,0,0,0,1,731,0,0,0,0,1,731.0,0.0,0.0,0.0,0.0,0.0,0.0,0.0,0.0
5355,1.0,1,0,75,0,75.0,75.0,75.0,0.0,0.0,0.0,0.0,0.0,75000000.0,1000000.0,0.0,0.0,0.0,0.0,0.0,0.0,0.0,0.0,0.0,0.0,0.0,0.0,0.0,0.0,0,0,0,0,28,0,1000000.0,0.0,75.0,75.0,75.0,0.0,0.0,0,0,0,0,0,0,0,0,0.0,75.0,75.0,0.0,28,0,0,0,0,0,0,1,75,0,0,0,0,1,75.0,0.0,0.0,0.0,0.0,0.0,0.0,0.0,0.0
3702,14022927.76107788,4,0,4496,0,1124.0,1124.0,1124.0,0.0,0.0,0.0,0.0,0.0,320.6177822921632,0.28524713727060785,4674309.253692627,6244628.800473105,13502060.890197754,45528.65028381348,14022927.76107788,4674309.253692627,6244628.800473105,13502060.890197754,45528.65028381348,0.0,0.0,0.0,0.0,0.0,0,0,0,0,112,0,0.28524713727060785,0.0,1124.0,1124.0,1124.0,0.0,0.0,0,0,0,0,0,0,0,0,0.0,1124.0,1124.0,0.0,112,0,0,0,0,0,0,4,4496,0,0,0,0,4,1124.0,0.0,0.0,0.0,0.0,0.0,0.0,0.0,0.0
1900,287300.34828186035,3,0,537,0,179.0,179.0,179.0,0.0,0.0,0.0,0.0,0.0,1869.1240829028443,10.442033982697454,143650.17414093018,134475.35037994385,278125.524520874,9174.823760986328,287300.34828186035,143650.17414093018,134475.35037994385,278125.524520874,9174.823760986328,0.0,0.0,0.0,0.0,0.0,0,0,0,0,84,0,10.442033982697454,0.0,179.0,179.0,179.0,0.0,0.0,0,0,0,0,0,0,0,0,0.0,179.0,179.0,0.0,84,0,0,0,0,0,0,3,537,0,0,0,0,3,179.0,0.0,0.0,0.0,0.0,0.0,0.0,0.0,0.0
1900,12186319.589614868,5,0,895,0,179.0,179.0,179.0,0.0,0.0,0.0,0.0,0.0,73.44301069887543,0.41029614915572865,3046579.897403717,750227.6353989332,4094680.3092956543,1973111.1526489258,12186319.589614868,3046579.897403717,750227.6353989332,4094680.3092956543,1973111.1526489258,0.0,0.0,0.0,0.0,0.0,0,0,0,0,140,0,0.41029614915572865,0.0,179.0,179.0,179.0,0.0,0.0,0,0,0,0,0,0,0,0,0.0,179.0,179.0,0.0,140,0,0,0,0,0,0,5,895,0,0,0,0,5,179.0,0.0,0.0,0.0,0.0,0.0,0.0,0.0,0.0
53,56041.95594787598,1,1,97,532,97.0,97.0,97.0,0.0,532.0,532.0,532.0,0.0,11223.733885823438,35.687548126624606,56041.95594787598,0.0,56041.95594787598,56041.95594787598,0.0,0.0,0.0,0.0,0.0,0.0,0.0,0.0,0.0,0.0,0,0,0,0,28,28,17.843774063312303,17.843774063312303,97.0,532.0,314.5,217.5,47306.25,0,0,0,0,0,0,0,0,1.0,314.5,97.0,532.0,28,0,0,0,0,0,0,1,97,1,532,0,0,1,97.0,0.0,0.0,0.0,0.0,0.0,0.0,0.0,0.0
53,57520.86639404297,1,1,97,532,97.0,97.0,97.0,0.0,532.0,532.0,532.0,0.0,10935.1621321396,34.76999088120699,57520.86639404297,0.0,57520.86639404297,57520.86639404297,0.0,0.0,0.0,0.0,0.0,0.0,0.0,0.0,0.0,0.0,0,0,0,0,28,28,17.384995440603497,17.384995440603497,97.0,532.0,314.5,217.5,47306.25,0,0,0,0,0,0,0,0,1.0,314.5,97.0,532.0,28,0,0,0,0,0,0,1,97,1,532,0,0,1,97.0,0.0,0.0,0.0,0.0,0.0,0.0,0.0,0.0
53,56137.800216674805,1,1,97,532,97.0,97.0,97.0,0.0,532.0,532.0,532.0,0.0,11204.571564476193,35.626618646983125,56137.800216674805,0.0,56137.800216674805,56137.800216674805,0.0,0.0,0.0,0.0,0.0,0.0,0.0,0.0,0.0,0.0,0,0,0,0,28,28,17.813309323491563,17.813309323491563,97.0,532.0,314.5,217.5,47306.25,0,0,0,0,0,0,0,0,1.0,314.5,97.0,532.0,28,0,0,0,0,0,0,1,97,1,532,0,0,1,97.0,0.0,0.0,0.0,0.0,0.0,0.0,0.0,0.0
53,51753.04412841797,1,1,97,532,97.0,97.0,97.0,0.0,532.0,532.0,532.0,0.0,12153.874435660715,38.64506974772882,51753.04412841797,0.0,51753.04412841797,51753.04412841797,0.0,0.0,0.0,0.0,0.0,0.0,0.0,0.0,0.0,0.0,0,0,0,0,28,28,19.32253487386441,19.32253487386441,97.0,532.0,314.5,217.5,47306.25,0,0,0,0,0,0,0,0,1.0,314.5,97.0,532.0,28,0,0,0,0,0,0,1,97,1,532,0,0,1,97.0,0.0,0.0,0.0,0.0,0.0,0.0,0.0,0.0
443,125639562.60681152,12,9,1967,3557,701.0,54.0,163.91666666666666,178.19907329226555,1514.0,54.0,395.22222222222223,500.71033493045945,43.96704258902376,0.16714480347022068,6281978.130340576,27131459.865750004,124544754.02832031,328.30238342285156,1094808.578491211,99528.05259011009,107686.20887712366,237232.92350769043,763.1778717041016,125434672.11723328,15679334.01465416,41169320.627355896,124602823.49586487,328.30238342285156,6,5,0,0,492,372,0.09551131626869754,0.07163348720152315,54.0,1514.0,263.04761904761904,372.4187960310116,138695.75963718822,0,2,1,11,20,0,0,0,0.75,263.04761904761904,163.91666666666666,395.22222222222223,492,0,0,0,0,0,0,12,1967,9,3557,0,0,10,54.0,0.0,0.0,0.0,0.0,0.0,0.0,0.0,0.0
443,1071680.3073883057,12,10,1967,3610,701.0,54.0,163.91666666666666,178.19907329226555,1514.0,54.0,361.0,485.8870239057635,5203.977306992976,20.528510086757304,51032.39558991932,73672.39659741272,197465.181350708,561.2373352050781,1071680.3073883057,97425.48248984596,105832.97616430669,239596.60530090332,561.2373352050781,832654.9530029297,92517.21700032552,87186.23954146652,204159.02137756348,571.9661712646484,6,5,0,0,492,412,11.197369138231256,9.331140948526047,54.0,1514.0,253.5,366.4191278750705,134262.97727272726,0,2,0,11,21,0,0,0,0.8333333333333334,253.5,163.91666666666666,361.0,492,0,0,0,0,0,0,12,1967,10,3610,0,0,10,54.0,0.0,0.0,0.0,0.0,0.0,0.0,0.0,0.0
443,132969163.65623474,17,9,2236,3558,701.0,54.0,131.52941176470588,157.84322737788196,1514.0,54.0,395.3333333333333,500.8501661064803,43.57401250548008,0.19553405680747016,5318766.54624939,24839729.54712221,126977275.84838867,321.38824462890625,132969163.65623474,8310572.728514671,30646701.573194146,126977275.84838867,789.1654968261719,831569.1947937012,103946.14934921265,103572.46231988295,220223.90365600586,321.38824462890625,6,5,0,0,692,372,0.1278491909894997,0.06768486581797044,54.0,1514.0,222.84615384615384,344.7813903049173,118874.20710059172,5,2,0,11,25,0,0,0,0.5294117647058824,222.84615384615384,131.52941176470588,395.3333333333333,692,0,0,0,0,0,0,17,2236,9,3558,0,0,10,54.0,0.0,0.0,0.0,0.0,0.0,0.0,0.0,0.0
1900,1.0,1,0,179,0,179.0,179.0,179.0,0.0,0.0,0.0,0.0,0.0,179000000.0,1000000.0,0.0,0.0,0.0,0.0,0.0,0.0,0.0,0.0,0.0,0.0,0.0,0.0,0.0,0.0,0,0,0,0,28,0,1000000.0,0.0,179.0,179.0,179.0,0.0,0.0,0,0,0,0,0,0,0,0,0.0,179.0,179.0,0.0,28,0,0,0,0,0,0,1,179,0,0,0,0,1,179.0,0.0,0.0,0.0,0.0,0.0,0.0,0.0,0.0
62976,1.0,1,0,264,0,264.0,264.0,264.0,0.0,0.0,0.0,0.0,0.0,264000000.0,1000000.0,0.0,0.0,0.0,0.0,0.0,0.0,0.0,0.0,0.0,0.0,0.0,0.0,0.0,0.0,0,0,0,0,28,0,1000000.0,0.0,264.0,264.0,264.0,0.0,0.0,0,0,0,0,0,0,0,0,0.0,264.0,264.0,0.0,28,0,0,0,0,0,0,1,264,0,0,0,0,1,264.0,0.0,0.0,0.0,0.0,0.0,0.0,0.0,0.0
5355,389936.9239807129,2,0,128,0,64.0,64.0,64.0,0.0,0.0,0.0,0.0,0.0,328.2582185172368,5.129034664331825,389936.9239807129,0.0,389936.9239807129,389936.9239807129,389936.9239807129,389936.9239807129,0.0,389936.9239807129,389936.9239807129,0.0,0.0,0.0,0.0,0.0,0,0,0,0,56,0,5.129034664331825,0.0,64.0,64.0,64.0,0.0,0.0,0,0,0,0,0,0,0,0,0.0,64.0,64.0,0.0,56,0,0,0,0,0,0,2,128,0,0,0,0,2,64.0,0.0,0.0,0.0,0.0,0.0,0.0,0.0,0.0
5355,386276.7219543457,2,0,128,0,64.0,64.0,64.0,0.0,0.0,0.0,0.0,0.0,331.36866066479774,5.177635322887465,386276.7219543457,0.0,386276.7219543457,386276.7219543457,386276.7219543457,386276.7219543457,0.0,386276.7219543457,386276.7219543457,0.0,0.0,0.0,0.0,0.0,0,0,0,0,56,0,5.177635322887465,0.0,64.0,64.0,64.0,0.0,0.0,0,0,0,0,0,0,0,0,0.0,64.0,64.0,0.0,56,0,0,0,0,0,0,2,128,0,0,0,0,2,64.0,0.0,0.0,0.0,0.0,0.0,0.0,0.0,0.0
5355,389102.9357910156,2,0,128,0,64.0,64.0,64.0,0.0,0.0,0.0,0.0,0.0,328.96179449221086,5.140028038940795,389102.9357910156,0.0,389102.9357910156,389102.9357910156,389102.9357910156,389102.9357910156,0.0,389102.9357910156,389102.9357910156,0.0,0.0,0.0,0.0,0.0,0,0,0,0,56,0,5.140028038940795,0.0,64.0,64.0,64.0,0.0,0.0,0,0,0,0,0,0,0,0,0.0,64.0,64.0,0.0,56,0,0,0,0,0,0,2,128,0,0,0,0,2,64.0,0.0,0.0,0.0,0.0,0.0,0.0,0.0,0.0
5355,388738.39378356934,2,0,128,0,64.0,64.0,64.0,0.0,0.0,0.0,0.0,0.0,329.2702805971467,5.1448481343304175,388738.39378356934,0.0,388738.39378356934,388738.39378356934,388738.39378356934,388738.39378356934,0.0,388738.39378356934,388738.39378356934,0.0,0.0,0.0,0.0,0.0,0,0,0,0,56,0,5.1448481343304175,0.0,64.0,64.0,64.0,0.0,0.0,0,0,0,0,0,0,0,0,0.0,64.0,64.0,0.0,56,0,0,0,0,0,0,2,128,0,0,0,0,2,64.0,0.0,0.0,0.0,0.0,0.0,0.0,0.0,0.0
37810,1.0,1,0,728,0,728.0,728.0,728.0,0.0,0.0,0.0,0.0,0.0,728000000.0,1000000.0,0.0,0.0,0.0,0.0,0.0,0.0,0.0,0.0,0.0,0.0,0.0,0.0,0.0,0.0,0,0,0,0,28,0,1000000.0,0.0,728.0,728.0,728.0,0.0,0.0,0,0,0,0,0,0,0,0,0.0,728.0,728.0,0.0,28,0,0,0,0,0,0,1,728,0,0,0,0,1,728.0,0.0,0.0,0.0,0.0,0.0,0.0,0.0,0.0
0,13517824.172973633,13,0,718,0,62.0,54.0,55.23076923076923,2.88640969835288,0.0,0.0,0.0,0.0,53.11505689173758,0.9616932306303462,1126485.3477478027,3689582.060754927,13363197.326660156,223.63662719726562,13517824.172973633,1126485.3477478027,3689582.060754927,13363197.326660156,223.63662719726562,0.0,0.0,0.0,0.0,0.0,0,0,0,0,312,0,0.9616932306303462,0.0,54.0,62.0,55.23076923076923,2.88640969835288,8.331360946745564,0,0,0,0,0,0,0,0,0.0,55.23076923076923,55.23076923076923,0.0,312,0,0,0,0,0,0,13,718,0,0,0,0,13,54.0,0.0,0.0,0.0,0.0,0.0,0.0,0.0,0.0
5355,1.0,1,0,75,0,75.0,75.0,75.0,0.0,0.0,0.0,0.0,0.0,75000000.0,1000000.0,0.0,0.0,0.0,0.0,0.0,0.0,0.0,0.0,0.0,0.0,0.0,0.0,0.0,0.0,0,0,0,0,28,0,1000000.0,0.0,75.0,75.0,75.0,0.0,0.0,0,0,0,0,0,0,0,0,0.0,75.0,75.0,0.0,28,0,0,0,0,0,0,1,75,0,0,0,0,1,75.0,0.0,0.0,0.0,0.0,0.0,0.0,0.0,0.0
37810,1.0,1,0,732,0,732.0,732.0,732.0,0.0,0.0,0.0,0.0,0.0,732000000.0,1000000.0,0.0,0.0,0.0,0.0,0.0,0.0,0.0,0.0,0.0,0.0,0.0,0.0,0.0,0.0,0,0,0,0,28,0,1000000.0,0.0,732.0,732.0,732.0,0.0,0.0,0,0,0,0,0,0,0,0,0.0,732.0,732.0,0.0,28,0,0,0,0,0,0,1,732,0,0,0,0,1,732.0,0.0,0.0,0.0,0.0,0.0,0.0,0.0,0.0
5355,395225.52490234375,2,0,130,0,65.0,65.0,65.0,0.0,0.0,0.0,0.0,0.0,328.92612396965427,5.06040190722545,395225.52490234375,0.0,395225.52490234375,395225.52490234375,395225.52490234375,395225.52490234375,0.0,395225.52490234375,395225.52490234375,0.0,0.0,0.0,0.0,0.0,0,0,0,0,56,0,5.06040190722545,0.0,65.0,65.0,65.0,0.0,0.0,0,0,0,0,0,0,0,0,0.0,65.0,65.0,0.0,56,0,0,0,0,0,0,2,130,0,0,0,0,2,65.0,0.0,0.0,0.0,0.0,0.0,0.0,0.0,0.0
5353,1.0,1,0,77,0,77.0,77.0,77.0,0.0,0.0,0.0,0.0,0.0,77000000.0,1000000.0,0.0,0.0,0.0,0.0,0.0,0.0,0.0,0.0,0.0,0.0,0.0,0.0,0.0,0.0,0,0,0,0,28,0,1000000.0,0.0,77.0,77.0,77.0,0.0,0.0,0,0,0,0,0,0,0,0,0.0,77.0,77.0,0.0,28,0,0,0,0,0,0,1,77,0,0,0,0,1,77.0,0.0,0.0,0.0,0.0,0.0,0.0,0.0,0.0
53,14772.176742553711,1,1,96,624,96.0,96.0,96.0,0.0,624.0,624.0,624.0,0.0,48740.27792572507,135.38966090479187,14772.176742553711,0.0,14772.176742553711,14772.176742553711,0.0,0.0,0.0,0.0,0.0,0.0,0.0,0.0,0.0,0.0,0,0,0,0,28,28,67.69483045239593,67.69483045239593,96.0,624.0,360.0,264.0,69696.0,0,0,0,0,0,0,0,0,1.0,360.0,96.0,624.0,28,0,0,0,0,0,0,1,96,1,624,0,0,1,96.0,0.0,0.0,0.0,0.0,0.0,0.0,0.0,0.0
10001,1.0,1,0,201,0,201.0,201.0,201.0,0.0,0.0,0.0,0.0,0.0,201000000.0,1000000.0,0.0,0.0,0.0,0.0,0.0,0.0,0.0,0.0,0.0,0.0,0.0,0.0,0.0,0.0,0,0,0,0,28,0,1000000.0,0.0,201.0,201.0,201.0,0.0,0.0,0,0,0,0,0,0,0,0,0.0,201.0,201.0,0.0,28,0,0,0,0,0,0,1,201,0,0,0,0,1,201.0,0.0,0.0,0.0,0.0,0.0,0.0,0.0,0.0
37810,1.0,1,0,731,0,731.0,731.0,731.0,0.0,0.0,0.0,0.0,0.0,731000000.0,1000000.0,0.0,0.0,0.0,0.0,0.0,0.0,0.0,0.0,0.0,0.0,0.0,0.0,0.0,0.0,0,0,0,0,28,0,1000000.0,0.0,731.0,731.0,731.0,0.0,0.0,0,0,0,0,0,0,0,0,0.0,731.0,731.0,0.0,28,0,0,0,0,0,0,1,731,0,0,0,0,1,731.0,0.0,0.0,0.0,0.0,0.0,0.0,0.0,0.0
5355,1.0,1,0,65,0,65.0,65.0,65.0,0.0,0.0,0.0,0.0,0.0,65000000.0,1000000.0,0.0,0.0,0.0,0.0,0.0,0.0,0.0,0.0,0.0,0.0,0.0,0.0,0.0,0.0,0,0,0,0,28,0,1000000.0,0.0,65.0,65.0,65.0,0.0,0.0,0,0,0,0,0,0,0,0,0.0,65.0,65.0,0.0,28,0,0,0,0,0,0,1,65,0,0,0,0,1,65.0,0.0,0.0,0.0,0.0,0.0,0.0,0.0,0.0
1900,3077524.423599243,4,0,848,0,212.0,212.0,212.0,0.0,0.0,0.0,0.0,0.0,275.54614790294414,1.2997459806742648,1025841.474533081,24622.6758336669,1059230.8044433594,1000586.5097045898,3077524.423599243,1025841.474533081,24622.6758336669,1059230.8044433594,1000586.5097045898,0.0,0.0,0.0,0.0,0.0,0,0,0,0,112,0,1.2997459806742648,0.0,212.0,212.0,212.0,0.0,0.0,0,0,0,0,0,0,0,0,0.0,212.0,212.0,0.0,112,0,0,0,0,0,0,4,848,0,0,0,0,4,212.0,0.0,0.0,0.0,0.0,0.0,0.0,0.0,0.0
5353,1.0,1,0,87,0,87.0,87.0,87.0,0.0,0.0,0.0,0.0,0.0,87000000.0,1000000.0,0.0,0.0,0.0,0.0,0.0,0.0,0.0,0.0,0.0,0.0,0.0,0.0,0.0,0.0,0,0,0,0,28,0,1000000.0,0.0,87.0,87.0,87.0,0.0,0.0,0,0,0,0,0,0,0,0,0.0,87.0,87.0,0.0,28,0,0,0,0,0,0,1,87,0,0,0,0,1,87.0,0.0,0.0,0.0,0.0,0.0,0.0,0.0,0.0
1900,1.0,1,0,167,0,167.0,167.0,167.0,0.0,0.0,0.0,0.0,0.0,167000000.0,1000000.0,0.0,0.0,0.0,0.0,0.0,0.0,0.0,0.0,0.0,0.0,0.0,0.0,0.0,0.0,0,0,0,0,28,0,1000000.0,0.0,167.0,167.0,167.0,0.0,0.0,0,0,0,0,0,0,0,0,0.0,167.0,167.0,0.0,28,0,0,0,0,0,0,1,167,0,0,0,0,1,167.0,0.0,0.0,0.0,0.0,0.0,0.0,0.0,0.0
1900,3008514.404296875,4,0,884,0,221.0,221.0,221.0,0.0,0.0,0.0,0.0,0.0,293.8327297809967,1.3295598632624286,1002838.134765625,33809.66864470442,1029973.9837646484,955176.591873169,3008514.404296875,1002838.134765625,33809.66864470442,1029973.9837646484,955176.591873169,0.0,0.0,0.0,0.0,0.0,0,0,0,0,112,0,1.3295598632624286,0.0,221.0,221.0,221.0,0.0,0.0,0,0,0,0,0,0,0,0,0.0,221.0,221.0,0.0,112,0,0,0,0,0,0,4,884,0,0,0,0,4,221.0,0.0,0.0,0.0,0.0,0.0,0.0,0.0,0.0
37810,1.0,1,0,725,0,725.0,725.0,725.0,0.0,0.0,0.0,0.0,0.0,725000000.0,1000000.0,0.0,0.0,0.0,0.0,0.0,0.0,0.0,0.0,0.0,0.0,0.0,0.0,0.0,0.0,0,0,0,0,28,0,1000000.0,0.0,725.0,725.0,725.0,0.0,0.0,0,0,0,0,0,0,0,0,0.0,725.0,725.0,0.0,28,0,0,0,0,0,0,1,725,0,0,0,0,1,725.0,0.0,0.0,0.0,0.0,0.0,0.0,0.0,0.0
37810,1.0,1,0,733,0,733.0,733.0,733.0,0.0,0.0,0.0,0.0,0.0,733000000.0,1000000.0,0.0,0.0,0.0,0.0,0.0,0.0,0.0,0.0,0.0,0.0,0.0,0.0,0.0,0.0,0,0,0,0,28,0,1000000.0,0.0,733.0,733.0,733.0,0.0,0.0,0,0,0,0,0,0,0,0,0.0,733.0,733.0,0.0,28,0,0,0,0,0,0,1,733,0,0,0,0,1,733.0,0.0,0.0,0.0,0.0,0.0,0.0,0.0,0.0
37810,1.0,1,0,731,0,731.0,731.0,731.0,0.0,0.0,0.0,0.0,0.0,731000000.0,1000000.0,0.0,0.0,0.0,0.0,0.0,0.0,0.0,0.0,0.0,0.0,0.0,0.0,0.0,0.0,0,0,0,0,28,0,1000000.0,0.0,731.0,731.0,731.0,0.0,0.0,0,0,0,0,0,0,0,0,0.0,731.0,731.0,0.0,28,0,0,0,0,0,0,1,731,0,0,0,0,1,731.0,0.0,0.0,0.0,0.0,0.0,0.0,0.0,0.0
138,1.0,1,0,243,0,243.0,243.0,243.0,0.0,0.0,0.0,0.0,0.0,243000000.0,1000000.0,0.0,0.0,0.0,0.0,0.0,0.0,0.0,0.0,0.0,0.0,0.0,0.0,0.0,0.0,0,0,0,0,28,0,1000000.0,0.0,243.0,243.0,243.0,0.0,0.0,0,0,0,0,0,0,0,0,0.0,243.0,243.0,0.0,28,0,0,0,0,0,0,1,243,0,0,0,0,1,243.0,0.0,0.0,0.0,0.0,0.0,0.0,0.0,0.0
37810,1.0,1,0,731,0,731.0,731.0,731.0,0.0,0.0,0.0,0.0,0.0,731000000.0,1000000.0,0.0,0.0,0.0,0.0,0.0,0.0,0.0,0.0,0.0,0.0,0.0,0.0,0.0,0.0,0,0,0,0,28,0,1000000.0,0.0,731.0,731.0,731.0,0.0,0.0,0,0,0,0,0,0,0,0,0.0,731.0,731.0,0.0,28,0,0,0,0,0,0,1,731,0,0,0,0,1,731.0,0.0,0.0,0.0,0.0,0.0,0.0,0.0,0.0
37810,1.0,1,0,705,0,705.0,705.0,705.0,0.0,0.0,0.0,0.0,0.0,705000000.0,1000000.0,0.0,0.0,0.0,0.0,0.0,0.0,0.0,0.0,0.0,0.0,0.0,0.0,0.0,0.0,0,0,0,0,28,0,1000000.0,0.0,705.0,705.0,705.0,0.0,0.0,0,0,0,0,0,0,0,0,0.0,705.0,705.0,0.0,28,0,0,0,0,0,0,1,705,0,0,0,0,1,705.0,0.0,0.0,0.0,0.0,0.0,0.0,0.0,0.0
37810,1.0,1,0,725,0,725.0,725.0,725.0,0.0,0.0,0.0,0.0,0.0,725000000.0,1000000.0,0.0,0.0,0.0,0.0,0.0,0.0,0.0,0.0,0.0,0.0,0.0,0.0,0.0,0.0,0,0,0,0,28,0,1000000.0,0.0,725.0,725.0,725.0,0.0,0.0,0,0,0,0,0,0,0,0,0.0,725.0,725.0,0.0,28,0,0,0,0,0,0,1,725,0,0,0,0,1,725.0,0.0,0.0,0.0,0.0,0.0,0.0,0.0,0.0
0,406425.71449279785,5,0,270,0,54.0,54.0,54.0,0.0,0.0,0.0,0.0,0.0,664.3280441468833,12.302371187905246,101606.42862319946,119370.76757615815,305363.89350891113,1492.7387237548828,406425.71449279785,101606.42862319946,119370.76757615815,305363.89350891113,1492.7387237548828,0.0,0.0,0.0,0.0,0.0,0,0,0,0,120,0,12.302371187905246,0.0,54.0,54.0,54.0,0.0,0.0,0,0,0,0,0,0,0,0,0.0,54.0,54.0,0.0,120,0,0,0,0,0,0,5,270,0,0,0,0,5,54.0,0.0,0.0,0.0,0.0,0.0,0.0,0.0,0.0
5355,421301.12648010254,2,0,132,0,66.0,66.0,66.0,0.0,0.0,0.0,0.0,0.0,313.31508914499466,4.747198320378707,421301.12648010254,0.0,421301.12648010254,421301.12648010254,421301.12648010254,421301.12648010254,0.0,421301.12648010254,421301.12648010254,0.0,0.0,0.0,0.0,0.0,0,0,0,0,56,0,4.747198320378707,0.0,66.0,66.0,66.0,0.0,0.0,0,0,0,0,0,0,0,0,0.0,66.0,66.0,0.0,56,0,0,0,0,0,0,2,132,0,0,0,0,2,66.0,0.0,0.0,0.0,0.0,0.0,0.0,0.0,0.0
37810,1.0,1,0,728,0,728.0,728.0,728.0,0.0,0.0,0.0,0.0,0.0,728000000.0,1000000.0,0.0,0.0,0.0,0.0,0.0,0.0,0.0,0.0,0.0,0.0,0.0,0.0,0.0,0.0,0,0,0,0,28,0,1000000.0,0.0,728.0,728.0,728.0,0.0,0.0,0,0,0,0,0,0,0,0,0.0,728.0,728.0,0.0,28,0,0,0,0,0,0,1,728,0,0,0,0,1,728.0,0.0,0.0,0.0,0.0,0.0,0.0,0.0,0.0
37810,1.0,1,0,728,0,728.0,728.0,728.0,0.0,0.0,0.0,0.0,0.0,728000000.0,1000000.0,0.0,0.0,0.0,0.0,0.0,0.0,0.0,0.0,0.0,0.0,0.0,0.0,0.0,0.0,0,0,0,0,28,0,1000000.0,0.0,728.0,728.0,728.0,0.0,0.0,0,0,0,0,0,0,0,0,0.0,728.0,728.0,0.0,28,0,0,0,0,0,0,1,728,0,0,0,0,1,728.0,0.0,0.0,0.0,0.0,0.0,0.0,0.0,0.0
37810,1.0,1,0,733,0,733.0,733.0,733.0,0.0,0.0,0.0,0.0,0.0,733000000.0,1000000.0,0.0,0.0,0.0,0.0,0.0,0.0,0.0,0.0,0.0,0.0,0.0,0.0,0.0,0.0,0,0,0,0,28,0,1000000.0,0.0,733.0,733.0,733.0,0.0,0.0,0,0,0,0,0,0,0,0,0.0,733.0,733.0,0.0,28,0,0,0,0,0,0,1,733,0,0,0,0,1,733.0,0.0,0.0,0.0,0.0,0.0,0.0,0.0,0.0
1900,1.0,1,0,167,0,167.0,167.0,167.0,0.0,0.0,0.0,0.0,0.0,167000000.0,1000000.0,0.0,0.0,0.0,0.0,0.0,0.0,0.0,0.0,0.0,0.0,0.0,0.0,0.0,0.0,0,0,0,0,28,0,1000000.0,0.0,167.0,167.0,167.0,0.0,0.0,0,0,0,0,0,0,0,0,0.0,167.0,167.0,0.0,28,0,0,0,0,0,0,1,167,0,0,0,0,1,167.0,0.0,0.0,0.0,0.0,0.0,0.0,0.0,0.0
1900,1.0,1,0,167,0,167.0,167.0,167.0,0.0,0.0,0.0,0.0,0.0,167000000.0,1000000.0,0.0,0.0,0.0,0.0,0.0,0.0,0.0,0.0,0.0,0.0,0.0,0.0,0.0,0.0,0,0,0,0,28,0,1000000.0,0.0,167.0,167.0,167.0,0.0,0.0,0,0,0,0,0,0,0,0,0.0,167.0,167.0,0.0,28,0,0,0,0,0,0,1,167,0,0,0,0,1,167.0,0.0,0.0,0.0,0.0,0.0,0.0,0.0,0.0
1900,1.0,1,0,167,0,167.0,167.0,167.0,0.0,0.0,0.0,0.0,0.0,167000000.0,1000000.0,0.0,0.0,0.0,0.0,0.0,0.0,0.0,0.0,0.0,0.0,0.0,0.0,0.0,0.0,0,0,0,0,28,0,1000000.0,0.0,167.0,167.0,167.0,0.0,0.0,0,0,0,0,0,0,0,0,0.0,167.0,167.0,0.0,28,0,0,0,0,0,0,1,167,0,0,0,0,1,167.0,0.0,0.0,0.0,0.0,0.0,0.0,0.0,0.0
1900,1.0,1,0,167,0,167.0,167.0,167.0,0.0,0.0,0.0,0.0,0.0,167000000.0,1000000.0,0.0,0.0,0.0,0.0,0.0,0.0,0.0,0.0,0.0,0.0,0.0,0.0,0.0,0.0,0,0,0,0,28,0,1000000.0,0.0,167.0,167.0,167.0,0.0,0.0,0,0,0,0,0,0,0,0,0.0,167.0,167.0,0.0,28,0,0,0,0,0,0,1,167,0,0,0,0,1,167.0,0.0,0.0,0.0,0.0,0.0,0.0,0.0,0.0
5355,1.0,1,0,75,0,75.0,75.0,75.0,0.0,0.0,0.0,0.0,0.0,75000000.0,1000000.0,0.0,0.0,0.0,0.0,0.0,0.0,0.0,0.0,0.0,0.0,0.0,0.0,0.0,0.0,0,0,0,0,28,0,1000000.0,0.0,75.0,75.0,75.0,0.0,0.0,0,0,0,0,0,0,0,0,0.0,75.0,75.0,0.0,28,0,0,0,0,0,0,1,75,0,0,0,0,1,75.0,0.0,0.0,0.0,0.0,0.0,0.0,0.0,0.0
1900,3111831.6650390625,4,0,868,0,217.0,217.0,217.0,0.0,0.0,0.0,0.0,0.0,278.93539671565236,1.2854165747265087,1037277.2216796875,58933.26989635421,1118618.0114746094,980876.2073516846,3111831.6650390625,1037277.2216796875,58933.26989635421,1118618.0114746094,980876.2073516846,0.0,0.0,0.0,0.0,0.0,0,0,0,0,112,0,1.2854165747265087,0.0,217.0,217.0,217.0,0.0,0.0,0,0,0,0,0,0,0,0,0.0,217.0,217.0,0.0,112,0,0,0,0,0,0,4,868,0,0,0,0,4,217.0,0.0,0.0,0.0,0.0,0.0,0.0,0.0,0.0
0,1398195.505142212,4,0,216,0,54.0,54.0,54.0,0.0,0.0,0.0,0.0,0.0,154.48483363421371,2.8608302524854388,466065.1683807373,394745.0221829231,1023573.3985900879,162333.48846435547,1398195.505142212,466065.1683807373,394745.0221829231,1023573.3985900879,162333.48846435547,0.0,0.0,0.0,0.0,0.0,0,0,0,0,96,0,2.8608302524854388,0.0,54.0,54.0,54.0,0.0,0.0,0,0,0,0,0,0,0,0,0.0,54.0,54.0,0.0,96,0,0,0,0,0,0,4,216,0,0,0,0,4,54.0,0.0,0.0,0.0,0.0,0.0,0.0,0.0,0.0
5353,1006566.5245056152,3,0,309,0,103.0,103.0,103.0,0.0,0.0,0.0,0.0,0.0,306.98418085358867,2.980428940326104,503283.2622528076,502640.0089263916,1005923.2711791992,643.2533264160156,1006566.5245056152,503283.2622528076,502640.0089263916,1005923.2711791992,643.2533264160156,0.0,0.0,0.0,0.0,0.0,0,0,0,0,84,0,2.980428940326104,0.0,103.0,103.0,103.0,0.0,0.0,0,0,0,0,0,0,0,0,0.0,103.0,103.0,0.0,84,0,0,0,0,0,0,3,309,0,0,0,0,3,103.0,0.0,0.0,0.0,0.0,0.0,0.0,0.0,0.0
37810,1.0,1,0,731,0,731.0,731.0,731.0,0.0,0.0,0.0,0.0,0.0,731000000.0,1000000.0,0.0,0.0,0.0,0.0,0.0,0.0,0.0,0.0,0.0,0.0,0.0,0.0,0.0,0.0,0,0,0,0,28,0,1000000.0,0.0,731.0,731.0,731.0,0.0,0.0,0,0,0,0,0,0,0,0,0.0,731.0,731.0,0.0,28,0,0,0,0,0,0,1,731,0,0,0,0,1,731.0,0.0,0.0,0.0,0.0,0.0,0.0,0.0,0.0
5355,1.0,1,0,75,0,75.0,75.0,75.0,0.0,0.0,0.0,0.0,0.0,75000000.0,1000000.0,0.0,0.0,0.0,0.0,0.0,0.0,0.0,0.0,0.0,0.0,0.0,0.0,0.0,0.0,0,0,0,0,28,0,1000000.0,0.0,75.0,75.0,75.0,0.0,0.0,0,0,0,0,0,0,0,0,0.0,75.0,75.0,0.0,28,0,0,0,0,0,0,1,75,0,0,0,0,1,75.0,0.0,0.0,0.0,0.0,0.0,0.0,0.0,0.0
10001,1.0,1,0,201,0,201.0,201.0,201.0,0.0,0.0,0.0,0.0,0.0,201000000.0,1000000.0,0.0,0.0,0.0,0.0,0.0,0.0,0.0,0.0,0.0,0.0,0.0,0.0,0.0,0.0,0,0,0,0,28,0,1000000.0,0.0,201.0,201.0,201.0,0.0,0.0,0,0,0,0,0,0,0,0,0.0,201.0,201.0,0.0,28,0,0,0,0,0,0,1,201,0,0,0,0,1,201.0,0.0,0.0,0.0,0.0,0.0,0.0,0.0,0.0
37810,1.0,1,0,733,0,733.0,733.0,733.0,0.0,0.0,0.0,0.0,0.0,733000000.0,1000000.0,0.0,0.0,0.0,0.0,0.0,0.0,0.0,0.0,0.0,0.0,0.0,0.0,0.0,0.0,0,0,0,0,28,0,1000000.0,0.0,733.0,733.0,733.0,0.0,0.0,0,0,0,0,0,0,0,0,0.0,733.0,733.0,0.0,28,0,0,0,0,0,0,1,733,0,0,0,0,1,733.0,0.0,0.0,0.0,0.0,0.0,0.0,0.0,0.0
5050,1.0,1,0,382,0,382.0,382.0,382.0,0.0,0.0,0.0,0.0,0.0,382000000.0,1000000.0,0.0,0.0,0.0,0.0,0.0,0.0,0.0,0.0,0.0,0.0,0.0,0.0,0.0,0.0,0,0,0,0,28,0,1000000.0,0.0,382.0,382.0,382.0,0.0,0.0,0,0,0,0,0,0,0,0,0.0,382.0,382.0,0.0,28,0,0,0,0,0,0,1,382,0,0,0,0,1,382.0,0.0,0.0,0.0,0.0,0.0,0.0,0.0,0.0
5355,375165.9393310547,2,0,128,0,64.0,64.0,64.0,0.0,0.0,0.0,0.0,0.0,341.1823584737792,5.3309743511528,375165.9393310547,0.0,375165.9393310547,375165.9393310547,375165.9393310547,375165.9393310547,0.0,375165.9393310547,375165.9393310547,0.0,0.0,0.0,0.0,0.0,0,0,0,0,56,0,5.3309743511528,0.0,64.0,64.0,64.0,0.0,0.0,0,0,0,0,0,0,0,0,0.0,64.0,64.0,0.0,56,0,0,0,0,0,0,2,128,0,0,0,0,2,64.0,0.0,0.0,0.0,0.0,0.0,0.0,0.0,0.0
5355,374166.96548461914,2,0,128,0,64.0,64.0,64.0,0.0,0.0,0.0,0.0,0.0,342.09326799926083,5.3452073124884505,374166.96548461914,0.0,374166.96548461914,374166.96548461914,374166.96548461914,374166.96548461914,0.0,374166.96548461914,374166.96548461914,0.0,0.0,0.0,0.0,0.0,0,0,0,0,56,0,5.3452073124884505,0.0,64.0,64.0,64.0,0.0,0.0,0,0,0,0,0,0,0,0,0.0,64.0,64.0,0.0,56,0,0,0,0,0,0,2,128,0,0,0,0,2,64.0,0.0,0.0,0.0,0.0,0.0,0.0,0.0,0.0
5355,402381.42013549805,2,0,128,0,64.0,64.0,64.0,0.0,0.0,0.0,0.0,0.0,318.1061390878765,4.97040842324807,402381.42013549805,0.0,402381.42013549805,402381.42013549805,402381.42013549805,402381.42013549805,0.0,402381.42013549805,402381.42013549805,0.0,0.0,0.0,0.0,0.0,0,0,0,0,56,0,4.97040842324807,0.0,64.0,64.0,64.0,0.0,0.0,0,0,0,0,0,0,0,0,0.0,64.0,64.0,0.0,56,0,0,0,0,0,0,2,128,0,0,0,0,2,64.0,0.0,0.0,0.0,0.0,0.0,0.0,0.0,0.0
5355,318530.0827026367,2,0,128,0,64.0,64.0,64.0,0.0,0.0,0.0,0.0,0.0,401.84587563584756,6.278841806810118,318530.0827026367,0.0,318530.0827026367,318530.0827026367,318530.0827026367,318530.0827026367,0.0,318530.0827026367,318530.0827026367,0.0,0.0,0.0,0.0,0.0,0,0,0,0,56,0,6.278841806810118,0.0,64.0,64.0,64.0,0.0,0.0,0,0,0,0,0,0,0,0,0.0,64.0,64.0,0.0,56,0,0,0,0,0,0,2,128,0,0,0,0,2,64.0,0.0,0.0,0.0,0.0,0.0,0.0,0.0,0.0
1900,1.0,1,0,179,0,179.0,179.0,179.0,0.0,0.0,0.0,0.0,0.0,179000000.0,1000000.0,0.0,0.0,0.0,0.0,0.0,0.0,0.0,0.0,0.0,0.0,0.0,0.0,0.0,0.0,0,0,0,0,28,0,1000000.0,0.0,179.0,179.0,179.0,0.0,0.0,0,0,0,0,0,0,0,0,0.0,179.0,179.0,0.0,28,0,0,0,0,0,0,1,179,0,0,0,0,1,179.0,0.0,0.0,0.0,0.0,0.0,0.0,0.0,0.0
37810,1.0,1,0,732,0,732.0,732.0,732.0,0.0,0.0,0.0,0.0,0.0,732000000.0,1000000.0,0.0,0.0,0.0,0.0,0.0,0.0,0.0,0.0,0.0,0.0,0.0,0.0,0.0,0.0,0,0,0,0,28,0,1000000.0,0.0,732.0,732.0,732.0,0.0,0.0,0,0,0,0,0,0,0,0,0.0,732.0,732.0,0.0,28,0,0,0,0,0,0,1,732,0,0,0,0,1,732.0,0.0,0.0,0.0,0.0,0.0,0.0,0.0,0.0
37810,1.0,1,0,732,0,732.0,732.0,732.0,0.0,0.0,0.0,0.0,0.0,732000000.0,1000000.0,0.0,0.0,0.0,0.0,0.0,0.0,0.0,0.0,0.0,0.0,0.0,0.0,0.0,0.0,0,0,0,0,28,0,1000000.0,0.0,732.0,732.0,732.0,0.0,0.0,0,0,0,0,0,0,0,0,0.0,732.0,732.0,0.0,28,0,0,0,0,0,0,1,732,0,0,0,0,1,732.0,0.0,0.0,0.0,0.0,0.0,0.0,0.0,0.0
5355,1.0,1,0,75,0,75.0,75.0,75.0,0.0,0.0,0.0,0.0,0.0,75000000.0,1000000.0,0.0,0.0,0.0,0.0,0.0,0.0,0.0,0.0,0.0,0.0,0.0,0.0,0.0,0.0,0,0,0,0,28,0,1000000.0,0.0,75.0,75.0,75.0,0.0,0.0,0,0,0,0,0,0,0,0,0.0,75.0,75.0,0.0,28,0,0,0,0,0,0,1,75,0,0,0,0,1,75.0,0.0,0.0,0.0,0.0,0.0,0.0,0.0,0.0
5355,124836.44485473633,2,0,128,0,64.0,64.0,64.0,0.0,0.0,0.0,0.0,0.0,1025.3415991535555,16.020962486774305,124836.44485473633,0.0,124836.44485473633,124836.44485473633,124836.44485473633,124836.44485473633,0.0,124836.44485473633,124836.44485473633,0.0,0.0,0.0,0.0,0.0,0,0,0,0,56,0,16.020962486774305,0.0,64.0,64.0,64.0,0.0,0.0,0,0,0,0,0,0,0,0,0.0,64.0,64.0,0.0,56,0,0,0,0,0,0,2,128,0,0,0,0,2,64.0,0.0,0.0,0.0,0.0,0.0,0.0,0.0,0.0
138,1.0,1,0,243,0,243.0,243.0,243.0,0.0,0.0,0.0,0.0,0.0,243000000.0,1000000.0,0.0,0.0,0.0,0.0,0.0,0.0,0.0,0.0,0.0,0.0,0.0,0.0,0.0,0.0,0,0,0,0,28,0,1000000.0,0.0,243.0,243.0,243.0,0.0,0.0,0,0,0,0,0,0,0,0,0.0,243.0,243.0,0.0,28,0,0,0,0,0,0,1,243,0,0,0,0,1,243.0,0.0,0.0,0.0,0.0,0.0,0.0,0.0,0.0
5355,1.0,1,0,75,0,75.0,75.0,75.0,0.0,0.0,0.0,0.0,0.0,75000000.0,1000000.0,0.0,0.0,0.0,0.0,0.0,0.0,0.0,0.0,0.0,0.0,0.0,0.0,0.0,0.0,0,0,0,0,28,0,1000000.0,0.0,75.0,75.0,75.0,0.0,0.0,0,0,0,0,0,0,0,0,0.0,75.0,75.0,0.0,28,0,0,0,0,0,0,1,75,0,0,0,0,1,75.0,0.0,0.0,0.0,0.0,0.0,0.0,0.0,0.0
5355,1.0,1,0,75,0,75.0,75.0,75.0,0.0,0.0,0.0,0.0,0.0,75000000.0,1000000.0,0.0,0.0,0.0,0.0,0.0,0.0,0.0,0.0,0.0,0.0,0.0,0.0,0.0,0.0,0,0,0,0,28,0,1000000.0,0.0,75.0,75.0,75.0,0.0,0.0,0,0,0,0,0,0,0,0,0.0,75.0,75.0,0.0,28,0,0,0,0,0,0,1,75,0,0,0,0,1,75.0,0.0,0.0,0.0,0.0,0.0,0.0,0.0,0.0
5050,1.0,1,0,382,0,382.0,382.0,382.0,0.0,0.0,0.0,0.0,0.0,382000000.0,1000000.0,0.0,0.0,0.0,0.0,0.0,0.0,0.0,0.0,0.0,0.0,0.0,0.0,0.0,0.0,0,0,0,0,28,0,1000000.0,0.0,382.0,382.0,382.0,0.0,0.0,0,0,0,0,0,0,0,0,0.0,382.0,382.0,0.0,28,0,0,0,0,0,0,1,382,0,0,0,0,1,382.0,0.0,0.0,0.0,0.0,0.0,0.0,0.0,0.0
5355,1.0,1,0,75,0,75.0,75.0,75.0,0.0,0.0,0.0,0.0,0.0,75000000.0,1000000.0,0.0,0.0,0.0,0.0,0.0,0.0,0.0,0.0,0.0,0.0,0.0,0.0,0.0,0.0,0,0,0,0,28,0,1000000.0,0.0,75.0,75.0,75.0,0.0,0.0,0,0,0,0,0,0,0,0,0.0,75.0,75.0,0.0,28,0,0,0,0,0,0,1,75,0,0,0,0,1,75.0,0.0,0.0,0.0,0.0,0.0,0.0,0.0,0.0
5050,1.0,1,0,344,0,344.0,344.0,344.0,0.0,0.0,0.0,0.0,0.0,344000000.0,1000000.0,0.0,0.0,0.0,0.0,0.0,0.0,0.0,0.0,0.0,0.0,0.0,0.0,0.0,0.0,0,0,0,0,28,0,1000000.0,0.0,344.0,344.0,344.0,0.0,0.0,0,0,0,0,0,0,0,0,0.0,344.0,344.0,0.0,28,0,0,0,0,0,0,1,344,0,0,0,0,1,344.0,0.0,0.0,0.0,0.0,0.0,0.0,0.0,0.0
37810,1.0,1,0,728,0,728.0,728.0,728.0,0.0,0.0,0.0,0.0,0.0,728000000.0,1000000.0,0.0,0.0,0.0,0.0,0.0,0.0,0.0,0.0,0.0,0.0,0.0,0.0,0.0,0.0,0,0,0,0,28,0,1000000.0,0.0,728.0,728.0,728.0,0.0,0.0,0,0,0,0,0,0,0,0,0.0,728.0,728.0,0.0,28,0,0,0,0,0,0,1,728,0,0,0,0,1,728.0,0.0,0.0,0.0,0.0,0.0,0.0,0.0,0.0
443,93540232.41996765,45,63,5198,78680,1494.0,54.0,115.5111111111111,229.56128421377272,1514.0,54.0,1248.888888888889,536.9696604332032,896.7050629446042,1.154583404444756,874207.779625866,6302263.969687054,48018348.693847656,204.8015594482422,93492823.60076904,2124836.900017478,9701993.726684853,48108504.29534912,204.8015594482422,93501064.06211853,1508081.6784212666,8230825.695094571,48033964.39552307,249.1474151611328,6,31,0,0,1824,2544,0.4810764185186484,0.6735069859261077,54.0,1514.0,776.6481481481482,708.7804642981102,502369.7465706447,2,2,0,37,107,0,0,0,1.4,776.6481481481482,115.5111111111111,1248.888888888889,1824,0,0,0,0,0,0,45,5198,63,78680,0,0,41,54.0,0.0,0.0,0.0,0.0,0.0,0.0,0.0,0.0
443,81943234.68208313,3,0,164,0,55.0,54.0,54.666666666666664,0.4714045207910317,0.0,0.0,0.0,0.0,2.0013854790608914,0.036610709982821184,40971617.341041565,4538138.98563385,45509756.326675415,36433478.355407715,81943234.68208313,40971617.341041565,4538138.98563385,45509756.326675415,36433478.355407715,0.0,0.0,0.0,0.0,0.0,0,0,0,0,120,0,0.036610709982821184,0.0,54.0,55.0,54.666666666666664,0.4714045207910317,0.2222222222222222,0,0,1,0,3,0,0,0,0.0,54.666666666666664,54.666666666666664,0.0,120,0,0,0,0,0,0,3,164,0,0,0,0,3,54.0,0.0,0.0,0.0,0.0,0.0,0.0,0.0,0.0
443,304574.48959350586,10,9,3294,5185,1514.0,54.0,329.4,511.85158005031104,1514.0,54.0,576.1111111111111,668.8797341566211,27838.83841130728,62.38211225555352,16920.804977416992,42713.23074679478,186302.18505859375,207.42416381835938,304574.48959350586,33841.609954833984,57207.71035833928,186302.18505859375,1022.3388671875,62018.15605163574,7752.269506454468,8572.645667433842,23092.031478881836,340.2233123779297,2,3,0,0,436,372,32.83269066081764,29.54942159473588,54.0,1514.0,446.2631578947368,604.1451413365451,364991.351800554,2,4,0,5,16,0,0,0,0.9,446.2631578947368,329.4,576.1111111111111,436,0,0,0,0,0,0,10,3294,9,5185,0,0,4,54.0,0.0,0.0,0.0,0.0,0.0,0.0,0.0,0.0
443,9264165.163040161,2,1,109,54,55.0,54.0,54.5,0.5,54.0,54.0,54.0,0.0,17.59467767805959,0.32382842352256913,4632082.581520081,4329510.0927352905,8961592.674255371,302572.48878479004,8961592.674255371,8961592.674255371,0.0,8961592.674255371,8961592.674255371,0.0,0.0,0.0,0.0,0.0,0,0,0,0,80,40,0.21588561568171274,0.10794280784085637,54.0,55.0,54.333333333333336,0.4714045207910317,0.2222222222222222,1,0,1,0,2,0,0,0,0.5,54.333333333333336,54.5,54.0,80,0,0,0,0,0,0,2,109,1,54,0,0,1,54.0,0.0,0.0,0.0,0.0,0.0,0.0,0.0,0.0
53,37167.31071472168,6,5,375,457,91.0,54.0,62.5,13.438129830200829,229.0,54.0,91.4,68.95679806951595,22385.262317901612,295.95899699148765,3716.731071472168,7166.12262108761,24438.858032226562,253.91578674316406,37167.31071472168,7433.462142944336,10200.316654442946,26909.11293029785,253.91578674316406,11826.99203491211,2956.7480087280273,2369.5010020464492,6790.1611328125,400.30479431152344,2,1,0,0,252,212,161.43218017717507,134.52681681431255,54.0,229.0,75.63636363636364,49.66848777329495,2466.9586776859496,2,2,0,3,10,0,0,0,0.8333333333333334,75.63636363636364,62.5,91.4,252,0,0,0,0,0,0,6,375,5,457,0,0,2,54.0,0.0,0.0,0.0,0.0,0.0,0.0,0.0,0.0
53,37158.48922729492,6,6,375,663,91.0,54.0,62.5,13.438129830200829,381.0,54.0,110.5,121.05060925084186,27934.397269239158,322.94100889293827,3378.044475208629,8427.64076129136,29941.082000732422,204.56314086914062,37158.48922729492,7431.697845458984,11627.892736382242,30491.82891845703,246.7632293701172,36142.11082458496,7228.422164916992,11773.880409931719,30707.359313964844,400.543212890625,2,1,0,0,252,252,161.47050444646914,161.47050444646914,54.0,381.0,86.5,89.4031132940384,7992.916666666667,2,2,0,3,11,0,0,0,1.0,86.5,62.5,110.5,252,0,0,0,0,0,0,6,375,6,663,0,0,2,54.0,0.0,0.0,0.0,0.0,0.0,0.0,0.0,0.0
443,65946.57897949219,10,12,1130,5067,259.0,54.0,113.0,68.65274939869488,1514.0,54.0,422.25,543.5129751594405,93969.99959508315,333.6033550253073,3140.313284737723,6814.796228594578,23887.39585876465,206.94732666015625,65946.57897949219,7327.3976643880205,9225.799718361137,24408.817291259766,209.808349609375,54455.04188537598,4950.458353215998,9103.259498318392,25768.280029296875,237.94174194335938,5,7,0,0,412,492,151.63788864786696,181.96546637744035,54.0,1514.0,281.6818181818182,432.41692700486476,186984.39876033054,0,2,1,12,21,0,0,0,1.2,281.6818181818182,113.0,422.25,412,0,0,0,0,0,0,10,1130,12,5067,0,0,8,54.0,0.0,0.0,0.0,0.0,0.0,0.0,0.0,0.0
7680,16361.95182800293,5,3,357,174,129.0,54.0,71.4,29.17258987474372,66.0,54.0,58.0,5.656854249492381,32453.340871668584,488.9392221720314,2337.4216897147044,4454.441728615938,13237.953186035156,222.68295288085938,16139.26887512207,4034.8172187805176,5620.6680236340935,13740.301132202148,303.03001403808594,15506.744384765625,7753.3721923828125,6010.293960571289,13763.666152954102,1743.0782318115234,1,0,0,0,212,132,305.58701385751965,183.35220831451178,54.0,129.0,66.375,24.207114140268764,585.984375,2,2,0,1,7,0,0,0,0.6,66.375,71.4,58.0,212,0,0,0,0,0,0,5,357,3,174,0,0,1,54.0,0.0,0.0,0.0,0.0,0.0,0.0,0.0,0.0
5353,94558032.5126648,11,0,1840,0,251.0,91.0,167.27272727272728,67.89308561540096,0.0,0.0,0.0,0.0,19.45894971697467,0.11633067765582682,9455803.25126648,13351372.883179788,42983306.40792847,759863.3766174316,94558032.5126648,9455803.25126648,13351372.883179788,42983306.40792847,759863.3766174316,0.0,0.0,0.0,0.0,0.0,0,0,0,0,308,0,0.11633067765582682,0.0,91.0,251.0,167.27272727272728,67.89308561540096,4609.471074380165,0,0,0,0,0,0,0,0,0.0,167.27272727272728,167.27272727272728,0.0,308,0,0,0,0,0,0,11,1840,0,0,0,0,11,91.0,0.0,0.0,0.0,0.0,0.0,0.0,0.0,0.0
0,90637529.61158752,2,0,92,0,46.0,46.0,46.0,0.0,0.0,0.0,0.0,0.0,1.0150320777083304,0.02206591473278979,90637529.61158752,0.0,90637529.61158752,90637529.61158752,90637529.61158752,90637529.61158752,0.0,90637529.61158752,90637529.61158752,0.0,0.0,0.0,0.0,0.0,0,0,0,0,48,0,0.02206591473278979,0.0,46.0,46.0,46.0,0.0,0.0,0,0,0,0,0,0,0,0,0.0,46.0,46.0,0.0,48,0,0,0,0,0,0,2,92,0,0,0,0,2,46.0,0.0,0.0,0.0,0.0,0.0,0.0,0.0,0.0
0,90636846.30393982,2,0,92,0,46.0,46.0,46.0,0.0,0.0,0.0,0.0,0.0,1.0150397299955585,0.022066081086859965,90636846.30393982,0.0,90636846.30393982,90636846.30393982,90636846.30393982,90636846.30393982,0.0,90636846.30393982,90636846.30393982,0.0,0.0,0.0,0.0,0.0,0,0,0,0,48,0,0.022066081086859965,0.0,46.0,46.0,46.0,0.0,0.0,0,0,0,0,0,0,0,0,0.0,46.0,46.0,0.0,48,0,0,0,0,0,0,2,92,0,0,0,0,2,46.0,0.0,0.0,0.0,0.0,0.0,0.0,0.0,0.0
5353,91621945.85800171,5,0,953,0,251.0,100.0,190.6,73.97459023205198,0.0,0.0,0.0,0.0,10.401438116987675,0.05457207826331414,22905486.464500427,36748554.01337709,86538540.60173035,987231.4929962158,91621945.85800171,22905486.464500427,36748554.01337709,86538540.60173035,987231.4929962158,0.0,0.0,0.0,0.0,0.0,0,0,0,0,140,0,0.05457207826331414,0.0,100.0,251.0,190.6,73.97459023205198,5472.240000000001,0,0,0,0,0,0,0,0,0.0,190.6,190.6,0.0,140,0,0,0,0,0,0,5,953,0,0,0,0,5,100.0,0.0,0.0,0.0,0.0,0.0,0.0,0.0,0.0
5353,68327586.65084839,5,0,1715,0,463.0,263.0,343.0,97.97958971132712,0.0,0.0,0.0,0.0,25.09967180259989,0.07317688572186556,17081896.662712097,24888649.38316505,60126867.29431152,1362341.6423797607,68327586.65084839,17081896.662712097,24888649.38316505,60126867.29431152,1362341.6423797607,0.0,0.0,0.0,0.0,0.0,0,0,0,0,140,0,0.07317688572186556,0.0,263.0,463.0,343.0,97.97958971132712,9600.0,0,0,0,0,0,0,0,0,0.0,343.0,343.0,0.0,140,0,0,0,0,0,0,5,1715,0,0,0,0,5,263.0,0.0,0.0,0.0,0.0,0.0,0.0,0.0,0.0
137,38478114.36653137,20,0,2200,0,110.0,110.0,110.0,0.0,0.0,0.0,0.0,0.0,57.17535893374185,0.519775990306744,2025163.914027967,5713004.458300606,22721436.977386475,284.43336486816406,38478114.36653137,2025163.914027967,5713004.458300606,22721436.977386475,284.43336486816406,0.0,0.0,0.0,0.0,0.0,0,0,0,0,560,0,0.519775990306744,0.0,110.0,110.0,110.0,0.0,0.0,0,0,0,0,0,0,0,0,0.0,110.0,110.0,0.0,560,0,0,0,0,0,0,20,2200,0,0,0,0,20,110.0,0.0,0.0,0.0,0.0,0.0,0.0,0.0,0.0
5353,24347240.447998047,9,0,737,0,82.0,81.0,81.88888888888889,0.3142696805273545,0.0,0.0,0.0,0.0,30.270370951242644,0.36965174838695225,3043405.055999756,4726715.4438354485,14852936.98310852,1740.2172088623047,24347240.447998047,3043405.055999756,4726715.4438354485,14852936.98310852,1740.2172088623047,0.0,0.0,0.0,0.0,0.0,0,0,0,0,252,0,0.36965174838695225,0.0,81.0,82.0,81.88888888888889,0.3142696805273545,0.09876543209876545,0,0,0,0,0,0,0,0,0.0,81.88888888888889,81.88888888888889,0.0,252,0,0,0,0,0,0,9,737,0,0,0,0,9,81.0,0.0,0.0,0.0,0.0,0.0,0.0,0.0,0.0
5353,24076922.41668701,12,0,1054,0,119.0,81.0,87.83333333333333,13.9453297638393,0.0,0.0,0.0,0.0,43.77635902790896,0.49840256957771106,2188811.1287897285,3841771.143722236,13412860.39352417,1068.115234375,24076922.41668701,2188811.1287897285,3841771.143722236,13412860.39352417,1068.115234375,0.0,0.0,0.0,0.0,0.0,0,0,0,0,336,0,0.49840256957771106,0.0,81.0,119.0,87.83333333333333,13.9453297638393,194.47222222222229,0,0,0,0,0,0,0,0,0.0,87.83333333333333,87.83333333333333,0.0,336,0,0,0,0,0,0,12,1054,0,0,0,0,12,81.0,0.0,0.0,0.0,0.0,0.0,0.0,0.0,0.0
1900,11462912.321090698,4,0,716,0,179.0,179.0,179.0,0.0,0.0,0.0,0.0,0.0,62.46231149152439,0.34895146084650497,3820970.7736968994,1590181.812040948,6048332.214355469,2438658.2374572754,11462912.321090698,3820970.7736968994,1590181.812040948,6048332.214355469,2438658.2374572754,0.0,0.0,0.0,0.0,0.0,0,0,0,0,112,0,0.34895146084650497,0.0,179.0,179.0,179.0,0.0,0.0,0,0,0,0,0,0,0,0,0.0,179.0,179.0,0.0,112,0,0,0,0,0,0,4,716,0,0,0,0,4,179.0,0.0,0.0,0.0,0.0,0.0,0.0,0.0,0.0
1900,7273993.968963623,6,0,1074,0,179.0,179.0,179.0,0.0,0.0,0.0,0.0,0.0,147.64928381608493,0.8248563341680722,1454798.7937927246,1342379.5633765096,3072742.462158203,5397.08137512207,7273993.968963623,1454798.7937927246,1342379.5633765096,3072742.462158203,5397.08137512207,0.0,0.0,0.0,0.0,0.0,0,0,0,0,168,0,0.8248563341680722,0.0,179.0,179.0,179.0,0.0,0.0,0,0,0,0,0,0,0,0,0.0,179.0,179.0,0.0,168,0,0,0,0,0,0,6,1074,0,0,0,0,6,179.0,0.0,0.0,0.0,0.0,0.0,0.0,0.0,0.0
137,2266421.7948913574,12,0,1320,0,110.0,110.0,110.0,0.0,0.0,0.0,0.0,0.0,582.4158605319427,5.294689641199478,206038.3449901234,348035.8392307607,994681.1199188232,277.51922607421875,2266421.7948913574,206038.3449901234,348035.8392307607,994681.1199188232,277.51922607421875,0.0,0.0,0.0,0.0,0.0,0,0,0,0,336,0,5.294689641199478,0.0,110.0,110.0,110.0,0.0,0.0,0,0,0,0,0,0,0,0,0.0,110.0,110.0,0.0,336,0,0,0,0,0,0,12,1320,0,0,0,0,12,110.0,0.0,0.0,0.0,0.0,0.0,0.0,0.0,0.0
443,641823.7686157227,3,0,3876,0,1292.0,1292.0,1292.0,0.0,0.0,0.0,0.0,0.0,6039.040916729693,4.674180276106574,320911.8843078613,236804.24690246582,557716.1312103271,84107.63740539551,641823.7686157227,320911.8843078613,236804.24690246582,557716.1312103271,84107.63740539551,0.0,0.0,0.0,0.0,0.0,0,0,0,0,84,0,4.674180276106574,0.0,1292.0,1292.0,1292.0,0.0,0.0,0,0,0,0,0,0,0,0,0.0,1292.0,1292.0,0.0,84,0,0,0,0,0,0,3,3876,0,0,0,0,3,1292.0,0.0,0.0,0.0,0.0,0.0,0.0,0.0,0.0
53,2668143.5108184814,3,0,198,0,66.0,66.0,66.0,0.0,0.0,0.0,0.0,0.0,74.2089018814664,1.1243773012343394,1334071.7554092407,680357.3369979858,2014429.0924072266,653714.4184112549,2668143.5108184814,1334071.7554092407,680357.3369979858,2014429.0924072266,653714.4184112549,0.0,0.0,0.0,0.0,0.0,0,0,0,0,156,0,1.1243773012343394,0.0,66.0,66.0,66.0,0.0,0.0,0,3,0,0,0,0,0,0,0.0,66.0,66.0,0.0,156,0,0,0,0,0,0,3,198,0,0,0,0,0,66.0,0.0,0.0,0.0,0.0,0.0,0.0,0.0,0.0
53,2668147.563934326,3,0,198,0,66.0,66.0,66.0,0.0,0.0,0.0,0.0,0.0,74.20878915259036,1.124375593221066,1334073.781967163,679970.5028533936,2014044.2848205566,654103.2791137695,2668147.563934326,1334073.781967163,679970.5028533936,2014044.2848205566,654103.2791137695,0.0,0.0,0.0,0.0,0.0,0,0,0,0,156,0,1.124375593221066,0.0,66.0,66.0,66.0,0.0,0.0,0,3,0,0,0,0,0,0,0.0,66.0,66.0,0.0,156,0,0,0,0,0,0,3,198,0,0,0,0,0,66.0,0.0,0.0,0.0,0.0,0.0,0.0,0.0,0.0
5355,1673.2215881347656,2,0,128,0,64.0,64.0,64.0,0.0,0.0,0.0,0.0,0.0,76499.13251638644,1195.298945568538,1673.2215881347656,0.0,1673.2215881347656,1673.2215881347656,1673.2215881347656,1673.2215881347656,0.0,1673.2215881347656,1673.2215881347656,0.0,0.0,0.0,0.0,0.0,0,0,0,0,56,0,1195.298945568538,0.0,64.0,64.0,64.0,0.0,0.0,0,0,0,0,0,0,0,0,0.0,64.0,64.0,0.0,56,0,0,0,0,0,0,2,128,0,0,0,0,2,64.0,0.0,0.0,0.0,0.0,0.0,0.0,0.0,0.0
443,3850370.6455230713,12,1,13386,82,1292.0,121.0,1115.5,397.30582259346096,82.0,82.0,82.0,0.0,3497.845075164284,3.3762983351006604,320864.2204602559,549263.001287222,1695496.3207244873,254.63104248046875,3824662.685394287,347696.607763117,566106.4122496297,1695496.3207244873,254.63104248046875,0.0,0.0,0.0,0.0,0.0,0,0,0,0,336,28,3.1165830785544557,0.25971525654620464,82.0,1292.0,1036.0,470.69359623693794,221552.46153846156,0,0,0,0,0,0,0,0,0.08333333333333333,1036.0,1115.5,82.0,336,0,0,0,0,0,0,12,13386,1,82,0,0,12,121.0,0.0,0.0,0.0,0.0,0.0,0.0,0.0,0.0
443,624530.3153991699,3,0,3876,0,1292.0,1292.0,1292.0,0.0,0.0,0.0,0.0,0.0,6206.263978591089,4.803609890550378,312265.15769958496,2391.338348388672,314656.49604797363,309873.8193511963,624530.3153991699,312265.15769958496,2391.338348388672,314656.49604797363,309873.8193511963,0.0,0.0,0.0,0.0,0.0,0,0,0,0,84,0,4.803609890550378,0.0,1292.0,1292.0,1292.0,0.0,0.0,0,0,0,0,0,0,0,0,0.0,1292.0,1292.0,0.0,84,0,0,0,0,0,0,3,3876,0,0,0,0,3,1292.0,0.0,0.0,0.0,0.0,0.0,0.0,0.0,0.0
53,1.0,1,0,75,0,75.0,75.0,75.0,0.0,0.0,0.0,0.0,0.0,75000000.0,1000000.0,0.0,0.0,0.0,0.0,0.0,0.0,0.0,0.0,0.0,0.0,0.0,0.0,0.0,0.0,0,0,0,0,28,0,1000000.0,0.0,75.0,75.0,75.0,0.0,0.0,0,0,0,0,0,0,0,0,0.0,75.0,75.0,0.0,28,0,0,0,0,0,0,1,75,0,0,0,0,1,75.0,0.0,0.0,0.0,0.0,0.0,0.0,0.0,0.0
53,1.0,1,0,75,0,75.0,75.0,75.0,0.0,0.0,0.0,0.0,0.0,75000000.0,1000000.0,0.0,0.0,0.0,0.0,0.0,0.0,0.0,0.0,0.0,0.0,0.0,0.0,0.0,0.0,0,0,0,0,28,0,1000000.0,0.0,75.0,75.0,75.0,0.0,0.0,0,0,0,0,0,0,0,0,0.0,75.0,75.0,0.0,28,0,0,0,0,0,0,1,75,0,0,0,0,1,75.0,0.0,0.0,0.0,0.0,0.0,0.0,0.0,0.0
1900,1.0,1,0,167,0,167.0,167.0,167.0,0.0,0.0,0.0,0.0,0.0,167000000.0,1000000.0,0.0,0.0,0.0,0.0,0.0,0.0,0.0,0.0,0.0,0.0,0.0,0.0,0.0,0.0,0,0,0,0,28,0,1000000.0,0.0,167.0,167.0,167.0,0.0,0.0,0,0,0,0,0,0,0,0,0.0,167.0,167.0,0.0,28,0,0,0,0,0,0,1,167,0,0,0,0,1,167.0,0.0,0.0,0.0,0.0,0.0,0.0,0.0,0.0
53,1005214.4527435303,2,0,132,0,66.0,66.0,66.0,0.0,0.0,0.0,0.0,0.0,131.3152627677931,1.9896251934514104,1005214.4527435303,0.0,1005214.4527435303,1005214.4527435303,1005214.4527435303,1005214.4527435303,0.0,1005214.4527435303,1005214.4527435303,0.0,0.0,0.0,0.0,0.0,0,0,0,0,104,0,1.9896251934514104,0.0,66.0,66.0,66.0,0.0,0.0,0,2,0,0,0,0,0,0,0.0,66.0,66.0,0.0,104,0,0,0,0,0,0,2,132,0,0,0,0,0,66.0,0.0,0.0,0.0,0.0,0.0,0.0,0.0,0.0
53,1004931.4498901367,2,0,132,0,66.0,66.0,66.0,0.0,0.0,0.0,0.0,0.0,131.3522429957096,1.990185499934994,1004931.4498901367,0.0,1004931.4498901367,1004931.4498901367,1004931.4498901367,1004931.4498901367,0.0,1004931.4498901367,1004931.4498901367,0.0,0.0,0.0,0.0,0.0,0,0,0,0,104,0,1.990185499934994,0.0,66.0,66.0,66.0,0.0,0.0,0,2,0,0,0,0,0,0,0.0,66.0,66.0,0.0,104,0,0,0,0,0,0,2,132,0,0,0,0,0,66.0,0.0,0.0,0.0,0.0,0.0,0.0,0.0,0.0
53,1.0,1,0,75,0,75.0,75.0,75.0,0.0,0.0,0.0,0.0,0.0,75000000.0,1000000.0,0.0,0.0,0.0,0.0,0.0,0.0,0.0,0.0,0.0,0.0,0.0,0.0,0.0,0.0,0,0,0,0,28,0,1000000.0,0.0,75.0,75.0,75.0,0.0,0.0,0,0,0,0,0,0,0,0,0.0,75.0,75.0,0.0,28,0,0,0,0,0,0,1,75,0,0,0,0,1,75.0,0.0,0.0,0.0,0.0,0.0,0.0,0.0,0.0
53,1.0,1,0,75,0,75.0,75.0,75.0,0.0,0.0,0.0,0.0,0.0,75000000.0,1000000.0,0.0,0.0,0.0,0.0,0.0,0.0,0.0,0.0,0.0,0.0,0.0,0.0,0.0,0.0,0,0,0,0,28,0,1000000.0,0.0,75.0,75.0,75.0,0.0,0.0,0,0,0,0,0,0,0,0,0.0,75.0,75.0,0.0,28,0,0,0,0,0,0,1,75,0,0,0,0,1,75.0,0.0,0.0,0.0,0.0,0.0,0.0,0.0,0.0
53,1.0,1,0,75,0,75.0,75.0,75.0,0.0,0.0,0.0,0.0,0.0,75000000.0,1000000.0,0.0,0.0,0.0,0.0,0.0,0.0,0.0,0.0,0.0,0.0,0.0,0.0,0.0,0.0,0,0,0,0,28,0,1000000.0,0.0,75.0,75.0,75.0,0.0,0.0,0,0,0,0,0,0,0,0,0.0,75.0,75.0,0.0,28,0,0,0,0,0,0,1,75,0,0,0,0,1,75.0,0.0,0.0,0.0,0.0,0.0,0.0,0.0,0.0
53,1.0,1,0,75,0,75.0,75.0,75.0,0.0,0.0,0.0,0.0,0.0,75000000.0,1000000.0,0.0,0.0,0.0,0.0,0.0,0.0,0.0,0.0,0.0,0.0,0.0,0.0,0.0,0.0,0,0,0,0,28,0,1000000.0,0.0,75.0,75.0,75.0,0.0,0.0,0,0,0,0,0,0,0,0,0.0,75.0,75.0,0.0,28,0,0,0,0,0,0,1,75,0,0,0,0,1,75.0,0.0,0.0,0.0,0.0,0.0,0.0,0.0,0.0
10001,1.0,1,0,201,0,201.0,201.0,201.0,0.0,0.0,0.0,0.0,0.0,201000000.0,1000000.0,0.0,0.0,0.0,0.0,0.0,0.0,0.0,0.0,0.0,0.0,0.0,0.0,0.0,0.0,0,0,0,0,28,0,1000000.0,0.0,201.0,201.0,201.0,0.0,0.0,0,0,0,0,0,0,0,0,0.0,201.0,201.0,0.0,28,0,0,0,0,0,0,1,201,0,0,0,0,1,201.0,0.0,0.0,0.0,0.0,0.0,0.0,0.0,0.0
5353,10776738.64364624,3,0,674,0,445.0,109.0,224.66666666666666,155.86390074534754,0.0,0.0,0.0,0.0,62.542112441167674,0.27837735507938133,5388369.32182312,2120326.9958496094,7508696.3176727295,3268042.3259735107,10776738.64364624,5388369.32182312,2120326.9958496094,7508696.3176727295,3268042.3259735107,0.0,0.0,0.0,0.0,0.0,0,0,0,0,84,0,0.27837735507938133,0.0,109.0,445.0,224.66666666666666,155.86390074534754,24293.555555555547,0,0,0,0,0,0,0,0,0.0,224.66666666666666,224.66666666666666,0.0,84,0,0,0,0,0,0,3,674,0,0,0,0,3,109.0,0.0,0.0,0.0,0.0,0.0,0.0,0.0,0.0
37810,1.0,1,0,731,0,731.0,731.0,731.0,0.0,0.0,0.0,0.0,0.0,731000000.0,1000000.0,0.0,0.0,0.0,0.0,0.0,0.0,0.0,0.0,0.0,0.0,0.0,0.0,0.0,0.0,0,0,0,0,28,0,1000000.0,0.0,731.0,731.0,731.0,0.0,0.0,0,0,0,0,0,0,0,0,0.0,731.0,731.0,0.0,28,0,0,0,0,0,0,1,731,0,0,0,0,1,731.0,0.0,0.0,0.0,0.0,0.0,0.0,0.0,0.0
37810,1.0,1,0,732,0,732.0,732.0,732.0,0.0,0.0,0.0,0.0,0.0,732000000.0,1000000.0,0.0,0.0,0.0,0.0,0.0,0.0,0.0,0.0,0.0,0.0,0.0,0.0,0.0,0.0,0,0,0,0,28,0,1000000.0,0.0,732.0,732.0,732.0,0.0,0.0,0,0,0,0,0,0,0,0,0.0,732.0,732.0,0.0,28,0,0,0,0,0,0,1,732,0,0,0,0,1,732.0,0.0,0.0,0.0,0.0,0.0,0.0,0.0,0.0
1900,4526.615142822266,2,0,814,0,440.0,374.0,407.0,33.0,0.0,0.0,0.0,0.0,179825.31633835458,441.83124407458126,4526.615142822266,0.0,4526.615142822266,4526.615142822266,4526.615142822266,4526.615142822266,0.0,4526.615142822266,4526.615142822266,0.0,0.0,0.0,0.0,0.0,0,0,0,0,56,0,441.83124407458126,0.0,374.0,440.0,407.0,33.0,1089.0,0,0,0,0,0,0,0,0,0.0,407.0,407.0,0.0,56,0,0,0,0,0,0,2,814,0,0,0,0,2,374.0,0.0,0.0,0.0,0.0,0.0,0.0,0.0,0.0
1900,3028060.9130859375,3,0,636,0,212.0,212.0,212.0,0.0,0.0,0.0,0.0,0.0,210.03540491919756,0.9907330420716867,1514030.4565429688,540464.1628265381,2054494.6193695068,973566.2937164307,3028060.9130859375,1514030.4565429688,540464.1628265381,2054494.6193695068,973566.2937164307,0.0,0.0,0.0,0.0,0.0,0,0,0,0,84,0,0.9907330420716867,0.0,212.0,212.0,212.0,0.0,0.0,0,0,0,0,0,0,0,0,0.0,212.0,212.0,0.0,84,0,0,0,0,0,0,3,636,0,0,0,0,3,212.0,0.0,0.0,0.0,0.0,0.0,0.0,0.0,0.0
5353,1.0,1,0,109,0,109.0,109.0,109.0,0.0,0.0,0.0,0.0,0.0,109000000.0,1000000.0,0.0,0.0,0.0,0.0,0.0,0.0,0.0,0.0,0.0,0.0,0.0,0.0,0.0,0.0,0,0,0,0,28,0,1000000.0,0.0,109.0,109.0,109.0,0.0,0.0,0,0,0,0,0,0,0,0,0.0,109.0,109.0,0.0,28,0,0,0,0,0,0,1,109,0,0,0,0,1,109.0,0.0,0.0,0.0,0.0,0.0,0.0,0.0,0.0
5353,1.0,1,0,109,0,109.0,109.0,109.0,0.0,0.0,0.0,0.0,0.0,109000000.0,1000000.0,0.0,0.0,0.0,0.0,0.0,0.0,0.0,0.0,0.0,0.0,0.0,0.0,0.0,0.0,0,0,0,0,28,0,1000000.0,0.0,109.0,109.0,109.0,0.0,0.0,0,0,0,0,0,0,0,0,0.0,109.0,109.0,0.0,28,0,0,0,0,0,0,1,109,0,0,0,0,1,109.0,0.0,0.0,0.0,0.0,0.0,0.0,0.0,0.0
5353,1.0,1,0,109,0,109.0,109.0,109.0,0.0,0.0,0.0,0.0,0.0,109000000.0,1000000.0,0.0,0.0,0.0,0.0,0.0,0.0,0.0,0.0,0.0,0.0,0.0,0.0,0.0,0.0,0,0,0,0,28,0,1000000.0,0.0,109.0,109.0,109.0,0.0,0.0,0,0,0,0,0,0,0,0,0.0,109.0,109.0,0.0,28,0,0,0,0,0,0,1,109,0,0,0,0,1,109.0,0.0,0.0,0.0,0.0,0.0,0.0,0.0,0.0
5353,1182514.1906738281,2,0,218,0,109.0,109.0,109.0,0.0,0.0,0.0,0.0,0.0,184.35296736335806,1.6913116271867712,1182514.1906738281,0.0,1182514.1906738281,1182514.1906738281,1182514.1906738281,1182514.1906738281,0.0,1182514.1906738281,1182514.1906738281,0.0,0.0,0.0,0.0,0.0,0,0,0,0,56,0,1.6913116271867712,0.0,109.0,109.0,109.0,0.0,0.0,0,0,0,0,0,0,0,0,0.0,109.0,109.0,0.0,56,0,0,0,0,0,0,2,218,0,0,0,0,2,109.0,0.0,0.0,0.0,0.0,0.0,0.0,0.0,0.0
62976,1.0,1,0,264,0,264.0,264.0,264.0,0.0,0.0,0.0,0.0,0.0,264000000.0,1000000.0,0.0,0.0,0.0,0.0,0.0,0.0,0.0,0.0,0.0,0.0,0.0,0.0,0.0,0.0,0,0,0,0,28,0,1000000.0,0.0,264.0,264.0,264.0,0.0,0.0,0,0,0,0,0,0,0,0,0.0,264.0,264.0,0.0,28,0,0,0,0,0,0,1,264,0,0,0,0,1,264.0,0.0,0.0,0.0,0.0,0.0,0.0,0.0,0.0
37810,1.0,1,0,728,0,728.0,728.0,728.0,0.0,0.0,0.0,0.0,0.0,728000000.0,1000000.0,0.0,0.0,0.0,0.0,0.0,0.0,0.0,0.0,0.0,0.0,0.0,0.0,0.0,0.0,0,0,0,0,28,0,1000000.0,0.0,728.0,728.0,728.0,0.0,0.0,0,0,0,0,0,0,0,0,0.0,728.0,728.0,0.0,28,0,0,0,0,0,0,1,728,0,0,0,0,1,728.0,0.0,0.0,0.0,0.0,0.0,0.0,0.0,0.0
37810,1.0,1,0,806,0,806.0,806.0,806.0,0.0,0.0,0.0,0.0,0.0,806000000.0,1000000.0,0.0,0.0,0.0,0.0,0.0,0.0,0.0,0.0,0.0,0.0,0.0,0.0,0.0,0.0,0,0,0,0,28,0,1000000.0,0.0,806.0,806.0,806.0,0.0,0.0,0,0,0,0,0,0,0,0,0.0,806.0,806.0,0.0,28,0,0,0,0,0,0,1,806,0,0,0,0,1,806.0,0.0,0.0,0.0,0.0,0.0,0.0,0.0,0.0
37810,1.0,1,0,728,0,728.0,728.0,728.0,0.0,0.0,0.0,0.0,0.0,728000000.0,1000000.0,0.0,0.0,0.0,0.0,0.0,0.0,0.0,0.0,0.0,0.0,0.0,0.0,0.0,0.0,0,0,0,0,28,0,1000000.0,0.0,728.0,728.0,728.0,0.0,0.0,0,0,0,0,0,0,0,0,0.0,728.0,728.0,0.0,28,0,0,0,0,0,0,1,728,0,0,0,0,1,728.0,0.0,0.0,0.0,0.0,0.0,0.0,0.0,0.0
62976,1.0,1,0,264,0,264.0,264.0,264.0,0.0,0.0,0.0,0.0,0.0,264000000.0,1000000.0,0.0,0.0,0.0,0.0,0.0,0.0,0.0,0.0,0.0,0.0,0.0,0.0,0.0,0.0,0,0,0,0,28,0,1000000.0,0.0,264.0,264.0,264.0,0.0,0.0,0,0,0,0,0,0,0,0,0.0,264.0,264.0,0.0,28,0,0,0,0,0,0,1,264,0,0,0,0,1,264.0,0.0,0.0,0.0,0.0,0.0,0.0,0.0,0.0
37810,1.0,1,0,732,0,732.0,732.0,732.0,0.0,0.0,0.0,0.0,0.0,732000000.0,1000000.0,0.0,0.0,0.0,0.0,0.0,0.0,0.0,0.0,0.0,0.0,0.0,0.0,0.0,0.0,0,0,0,0,28,0,1000000.0,0.0,732.0,732.0,732.0,0.0,0.0,0,0,0,0,0,0,0,0,0.0,732.0,732.0,0.0,28,0,0,0,0,0,0,1,732,0,0,0,0,1,732.0,0.0,0.0,0.0,0.0,0.0,0.0,0.0,0.0
1900,3056857.109069824,4,0,848,0,212.0,212.0,212.0,0.0,0.0,0.0,0.0,0.0,277.4091067207388,1.308533522267636,1018952.3696899414,742.796160191029,1020002.8419494629,1018426.6567230225,3056857.109069824,1018952.3696899414,742.796160191029,1020002.8419494629,1018426.6567230225,0.0,0.0,0.0,0.0,0.0,0,0,0,0,112,0,1.308533522267636,0.0,212.0,212.0,212.0,0.0,0.0,0,0,0,0,0,0,0,0,0.0,212.0,212.0,0.0,112,0,0,0,0,0,0,4,848,0,0,0,0,4,212.0,0.0,0.0,0.0,0.0,0.0,0.0,0.0,0.0
1900,3064681.2915802,4,0,848,0,212.0,212.0,212.0,0.0,0.0,0.0,0.0,0.0,276.70087663920094,1.3051928143358535,1021560.4305267334,2878.333493219405,1025543.9281463623,1018843.412399292,3064681.2915802,1021560.4305267334,2878.333493219405,1025543.9281463623,1018843.412399292,0.0,0.0,0.0,0.0,0.0,0,0,0,0,112,0,1.3051928143358535,0.0,212.0,212.0,212.0,0.0,0.0,0,0,0,0,0,0,0,0,0.0,212.0,212.0,0.0,112,0,0,0,0,0,0,4,848,0,0,0,0,4,212.0,0.0,0.0,0.0,0.0,0.0,0.0,0.0,0.0
1900,3050968.4085845947,4,0,848,0,212.0,212.0,212.0,0.0,0.0,0.0,0.0,0.0,277.9445364343855,1.31105913412446,1016989.4695281982,9016.433998205233,1024668.9319610596,1004334.2113494873,3050968.4085845947,1016989.4695281982,9016.433998205233,1024668.9319610596,1004334.2113494873,0.0,0.0,0.0,0.0,0.0,0,0,0,0,112,0,1.31105913412446,0.0,212.0,212.0,212.0,0.0,0.0,0,0,0,0,0,0,0,0,0.0,212.0,212.0,0.0,112,0,0,0,0,0,0,4,848,0,0,0,0,4,212.0,0.0,0.0,0.0,0.0,0.0,0.0,0.0,0.0
37810,1.0,1,0,705,0,705.0,705.0,705.0,0.0,0.0,0.0,0.0,0.0,705000000.0,1000000.0,0.0,0.0,0.0,0.0,0.0,0.0,0.0,0.0,0.0,0.0,0.0,0.0,0.0,0.0,0,0,0,0,28,0,1000000.0,0.0,705.0,705.0,705.0,0.0,0.0,0,0,0,0,0,0,0,0,0.0,705.0,705.0,0.0,28,0,0,0,0,0,0,1,705,0,0,0,0,1,705.0,0.0,0.0,0.0,0.0,0.0,0.0,0.0,0.0
0,22026.30043029785,3,0,162,0,54.0,54.0,54.0,0.0,0.0,0.0,0.0,0.0,7354.843838285436,136.20081182010065,11013.150215148926,7696.270942687988,18709.421157836914,3316.8792724609375,22026.30043029785,11013.150215148926,7696.270942687988,18709.421157836914,3316.8792724609375,0.0,0.0,0.0,0.0,0.0,0,0,0,0,72,0,136.20081182010065,0.0,54.0,54.0,54.0,0.0,0.0,0,0,0,0,0,0,0,0,0.0,54.0,54.0,0.0,72,0,0,0,0,0,0,3,162,0,0,0,0,3,54.0,0.0,0.0,0.0,0.0,0.0,0.0,0.0,0.0
137,12935.161590576172,3,0,330,0,110.0,110.0,110.0,0.0,0.0,0.0,0.0,0.0,25511.857558889667,231.92597780808788,6467.580795288086,4571.9146728515625,11039.495468139648,1895.6661224365234,12935.161590576172,6467.580795288086,4571.9146728515625,11039.495468139648,1895.6661224365234,0.0,0.0,0.0,0.0,0.0,0,0,0,0,84,0,231.92597780808788,0.0,110.0,110.0,110.0,0.0,0.0,0,0,0,0,0,0,0,0,0.0,110.0,110.0,0.0,84,0,0,0,0,0,0,3,330,0,0,0,0,3,110.0,0.0,0.0,0.0,0.0,0.0,0.0,0.0,0.0
5355,1.0,1,0,65,0,65.0,65.0,65.0,0.0,0.0,0.0,0.0,0.0,65000000.0,1000000.0,0.0,0.0,0.0,0.0,0.0,0.0,0.0,0.0,0.0,0.0,0.0,0.0,0.0,0.0,0,0,0,0,28,0,1000000.0,0.0,65.0,65.0,65.0,0.0,0.0,0,0,0,0,0,0,0,0,0.0,65.0,65.0,0.0,28,0,0,0,0,0,0,1,65,0,0,0,0,1,65.0,0.0,0.0,0.0,0.0,0.0,0.0,0.0,0.0
1900,3308896.30317688,3,0,537,0,179.0,179.0,179.0,0.0,0.0,0.0,0.0,0.0,162.28976395676858,0.9066467260154669,1654448.15158844,1523058.295249939,3177506.446838379,131389.85633850098,3308896.30317688,1654448.15158844,1523058.295249939,3177506.446838379,131389.85633850098,0.0,0.0,0.0,0.0,0.0,0,0,0,0,84,0,0.9066467260154669,0.0,179.0,179.0,179.0,0.0,0.0,0,0,0,0,0,0,0,0,0.0,179.0,179.0,0.0,84,0,0,0,0,0,0,3,537,0,0,0,0,3,179.0,0.0,0.0,0.0,0.0,0.0,0.0,0.0,0.0
0,472424.9839782715,5,0,270,0,54.0,54.0,54.0,0.0,0.0,0.0,0.0,0.0,571.5193081583895,10.583690891822028,118106.24599456787,171348.2580732036,412719.0113067627,247.2400665283203,472424.9839782715,118106.24599456787,171348.2580732036,412719.0113067627,247.2400665283203,0.0,0.0,0.0,0.0,0.0,0,0,0,0,120,0,10.583690891822028,0.0,54.0,54.0,54.0,0.0,0.0,0,0,0,0,0,0,0,0,0.0,54.0,54.0,0.0,120,0,0,0,0,0,0,5,270,0,0,0,0,5,54.0,0.0,0.0,0.0,0.0,0.0,0.0,0.0,0.0
5353,612.0204925537109,2,0,200,0,119.0,81.0,100.0,19.0,0.0,0.0,0.0,0.0,326786.4433190495,3267.8644331904948,612.0204925537109,0.0,612.0204925537109,612.0204925537109,612.0204925537109,612.0204925537109,0.0,612.0204925537109,612.0204925537109,0.0,0.0,0.0,0.0,0.0,0,0,0,0,56,0,3267.8644331904948,0.0,81.0,119.0,100.0,19.0,361.0,0,0,0,0,0,0,0,0,0.0,100.0,100.0,0.0,56,0,0,0,0,0,0,2,200,0,0,0,0,2,81.0,0.0,0.0,0.0,0.0,0.0,0.0,0.0,0.0
5355,1.0,1,0,75,0,75.0,75.0,75.0,0.0,0.0,0.0,0.0,0.0,75000000.0,1000000.0,0.0,0.0,0.0,0.0,0.0,0.0,0.0,0.0,0.0,0.0,0.0,0.0,0.0,0.0,0,0,0,0,28,0,1000000.0,0.0,75.0,75.0,75.0,0.0,0.0,0,0,0,0,0,0,0,0,0.0,75.0,75.0,0.0,28,0,0,0,0,0,0,1,75,0,0,0,0,1,75.0,0.0,0.0,0.0,0.0,0.0,0.0,0.0,0.0
10001,1.0,1,0,201,0,201.0,201.0,201.0,0.0,0.0,0.0,0.0,0.0,201000000.0,1000000.0,0.0,0.0,0.0,0.0,0.0,0.0,0.0,0.0,0.0,0.0,0.0,0.0,0.0,0.0,0,0,0,0,28,0,1000000.0,0.0,201.0,201.0,201.0,0.0,0.0,0,0,0,0,0,0,0,0,0.0,201.0,201.0,0.0,28,0,0,0,0,0,0,1,201,0,0,0,0,1,201.0,0.0,0.0,0.0,0.0,0.0,0.0,0.0,0.0
37810,1.0,1,0,728,0,728.0,728.0,728.0,0.0,0.0,0.0,0.0,0.0,728000000.0,1000000.0,0.0,0.0,0.0,0.0,0.0,0.0,0.0,0.0,0.0,0.0,0.0,0.0,0.0,0.0,0,0,0,0,28,0,1000000.0,0.0,728.0,728.0,728.0,0.0,0.0,0,0,0,0,0,0,0,0,0.0,728.0,728.0,0.0,28,0,0,0,0,0,0,1,728,0,0,0,0,1,728.0,0.0,0.0,0.0,0.0,0.0,0.0,0.0,0.0
37810,1.0,1,0,828,0,828.0,828.0,828.0,0.0,0.0,0.0,0.0,0.0,828000000.0,1000000.0,0.0,0.0,0.0,0.0,0.0,0.0,0.0,0.0,0.0,0.0,0.0,0.0,0.0,0.0,0,0,0,0,28,0,1000000.0,0.0,828.0,828.0,828.0,0.0,0.0,0,0,0,0,0,0,0,0,0.0,828.0,828.0,0.0,28,0,0,0,0,0,0,1,828,0,0,0,0,1,828.0,0.0,0.0,0.0,0.0,0.0,0.0,0.0,0.0
37810,1.0,1,0,728,0,728.0,728.0,728.0,0.0,0.0,0.0,0.0,0.0,728000000.0,1000000.0,0.0,0.0,0.0,0.0,0.0,0.0,0.0,0.0,0.0,0.0,0.0,0.0,0.0,0.0,0,0,0,0,28,0,1000000.0,0.0,728.0,728.0,728.0,0.0,0.0,0,0,0,0,0,0,0,0,0.0,728.0,728.0,0.0,28,0,0,0,0,0,0,1,728,0,0,0,0,1,728.0,0.0,0.0,0.0,0.0,0.0,0.0,0.0,0.0
0,886695.146560669,3,0,162,0,54.0,54.0,54.0,0.0,0.0,0.0,0.0,0.0,182.70089853132598,3.383349972802333,443347.5732803345,442338.58585357666,885686.1591339111,1008.9874267578125,886695.146560669,443347.5732803345,442338.58585357666,885686.1591339111,1008.9874267578125,0.0,0.0,0.0,0.0,0.0,0,0,0,0,72,0,3.383349972802333,0.0,54.0,54.0,54.0,0.0,0.0,0,0,0,0,0,0,0,0,0.0,54.0,54.0,0.0,72,0,0,0,0,0,0,3,162,0,0,0,0,3,54.0,0.0,0.0,0.0,0.0,0.0,0.0,0.0,0.0
53,15914597.988128662,8,4,504,228,88.0,54.0,63.0,10.862780491200215,66.0,54.0,57.0,5.196152422706632,45.99550680111607,0.7540247016576405,1446781.6352844238,3666000.910578477,12876957.893371582,200.03318786621094,15914597.988128662,2273513.998304094,4387131.225044173,12878912.925720215,245.09429931640625,12882190.227508545,4294063.409169515,6070166.2250548415,12878574.60975647,200.03318786621094,2,0,0,0,356,172,0.5026831344384269,0.25134156721921347,54.0,88.0,61.0,9.780933834080807,95.66666666666669,2,4,0,2,9,0,0,0,0.5,61.0,63.0,57.0,356,0,0,0,0,0,0,8,504,4,228,0,0,2,54.0,0.0,0.0,0.0,0.0,0.0,0.0,0.0,0.0
53,15914279.93774414,8,4,504,228,88.0,54.0,63.0,10.862780491200215,66.0,54.0,57.0,5.196152422706632,45.9964260314351,0.7540397710071328,1446752.7216131038,3666303.48860007,12877843.856811523,204.8015594482422,15914279.93774414,2273468.562534877,4387574.127529406,12879887.104034424,251.29318237304688,12882228.85131836,4294076.283772786,6070629.789539764,12879243.13545227,204.8015594482422,2,0,0,0,356,172,0.5026931806714219,0.25134659033571094,54.0,88.0,61.0,9.780933834080807,95.66666666666669,2,4,0,2,9,0,0,0,0.5,61.0,63.0,57.0,356,0,0,0,0,0,0,8,504,4,228,0,0,2,54.0,0.0,0.0,0.0,0.0,0.0,0.0,0.0,0.0
53,13879090.785980225,7,4,438,228,88.0,54.0,62.57142857142857,11.549361675090136,66.0,54.0,57.0,5.196152422706632,47.98585226294152,0.7925591214599951,1387909.0785980225,3810857.9479800784,12785096.406936646,213.38462829589844,13879090.785980225,2313181.7976633706,4724451.179825689,12845250.368118286,243.4253692626953,12848329.782485962,4282776.594161987,6013033.017504417,12786415.338516235,213.38462829589844,2,0,0,0,304,172,0.5043558045654515,0.2882033168945437,54.0,88.0,60.54545454545455,10.093775186750552,101.88429752066114,2,3,0,2,9,0,0,0,0.5714285714285714,60.54545454545455,62.57142857142857,57.0,304,0,0,0,0,0,0,7,438,4,228,0,0,2,54.0,0.0,0.0,0.0,0.0,0.0,0.0,0.0,0.0
53,13878474.235534668,7,5,438,282,88.0,54.0,62.57142857142857,11.549361675090136,66.0,54.0,56.4,4.8,51.8789016559544,0.8646483609325734,1261679.475957697,3655647.694016158,12786082.744598389,245.80955505371094,13878474.235534668,2313079.039255778,4724901.838977621,12846180.67741394,245.80955505371094,12848267.555236816,3212066.888809204,5528231.040623683,12787218.809127808,509.2620849609375,2,0,0,0,304,212,0.5043782105440011,0.36027015038857224,54.0,88.0,60.0,9.83192080250175,96.66666666666667,2,3,0,2,10,0,0,0,0.7142857142857143,60.0,62.57142857142857,56.4,304,0,0,0,0,0,0,7,438,5,282,0,0,2,54.0,0.0,0.0,0.0,0.0,0.0,0.0,0.0,0.0
443,238.65699768066406,2,0,108,0,54.0,54.0,54.0,0.0,0.0,0.0,0.0,0.0,452532.2997002997,8380.227772227772,238.65699768066406,0.0,238.65699768066406,238.65699768066406,238.65699768066406,238.65699768066406,0.0,238.65699768066406,238.65699768066406,0.0,0.0,0.0,0.0,0.0,0,0,0,0,80,0,8380.227772227772,0.0,54.0,54.0,54.0,0.0,0.0,1,0,1,0,2,0,0,0,0.0,54.0,54.0,0.0,80,0,0,0,0,0,0,2,108,0,0,0,0,1,54.0,0.0,0.0,0.0,0.0,0.0,0.0,0.0,0.0
443,969133.6154937744,2,0,108,0,54.0,54.0,54.0,0.0,0.0,0.0,0.0,0.0,111.43974192348483,2.0636989245089783,969133.6154937744,0.0,969133.6154937744,969133.6154937744,969133.6154937744,969133.6154937744,0.0,969133.6154937744,969133.6154937744,0.0,0.0,0.0,0.0,0.0,0,0,0,0,80,0,2.0636989245089783,0.0,54.0,54.0,54.0,0.0,0.0,1,0,1,0,2,0,0,0,0.0,54.0,54.0,0.0,80,0,0,0,0,0,0,2,108,0,0,0,0,1,54.0,0.0,0.0,0.0,0.0,0.0,0.0,0.0,0.0
62515,105006.21795654297,1,1,90,54,90.0,90.0,90.0,0.0,54.0,54.0,54.0,0.0,1371.3473621114008,19.04649114043612,105006.21795654297,0.0,105006.21795654297,105006.21795654297,0.0,0.0,0.0,0.0,0.0,0.0,0.0,0.0,0.0,0.0,1,0,0,0,52,40,9.52324557021806,9.52324557021806,54.0,90.0,72.0,18.0,324.0,0,0,1,1,1,0,0,0,1.0,72.0,90.0,54.0,52,0,0,0,0,0,0,1,90,1,54,0,0,1,90.0,0.0,0.0,0.0,0.0,0.0,0.0,0.0,0.0
443,7845080.137252808,6,0,324,0,54.0,54.0,54.0,0.0,0.0,0.0,0.0,0.0,41.299769324403414,0.7648105430445076,1569016.0274505615,2606368.2371537737,6736056.566238403,28757.572174072266,7845080.137252808,1569016.0274505615,2606368.2371537737,6736056.566238403,28757.572174072266,0.0,0.0,0.0,0.0,0.0,0,0,0,0,240,0,0.7648105430445076,0.0,54.0,54.0,54.0,0.0,0.0,6,0,0,0,6,0,0,0,0.0,54.0,54.0,0.0,240,0,0,0,0,0,0,6,324,0,0,0,0,0,54.0,0.0,0.0,0.0,0.0,0.0,0.0,0.0,0.0
80,3349290.609359741,7,6,713,550,293.0,66.0,101.85714285714286,78.12156931242954,212.0,66.0,91.66666666666667,53.89392874485544,377.0947783600773,3.8814189379897113,279107.55077997845,600392.8574650371,2048560.8577728271,210.5236053466797,3278812.1700286865,546468.6950047811,760831.1274187367,2048560.8577728271,1136.3029479980469,189535.61782836914,37907.12356567383,46213.51831564065,101694.34547424316,210.5236053466797,1,1,0,0,388,320,2.089994812763691,1.7914241252260206,66.0,293.0,97.15384615384616,68.20990922128787,4652.591715976332,2,4,0,2,10,0,0,0,0.8571428571428571,97.15384615384616,101.85714285714286,91.66666666666667,388,0,0,0,0,0,0,7,713,6,550,0,0,1,66.0,0.0,0.0,0.0,0.0,0.0,0.0,0.0,0.0
80,1358673.8109588623,7,6,685,870,273.0,66.0,97.85714285714286,71.58696723252788,532.0,66.0,145.0,173.09631230425833,1144.4983979654276,9.568153809357272,113222.8175799052,252061.44889759758,941942.4533843994,277.2808074951172,1358673.8109588623,226445.6351598104,327647.83824566123,941942.4533843994,929.1172027587891,307753.324508667,61550.6649017334,49945.22364583156,104853.15322875977,277.2808074951172,1,1,0,0,380,320,5.152082820423146,4.416070988934125,66.0,532.0,119.61538461538461,130.9219018296718,17140.54437869822,2,3,0,2,11,0,0,0,0.8571428571428571,119.61538461538461,97.85714285714286,145.0,380,0,0,0,0,0,0,7,685,6,870,0,0,2,66.0,0.0,0.0,0.0,0.0,0.0,0.0,0.0,0.0
443,914181.2324523926,9,9,1487,1585,629.0,66.0,165.22222222222223,178.8405731854043,855.0,54.0,176.11111111111111,249.7280496168424,3360.384014621498,19.68975008567284,53775.36661484662,81204.35703038685,353803.6346435547,477.79083251953125,846557.3787689209,105819.67234611511,132719.12314098023,433092.5941467285,738.1439208984375,560377.5978088379,70047.19972610474,76920.27910466031,211987.25700378418,477.79083251953125,4,2,0,0,476,452,9.84487504283642,9.84487504283642,54.0,855.0,170.66666666666666,217.2640482607895,47203.66666666667,2,2,2,6,15,0,0,0,1.0,170.66666666666666,165.22222222222223,176.11111111111111,476,0,0,0,0,0,0,9,1487,9,1585,0,0,5,66.0,0.0,0.0,0.0,0.0,0.0,0.0,0.0,0.0
137,91141718.86444092,15,0,1380,0,92.0,92.0,92.0,0.0,0.0,0.0,0.0,0.0,15.141254929068593,0.16457885792465862,6510122.776031494,10605274.323033469,28674715.518951416,695574.9988555908,91141718.86444092,6510122.776031494,10605274.323033469,28674715.518951416,695574.9988555908,0.0,0.0,0.0,0.0,0.0,0,0,0,0,420,0,0.16457885792465862,0.0,92.0,92.0,92.0,0.0,0.0,0,0,0,0,0,0,0,0,0.0,92.0,92.0,0.0,420,0,0,0,0,0,0,15,1380,0,0,0,0,15,92.0,0.0,0.0,0.0,0.0,0.0,0.0,0.0,0.0
0,63456585.1688385,30,0,1660,0,70.0,54.0,55.333333333333336,4.173993557999607,0.0,0.0,0.0,0.0,26.15961756503678,0.4727641728621105,2188158.1092702933,7640535.133688205,37903815.74630737,247.955322265625,63456585.1688385,2188158.1092702933,7640535.133688205,37903815.74630737,247.955322265625,0.0,0.0,0.0,0.0,0.0,0,0,0,0,720,0,0.4727641728621105,0.0,54.0,70.0,55.333333333333336,4.173993557999607,17.422222222222217,0,0,0,0,0,0,0,0,0.0,55.333333333333336,55.333333333333336,0.0,720,0,0,0,0,0,0,30,1660,0,0,0,0,30,54.0,0.0,0.0,0.0,0.0,0.0,0.0,0.0,0.0
137,76047353.50608826,56,0,5692,0,110.0,92.0,101.64285714285714,8.977011456708606,0.0,0.0,0.0,0.0,74.84810105251468,0.7363832851266378,1382679.1546561501,4548065.440107085,27142248.153686523,264.4062042236328,76047353.50608826,1382679.1546561501,4548065.440107085,27142248.153686523,264.4062042236328,0.0,0.0,0.0,0.0,0.0,0,0,0,0,1568,0,0.7363832851266378,0.0,92.0,110.0,101.64285714285714,8.977011456708606,80.58673469387757,0,0,0,0,0,0,0,0,0.0,101.64285714285714,101.64285714285714,0.0,1568,0,0,0,0,0,0,56,5692,0,0,0,0,56,92.0,0.0,0.0,0.0,0.0,0.0,0.0,0.0,0.0
5353,73962314.12887573,53,0,4700,0,201.0,70.0,88.67924528301887,40.73419294526528,0.0,0.0,0.0,0.0,63.545875427998084,0.7165811484433826,1422352.1947860718,4892809.848322443,28124478.816986084,275.1350402832031,73962314.12887573,1422352.1947860718,4892809.848322443,28124478.816986084,275.1350402832031,0.0,0.0,0.0,0.0,0.0,0,0,0,0,1484,0,0.7165811484433826,0.0,70.0,201.0,88.67924528301887,40.73419294526528,1659.2744749020994,0,0,0,0,0,0,0,0,0.0,88.67924528301887,88.67924528301887,0.0,1484,0,0,0,0,0,0,53,4700,0,0,0,0,53,70.0,0.0,0.0,0.0,0.0,0.0,0.0,0.0,0.0
443,24047048.568725586,15,18,4061,6108,1292.0,72.0,270.73333333333335,406.55470589932776,1292.0,64.0,339.3333333333333,411.8702600469123,422.87933884848155,1.3723097828694946,751470.2677726746,4083461.334050488,23486684.0839386,236.51123046875,23987017.393112183,1713358.3852222986,6064316.815555649,23578179.597854614,236.51123046875,24022507.905960083,1413088.7003505933,5536481.063869067,23558311.939239502,247.47848510742188,0,0,0,0,420,504,0.6237771740315885,0.7485326088379062,64.0,1292.0,308.1515151515151,410.88493716442485,168826.43158861337,0,0,0,0,0,0,0,0,1.2,308.1515151515151,270.73333333333335,339.3333333333333,420,0,0,0,0,0,0,15,4061,18,6108,0,0,15,72.0,0.0,0.0,0.0,0.0,0.0,0.0,0.0,0.0
443,23699761.629104614,22,18,11025,7010,1292.0,72.0,501.1363636363636,549.463481742504,1292.0,66.0,389.44444444444446,423.217204835928,760.9781179339807,1.6877806885145121,607686.195618067,3571788.6030593696,22622853.755950928,245.3327178955078,23625514.5072937,1125024.500347319,4830597.581889496,22725805.75942993,245.80955505371094,23654323.33946228,1391430.7846742517,5323429.720587465,22682025.67100525,245.3327178955078,0,0,0,0,616,504,0.9282793786829816,0.7595013098315304,66.0,1292.0,450.875,499.73884117106604,249738.90937499996,0,0,0,0,0,0,0,0,0.8181818181818182,450.875,501.1363636363636,389.44444444444446,616,0,0,0,0,0,0,22,11025,18,7010,0,0,22,72.0,0.0,0.0,0.0,0.0,0.0,0.0,0.0,0.0
443,31173153.63883972,30,44,6855,37339,1292.0,73.0,228.5,367.6051096851983,1292.0,64.0,848.6136363636364,556.9137445825509,1417.6942285665045,2.373837464676683,427029.501901914,2823137.202957051,23513522.86338806,235.3191375732422,31130640.268325806,1073470.3540802002,4403727.809451852,23513522.86338806,235.3191375732422,31126053.33328247,723861.7054251737,3671031.5819212617,23639522.314071655,239.6106719970703,0,0,0,0,840,1232,0.9623665397337904,1.4114709249428925,64.0,1292.0,597.2162162162163,576.1019117395873,331893.4127100072,0,0,0,0,0,0,0,0,1.4666666666666666,597.2162162162163,228.5,848.6136363636364,840,0,0,0,0,0,0,30,6855,44,37339,0,0,30,73.0,0.0,0.0,0.0,0.0,0.0,0.0,0.0,0.0
443,24380755.90133667,21,23,11599,7386,1292.0,72.0,552.3333333333334,499.63742409426817,1292.0,66.0,321.1304347826087,395.94161892312246,778.6879158639684,1.8047020436141485,566994.3232868992,3529007.383013921,23435904.97970581,237.7033233642578,24311090.46936035,1215554.5234680176,5107324.561676824,23475608.825683594,240.325927734375,24335329.294204712,1106151.3315547595,4889425.426582527,23510473.012924194,237.7033233642578,0,0,0,0,588,644,0.861335066270389,0.9433669773437594,66.0,1292.0,431.47727272727275,463.06491242571457,214429.1131198347,0,0,0,0,0,0,0,0,1.0952380952380953,431.47727272727275,552.3333333333334,321.1304347826087,588,0,0,0,0,0,0,21,11599,23,7386,0,0,21,72.0,0.0,0.0,0.0,0.0,0.0,0.0,0.0,0.0
37810,1.0,1,0,806,0,806.0,806.0,806.0,0.0,0.0,0.0,0.0,0.0,806000000.0,1000000.0,0.0,0.0,0.0,0.0,0.0,0.0,0.0,0.0,0.0,0.0,0.0,0.0,0.0,0.0,0,0,0,0,28,0,1000000.0,0.0,806.0,806.0,806.0,0.0,0.0,0,0,0,0,0,0,0,0,0.0,806.0,806.0,0.0,28,0,0,0,0,0,0,1,806,0,0,0,0,1,806.0,0.0,0.0,0.0,0.0,0.0,0.0,0.0,0.0
1900,1.0,1,0,167,0,167.0,167.0,167.0,0.0,0.0,0.0,0.0,0.0,167000000.0,1000000.0,0.0,0.0,0.0,0.0,0.0,0.0,0.0,0.0,0.0,0.0,0.0,0.0,0.0,0.0,0,0,0,0,28,0,1000000.0,0.0,167.0,167.0,167.0,0.0,0.0,0,0,0,0,0,0,0,0,0.0,167.0,167.0,0.0,28,0,0,0,0,0,0,1,167,0,0,0,0,1,167.0,0.0,0.0,0.0,0.0,0.0,0.0,0.0,0.0
5355,1.0,1,0,65,0,65.0,65.0,65.0,0.0,0.0,0.0,0.0,0.0,65000000.0,1000000.0,0.0,0.0,0.0,0.0,0.0,0.0,0.0,0.0,0.0,0.0,0.0,0.0,0.0,0.0,0,0,0,0,28,0,1000000.0,0.0,65.0,65.0,65.0,0.0,0.0,0,0,0,0,0,0,0,0,0.0,65.0,65.0,0.0,28,0,0,0,0,0,0,1,65,0,0,0,0,1,65.0,0.0,0.0,0.0,0.0,0.0,0.0,0.0,0.0
53,269622.0874786377,1,1,79,514,79.0,79.0,79.0,0.0,514.0,514.0,514.0,0.0,2199.37470830161,7.41778990995484,269622.0874786377,0.0,269622.0874786377,269622.0874786377,0.0,0.0,0.0,0.0,0.0,0.0,0.0,0.0,0.0,0.0,0,0,0,0,28,28,3.70889495497742,3.70889495497742,79.0,514.0,296.5,217.5,47306.25,0,0,0,0,0,0,0,0,1.0,296.5,79.0,514.0,28,0,0,0,0,0,0,1,79,1,514,0,0,1,79.0,0.0,0.0,0.0,0.0,0.0,0.0,0.0,0.0
0,59062.24250793457,3,0,162,0,54.0,54.0,54.0,0.0,0.0,0.0,0.0,0.0,2742.8691008174387,50.79387223735998,29531.121253967285,26405.692100524902,55936.81335449219,3125.429153442383,59062.24250793457,29531.121253967285,26405.692100524902,55936.81335449219,3125.429153442383,0.0,0.0,0.0,0.0,0.0,0,0,0,0,72,0,50.79387223735998,0.0,54.0,54.0,54.0,0.0,0.0,0,0,0,0,0,0,0,0,0.0,54.0,54.0,0.0,72,0,0,0,0,0,0,3,162,0,0,0,0,3,54.0,0.0,0.0,0.0,0.0,0.0,0.0,0.0,0.0
5355,420432.80601501465,2,0,128,0,64.0,64.0,64.0,0.0,0.0,0.0,0.0,0.0,304.44817380741887,4.75700271574092,420432.80601501465,0.0,420432.80601501465,420432.80601501465,420432.80601501465,420432.80601501465,0.0,420432.80601501465,420432.80601501465,0.0,0.0,0.0,0.0,0.0,0,0,0,0,56,0,4.75700271574092,0.0,64.0,64.0,64.0,0.0,0.0,0,0,0,0,0,0,0,0,0.0,64.0,64.0,0.0,56,0,0,0,0,0,0,2,128,0,0,0,0,2,64.0,0.0,0.0,0.0,0.0,0.0,0.0,0.0,0.0
1900,2024335.8612060547,3,0,651,0,217.0,217.0,217.0,0.0,0.0,0.0,0.0,0.0,321.586952281796,1.4819675220359265,1012167.9306030273,11885.881423950195,1024053.8120269775,1000282.0491790771,2024335.8612060547,1012167.9306030273,11885.881423950195,1024053.8120269775,1000282.0491790771,0.0,0.0,0.0,0.0,0.0,0,0,0,0,84,0,1.4819675220359265,0.0,217.0,217.0,217.0,0.0,0.0,0,0,0,0,0,0,0,0,0.0,217.0,217.0,0.0,84,0,0,0,0,0,0,3,651,0,0,0,0,3,217.0,0.0,0.0,0.0,0.0,0.0,0.0,0.0,0.0
10001,1.0,1,0,201,0,201.0,201.0,201.0,0.0,0.0,0.0,0.0,0.0,201000000.0,1000000.0,0.0,0.0,0.0,0.0,0.0,0.0,0.0,0.0,0.0,0.0,0.0,0.0,0.0,0.0,0,0,0,0,28,0,1000000.0,0.0,201.0,201.0,201.0,0.0,0.0,0,0,0,0,0,0,0,0,0.0,201.0,201.0,0.0,28,0,0,0,0,0,0,1,201,0,0,0,0,1,201.0,0.0,0.0,0.0,0.0,0.0,0.0,0.0,0.0
1900,1.0,1,0,175,0,175.0,175.0,175.0,0.0,0.0,0.0,0.0,0.0,175000000.0,1000000.0,0.0,0.0,0.0,0.0,0.0,0.0,0.0,0.0,0.0,0.0,0.0,0.0,0.0,0.0,0,0,0,0,28,0,1000000.0,0.0,175.0,175.0,175.0,0.0,0.0,0,0,0,0,0,0,0,0,0.0,175.0,175.0,0.0,28,0,0,0,0,0,0,1,175,0,0,0,0,1,175.0,0.0,0.0,0.0,0.0,0.0,0.0,0.0,0.0
1900,1.0,1,0,175,0,175.0,175.0,175.0,0.0,0.0,0.0,0.0,0.0,175000000.0,1000000.0,0.0,0.0,0.0,0.0,0.0,0.0,0.0,0.0,0.0,0.0,0.0,0.0,0.0,0.0,0,0,0,0,28,0,1000000.0,0.0,175.0,175.0,175.0,0.0,0.0,0,0,0,0,0,0,0,0,0.0,175.0,175.0,0.0,28,0,0,0,0,0,0,1,175,0,0,0,0,1,175.0,0.0,0.0,0.0,0.0,0.0,0.0,0.0,0.0
1900,11965062.856674194,9,0,1611,0,179.0,179.0,179.0,0.0,0.0,0.0,0.0,0.0,134.64200057263997,0.7521899473331841,1495632.8570842743,1269104.3180819303,3149934.2918395996,606.0600280761719,11965062.856674194,1495632.8570842743,1269104.3180819303,3149934.2918395996,606.0600280761719,0.0,0.0,0.0,0.0,0.0,0,0,0,0,252,0,0.7521899473331841,0.0,179.0,179.0,179.0,0.0,0.0,0,0,0,0,0,0,0,0,0.0,179.0,179.0,0.0,252,0,0,0,0,0,0,9,1611,0,0,0,0,9,179.0,0.0,0.0,0.0,0.0,0.0,0.0,0.0,0.0
0,310409.0690612793,6,0,340,0,70.0,54.0,56.666666666666664,5.962847939999438,0.0,0.0,0.0,0.0,1095.3288221513883,19.329332155612736,62081.81381225586,113671.04267426788,289005.7563781738,760.0784301757812,310409.0690612793,62081.81381225586,113671.04267426788,289005.7563781738,760.0784301757812,0.0,0.0,0.0,0.0,0.0,0,0,0,0,144,0,19.329332155612736,0.0,54.0,70.0,56.666666666666664,5.962847939999438,35.55555555555554,0,0,0,0,0,0,0,0,0.0,56.666666666666664,56.666666666666664,0.0,144,0,0,0,0,0,0,6,340,0,0,0,0,6,54.0,0.0,0.0,0.0,0.0,0.0,0.0,0.0,0.0
5355,1.0,1,0,75,0,75.0,75.0,75.0,0.0,0.0,0.0,0.0,0.0,75000000.0,1000000.0,0.0,0.0,0.0,0.0,0.0,0.0,0.0,0.0,0.0,0.0,0.0,0.0,0.0,0.0,0,0,0,0,28,0,1000000.0,0.0,75.0,75.0,75.0,0.0,0.0,0,0,0,0,0,0,0,0,0.0,75.0,75.0,0.0,28,0,0,0,0,0,0,1,75,0,0,0,0,1,75.0,0.0,0.0,0.0,0.0,0.0,0.0,0.0,0.0
5353,2358.9134216308594,2,0,200,0,119.0,81.0,100.0,19.0,0.0,0.0,0.0,0.0,84784.79886800081,847.847988680008,2358.9134216308594,0.0,2358.9134216308594,2358.9134216308594,2358.9134216308594,2358.9134216308594,0.0,2358.9134216308594,2358.9134216308594,0.0,0.0,0.0,0.0,0.0,0,0,0,0,56,0,847.847988680008,0.0,81.0,119.0,100.0,19.0,361.0,0,0,0,0,0,0,0,0,0.0,100.0,100.0,0.0,56,0,0,0,0,0,0,2,200,0,0,0,0,2,81.0,0.0,0.0,0.0,0.0,0.0,0.0,0.0,0.0
5355,473635.6735229492,2,0,128,0,64.0,64.0,64.0,0.0,0.0,0.0,0.0,0.0,270.2499139220728,4.222654905032387,473635.6735229492,0.0,473635.6735229492,473635.6735229492,473635.6735229492,473635.6735229492,0.0,473635.6735229492,473635.6735229492,0.0,0.0,0.0,0.0,0.0,0,0,0,0,56,0,4.222654905032387,0.0,64.0,64.0,64.0,0.0,0.0,0,0,0,0,0,0,0,0,0.0,64.0,64.0,0.0,56,0,0,0,0,0,0,2,128,0,0,0,0,2,64.0,0.0,0.0,0.0,0.0,0.0,0.0,0.0,0.0
5355,464438.19999694824,2,0,128,0,64.0,64.0,64.0,0.0,0.0,0.0,0.0,0.0,275.60179158570736,4.3062779935266775,464438.19999694824,0.0,464438.19999694824,464438.19999694824,464438.19999694824,464438.19999694824,0.0,464438.19999694824,464438.19999694824,0.0,0.0,0.0,0.0,0.0,0,0,0,0,56,0,4.3062779935266775,0.0,64.0,64.0,64.0,0.0,0.0,0,0,0,0,0,0,0,0,0.0,64.0,64.0,0.0,56,0,0,0,0,0,0,2,128,0,0,0,0,2,64.0,0.0,0.0,0.0,0.0,0.0,0.0,0.0,0.0
137,2285434.4844818115,12,0,1320,0,110.0,110.0,110.0,0.0,0.0,0.0,0.0,0.0,577.5707021850117,5.250642747136469,207766.77131652832,337610.78440890304,809163.8088226318,280.3802490234375,2285434.4844818115,207766.77131652832,337610.78440890304,809163.8088226318,280.3802490234375,0.0,0.0,0.0,0.0,0.0,0,0,0,0,336,0,5.250642747136469,0.0,110.0,110.0,110.0,0.0,0.0,0,0,0,0,0,0,0,0,0.0,110.0,110.0,0.0,336,0,0,0,0,0,0,12,1320,0,0,0,0,12,110.0,0.0,0.0,0.0,0.0,0.0,0.0,0.0,0.0
62976,1.0,1,0,264,0,264.0,264.0,264.0,0.0,0.0,0.0,0.0,0.0,264000000.0,1000000.0,0.0,0.0,0.0,0.0,0.0,0.0,0.0,0.0,0.0,0.0,0.0,0.0,0.0,0.0,0,0,0,0,28,0,1000000.0,0.0,264.0,264.0,264.0,0.0,0.0,0,0,0,0,0,0,0,0,0.0,264.0,264.0,0.0,28,0,0,0,0,0,0,1,264,0,0,0,0,1,264.0,0.0,0.0,0.0,0.0,0.0,0.0,0.0,0.0
62976,1.0,1,0,264,0,264.0,264.0,264.0,0.0,0.0,0.0,0.0,0.0,264000000.0,1000000.0,0.0,0.0,0.0,0.0,0.0,0.0,0.0,0.0,0.0,0.0,0.0,0.0,0.0,0.0,0,0,0,0,28,0,1000000.0,0.0,264.0,264.0,264.0,0.0,0.0,0,0,0,0,0,0,0,0,0.0,264.0,264.0,0.0,28,0,0,0,0,0,0,1,264,0,0,0,0,1,264.0,0.0,0.0,0.0,0.0,0.0,0.0,0.0,0.0
0,92617.27333068848,6,0,340,0,70.0,54.0,56.666666666666664,5.962847939999438,0.0,0.0,0.0,0.0,3671.0214819867942,64.78273203506107,18523.454666137695,28449.859837155094,75116.39595031738,739.0975952148438,92617.27333068848,18523.454666137695,28449.859837155094,75116.39595031738,739.0975952148438,0.0,0.0,0.0,0.0,0.0,0,0,0,0,144,0,64.78273203506107,0.0,54.0,70.0,56.666666666666664,5.962847939999438,35.55555555555554,0,0,0,0,0,0,0,0,0.0,56.666666666666664,56.666666666666664,0.0,144,0,0,0,0,0,0,6,340,0,0,0,0,6,54.0,0.0,0.0,0.0,0.0,0.0,0.0,0.0,0.0
5353,1926.6605377197266,2,0,200,0,119.0,81.0,100.0,19.0,0.0,0.0,0.0,0.0,103806.55859423339,1038.0655859423339,1926.6605377197266,0.0,1926.6605377197266,1926.6605377197266,1926.6605377197266,1926.6605377197266,0.0,1926.6605377197266,1926.6605377197266,0.0,0.0,0.0,0.0,0.0,0,0,0,0,56,0,1038.0655859423339,0.0,81.0,119.0,100.0,19.0,361.0,0,0,0,0,0,0,0,0,0.0,100.0,100.0,0.0,56,0,0,0,0,0,0,2,200,0,0,0,0,2,81.0,0.0,0.0,0.0,0.0,0.0,0.0,0.0,0.0
137,2258532.0472717285,10,0,1100,0,110.0,110.0,110.0,0.0,0.0,0.0,0.0,0.0,487.042015334156,4.4276546848559635,250948.0052524143,336463.2546096115,766177.4158477783,283.4796905517578,2258532.0472717285,250948.0052524143,336463.2546096115,766177.4158477783,283.4796905517578,0.0,0.0,0.0,0.0,0.0,0,0,0,0,280,0,4.4276546848559635,0.0,110.0,110.0,110.0,0.0,0.0,0,0,0,0,0,0,0,0,0.0,110.0,110.0,0.0,280,0,0,0,0,0,0,10,1100,0,0,0,0,10,110.0,0.0,0.0,0.0,0.0,0.0,0.0,0.0,0.0
37810,1.0,1,0,806,0,806.0,806.0,806.0,0.0,0.0,0.0,0.0,0.0,806000000.0,1000000.0,0.0,0.0,0.0,0.0,0.0,0.0,0.0,0.0,0.0,0.0,0.0,0.0,0.0,0.0,0,0,0,0,28,0,1000000.0,0.0,806.0,806.0,806.0,0.0,0.0,0,0,0,0,0,0,0,0,0.0,806.0,806.0,0.0,28,0,0,0,0,0,0,1,806,0,0,0,0,1,806.0,0.0,0.0,0.0,0.0,0.0,0.0,0.0,0.0
5050,1.0,1,0,382,0,382.0,382.0,382.0,0.0,0.0,0.0,0.0,0.0,382000000.0,1000000.0,0.0,0.0,0.0,0.0,0.0,0.0,0.0,0.0,0.0,0.0,0.0,0.0,0.0,0.0,0,0,0,0,28,0,1000000.0,0.0,382.0,382.0,382.0,0.0,0.0,0,0,0,0,0,0,0,0,0.0,382.0,382.0,0.0,28,0,0,0,0,0,0,1,382,0,0,0,0,1,382.0,0.0,0.0,0.0,0.0,0.0,0.0,0.0,0.0
443,4003135.919570923,6,0,7752,0,1292.0,1292.0,1292.0,0.0,0.0,0.0,0.0,0.0,1936.481837177015,1.4988249513753986,800627.1839141846,739451.2229146047,2094559.1926574707,320.67298889160156,4003135.919570923,800627.1839141846,739451.2229146047,2094559.1926574707,320.67298889160156,0.0,0.0,0.0,0.0,0.0,0,0,0,0,168,0,1.4988249513753986,0.0,1292.0,1292.0,1292.0,0.0,0.0,0,0,0,0,0,0,0,0,0.0,1292.0,1292.0,0.0,168,0,0,0,0,0,0,6,7752,0,0,0,0,6,1292.0,0.0,0.0,0.0,0.0,0.0,0.0,0.0,0.0
1900,1.0,1,0,167,0,167.0,167.0,167.0,0.0,0.0,0.0,0.0,0.0,167000000.0,1000000.0,0.0,0.0,0.0,0.0,0.0,0.0,0.0,0.0,0.0,0.0,0.0,0.0,0.0,0.0,0,0,0,0,28,0,1000000.0,0.0,167.0,167.0,167.0,0.0,0.0,0,0,0,0,0,0,0,0,0.0,167.0,167.0,0.0,28,0,0,0,0,0,0,1,167,0,0,0,0,1,167.0,0.0,0.0,0.0,0.0,0.0,0.0,0.0,0.0
5050,2476117.3725128174,2,0,688,0,344.0,344.0,344.0,0.0,0.0,0.0,0.0,0.0,277.85435684004057,0.8077161536047691,2476117.3725128174,0.0,2476117.3725128174,2476117.3725128174,2476117.3725128174,2476117.3725128174,0.0,2476117.3725128174,2476117.3725128174,0.0,0.0,0.0,0.0,0.0,0,0,0,0,56,0,0.8077161536047691,0.0,344.0,344.0,344.0,0.0,0.0,0,0,0,0,0,0,0,0,0.0,344.0,344.0,0.0,56,0,0,0,0,0,0,2,688,0,0,0,0,2,344.0,0.0,0.0,0.0,0.0,0.0,0.0,0.0,0.0
443,239104.2709350586,13,13,5212,6033,1292.0,83.0,400.9230769230769,497.30882860242605,1242.0,66.0,464.0769230769231,525.1092870190066,47029.691088429674,108.73917014665821,9564.170837402344,17751.269157716568,66315.4125213623,242.9485321044922,239104.2709350586,19925.355911254883,28118.037308512306,93074.08332824707,244.61746215820312,193483.5910797119,16123.632589975994,39541.8743383521,140300.03547668457,242.9485321044922,0,0,0,0,364,364,54.369585073329105,54.369585073329105,66.0,1292.0,432.5,512.3719539853536,262525.01923076925,0,0,0,0,0,0,0,0,1.0,432.5,400.9230769230769,464.0769230769231,364,0,0,0,0,0,0,13,5212,13,6033,0,0,13,83.0,0.0,0.0,0.0,0.0,0.0,0.0,0.0,0.0
0,2957043.409347534,2,0,108,0,54.0,54.0,54.0,0.0,0.0,0.0,0.0,0.0,36.5229673864781,0.6763512478977426,2957043.409347534,0.0,2957043.409347534,2957043.409347534,2957043.409347534,2957043.409347534,0.0,2957043.409347534,2957043.409347534,0.0,0.0,0.0,0.0,0.0,0,0,0,0,48,0,0.6763512478977426,0.0,54.0,54.0,54.0,0.0,0.0,0,0,0,0,0,0,0,0,0.0,54.0,54.0,0.0,48,0,0,0,0,0,0,2,108,0,0,0,0,2,54.0,0.0,0.0,0.0,0.0,0.0,0.0,0.0,0.0
443,4012946.128845215,8,0,10336,0,1292.0,1292.0,1292.0,0.0,0.0,0.0,0.0,0.0,2575.6637812066365,1.9935478182713904,573278.0184064594,554642.1054625682,1750284.4333648682,302.7915954589844,4012946.128845215,573278.0184064594,554642.1054625682,1750284.4333648682,302.7915954589844,0.0,0.0,0.0,0.0,0.0,0,0,0,0,224,0,1.9935478182713904,0.0,1292.0,1292.0,1292.0,0.0,0.0,0,0,0,0,0,0,0,0,0.0,1292.0,1292.0,0.0,224,0,0,0,0,0,0,8,10336,0,0,0,0,8,1292.0,0.0,0.0,0.0,0.0,0.0,0.0,0.0,0.0
443,6158126.592636108,18,17,7436,5805,1292.0,72.0,413.1111111111111,482.7999227755725,1292.0,65.0,341.47058823529414,446.98521065770484,2150.166905603012,5.683546688022462,181121.37037165024,787841.8193325261,4653711.080551147,271.08192443847656,6069856.643676758,357050.39080451516,1086468.182493736,4653711.080551147,271.08192443847656,6144509.553909302,384031.84711933136,1141091.9425556515,4751099.586486816,319.7193145751953,0,0,0,0,504,476,2.922966868125837,2.7605798198966243,65.0,1292.0,378.3142857142857,467.12260681315604,218203.52979591838,0,0,0,0,0,0,0,0,0.9444444444444444,378.3142857142857,413.1111111111111,341.47058823529414,504,0,0,0,0,0,0,18,7436,17,5805,0,0,18,72.0,0.0,0.0,0.0,0.0,0.0,0.0,0.0,0.0
37810,1.0,1,0,808,0,808.0,808.0,808.0,0.0,0.0,0.0,0.0,0.0,808000000.0,1000000.0,0.0,0.0,0.0,0.0,0.0,0.0,0.0,0.0,0.0,0.0,0.0,0.0,0.0,0.0,0,0,0,0,28,0,1000000.0,0.0,808.0,808.0,808.0,0.0,0.0,0,0,0,0,0,0,0,0,0.0,808.0,808.0,0.0,28,0,0,0,0,0,0,1,808,0,0,0,0,1,808.0,0.0,0.0,0.0,0.0,0.0,0.0,0.0,0.0
443,643368.2441711426,12,14,7684,4901,1292.0,73.0,640.3333333333334,550.0464121831499,1292.0,63.0,350.07142857142856,451.3138699216693,19561.11467113733,40.4123147754923,25734.729766845703,103145.31772754708,527399.5399475098,242.71011352539062,634111.1660003662,57646.46963639693,150467.44987150928,528383.9702606201,245.3327178955078,584635.2577209473,44971.94290161133,139565.7818098338,527715.6829833984,242.71011352539062,0,0,0,0,336,392,18.651837588688753,21.760477186803545,63.0,1292.0,484.03846153846155,519.8590401230251,270253.42159763305,0,0,0,0,0,0,0,0,1.1666666666666667,484.03846153846155,640.3333333333334,350.07142857142856,336,0,0,0,0,0,0,12,7684,14,4901,0,0,12,73.0,0.0,0.0,0.0,0.0,0.0,0.0,0.0,0.0
62976,1.0,1,0,264,0,264.0,264.0,264.0,0.0,0.0,0.0,0.0,0.0,264000000.0,1000000.0,0.0,0.0,0.0,0.0,0.0,0.0,0.0,0.0,0.0,0.0,0.0,0.0,0.0,0.0,0,0,0,0,28,0,1000000.0,0.0,264.0,264.0,264.0,0.0,0.0,0,0,0,0,0,0,0,0,0.0,264.0,264.0,0.0,28,0,0,0,0,0,0,1,264,0,0,0,0,1,264.0,0.0,0.0,0.0,0.0,0.0,0.0,0.0,0.0
62976,1.0,1,0,264,0,264.0,264.0,264.0,0.0,0.0,0.0,0.0,0.0,264000000.0,1000000.0,0.0,0.0,0.0,0.0,0.0,0.0,0.0,0.0,0.0,0.0,0.0,0.0,0.0,0.0,0,0,0,0,28,0,1000000.0,0.0,264.0,264.0,264.0,0.0,0.0,0,0,0,0,0,0,0,0,0.0,264.0,264.0,0.0,28,0,0,0,0,0,0,1,264,0,0,0,0,1,264.0,0.0,0.0,0.0,0.0,0.0,0.0,0.0,0.0
37810,1.0,1,0,808,0,808.0,808.0,808.0,0.0,0.0,0.0,0.0,0.0,808000000.0,1000000.0,0.0,0.0,0.0,0.0,0.0,0.0,0.0,0.0,0.0,0.0,0.0,0.0,0.0,0.0,0,0,0,0,28,0,1000000.0,0.0,808.0,808.0,808.0,0.0,0.0,0,0,0,0,0,0,0,0,0.0,808.0,808.0,0.0,28,0,0,0,0,0,0,1,808,0,0,0,0,1,808.0,0.0,0.0,0.0,0.0,0.0,0.0,0.0,0.0
67,1.0,1,0,342,0,342.0,342.0,342.0,0.0,0.0,0.0,0.0,0.0,342000000.0,1000000.0,0.0,0.0,0.0,0.0,0.0,0.0,0.0,0.0,0.0,0.0,0.0,0.0,0.0,0.0,0,0,0,0,28,0,1000000.0,0.0,342.0,342.0,342.0,0.0,0.0,0,0,0,0,0,0,0,0,0.0,342.0,342.0,0.0,28,0,0,0,0,0,0,1,342,0,0,0,0,1,342.0,0.0,0.0,0.0,0.0,0.0,0.0,0.0,0.0
37810,1.0,1,0,828,0,828.0,828.0,828.0,0.0,0.0,0.0,0.0,0.0,828000000.0,1000000.0,0.0,0.0,0.0,0.0,0.0,0.0,0.0,0.0,0.0,0.0,0.0,0.0,0.0,0.0,0,0,0,0,28,0,1000000.0,0.0,828.0,828.0,828.0,0.0,0.0,0,0,0,0,0,0,0,0,0.0,828.0,828.0,0.0,28,0,0,0,0,0,0,1,828,0,0,0,0,1,828.0,0.0,0.0,0.0,0.0,0.0,0.0,0.0,0.0
37810,1.0,1,0,706,0,706.0,706.0,706.0,0.0,0.0,0.0,0.0,0.0,706000000.0,1000000.0,0.0,0.0,0.0,0.0,0.0,0.0,0.0,0.0,0.0,0.0,0.0,0.0,0.0,0.0,0,0,0,0,28,0,1000000.0,0.0,706.0,706.0,706.0,0.0,0.0,0,0,0,0,0,0,0,0,0.0,706.0,706.0,0.0,28,0,0,0,0,0,0,1,706,0,0,0,0,1,706.0,0.0,0.0,0.0,0.0,0.0,0.0,0.0,0.0
10001,1.0,1,0,201,0,201.0,201.0,201.0,0.0,0.0,0.0,0.0,0.0,201000000.0,1000000.0,0.0,0.0,0.0,0.0,0.0,0.0,0.0,0.0,0.0,0.0,0.0,0.0,0.0,0.0,0,0,0,0,28,0,1000000.0,0.0,201.0,201.0,201.0,0.0,0.0,0,0,0,0,0,0,0,0,0.0,201.0,201.0,0.0,28,0,0,0,0,0,0,1,201,0,0,0,0,1,201.0,0.0,0.0,0.0,0.0,0.0,0.0,0.0,0.0
5355,420218.94454956055,2,0,128,0,64.0,64.0,64.0,0.0,0.0,0.0,0.0,0.0,304.60311620934954,4.7594236907710865,420218.94454956055,0.0,420218.94454956055,420218.94454956055,420218.94454956055,420218.94454956055,0.0,420218.94454956055,420218.94454956055,0.0,0.0,0.0,0.0,0.0,0,0,0,0,56,0,4.7594236907710865,0.0,64.0,64.0,64.0,0.0,0.0,0,0,0,0,0,0,0,0,0.0,64.0,64.0,0.0,56,0,0,0,0,0,0,2,128,0,0,0,0,2,64.0,0.0,0.0,0.0,0.0,0.0,0.0,0.0,0.0
5355,422341.10832214355,2,0,128,0,64.0,64.0,64.0,0.0,0.0,0.0,0.0,0.0,303.0725578869465,4.7355087169835395,422341.10832214355,0.0,422341.10832214355,422341.10832214355,422341.10832214355,422341.10832214355,0.0,422341.10832214355,422341.10832214355,0.0,0.0,0.0,0.0,0.0,0,0,0,0,56,0,4.7355087169835395,0.0,64.0,64.0,64.0,0.0,0.0,0,0,0,0,0,0,0,0,0.0,64.0,64.0,0.0,56,0,0,0,0,0,0,2,128,0,0,0,0,2,64.0,0.0,0.0,0.0,0.0,0.0,0.0,0.0,0.0
37810,1.0,1,0,828,0,828.0,828.0,828.0,0.0,0.0,0.0,0.0,0.0,828000000.0,1000000.0,0.0,0.0,0.0,0.0,0.0,0.0,0.0,0.0,0.0,0.0,0.0,0.0,0.0,0.0,0,0,0,0,28,0,1000000.0,0.0,828.0,828.0,828.0,0.0,0.0,0,0,0,0,0,0,0,0,0.0,828.0,828.0,0.0,28,0,0,0,0,0,0,1,828,0,0,0,0,1,828.0,0.0,0.0,0.0,0.0,0.0,0.0,0.0,0.0
37810,1.0,1,0,705,0,705.0,705.0,705.0,0.0,0.0,0.0,0.0,0.0,705000000.0,1000000.0,0.0,0.0,0.0,0.0,0.0,0.0,0.0,0.0,0.0,0.0,0.0,0.0,0.0,0.0,0,0,0,0,28,0,1000000.0,0.0,705.0,705.0,705.0,0.0,0.0,0,0,0,0,0,0,0,0,0.0,705.0,705.0,0.0,28,0,0,0,0,0,0,1,705,0,0,0,0,1,705.0,0.0,0.0,0.0,0.0,0.0,0.0,0.0,0.0
37810,1.0,1,0,806,0,806.0,806.0,806.0,0.0,0.0,0.0,0.0,0.0,806000000.0,1000000.0,0.0,0.0,0.0,0.0,0.0,0.0,0.0,0.0,0.0,0.0,0.0,0.0,0.0,0.0,0,0,0,0,28,0,1000000.0,0.0,806.0,806.0,806.0,0.0,0.0,0,0,0,0,0,0,0,0,0.0,806.0,806.0,0.0,28,0,0,0,0,0,0,1,806,0,0,0,0,1,806.0,0.0,0.0,0.0,0.0,0.0,0.0,0.0,0.0
37810,1.0,1,0,731,0,731.0,731.0,731.0,0.0,0.0,0.0,0.0,0.0,731000000.0,1000000.0,0.0,0.0,0.0,0.0,0.0,0.0,0.0,0.0,0.0,0.0,0.0,0.0,0.0,0.0,0,0,0,0,28,0,1000000.0,0.0,731.0,731.0,731.0,0.0,0.0,0,0,0,0,0,0,0,0,0.0,731.0,731.0,0.0,28,0,0,0,0,0,0,1,731,0,0,0,0,1,731.0,0.0,0.0,0.0,0.0,0.0,0.0,0.0,0.0
37810,1.0,1,0,728,0,728.0,728.0,728.0,0.0,0.0,0.0,0.0,0.0,728000000.0,1000000.0,0.0,0.0,0.0,0.0,0.0,0.0,0.0,0.0,0.0,0.0,0.0,0.0,0.0,0.0,0,0,0,0,28,0,1000000.0,0.0,728.0,728.0,728.0,0.0,0.0,0,0,0,0,0,0,0,0,0.0,728.0,728.0,0.0,28,0,0,0,0,0,0,1,728,0,0,0,0,1,728.0,0.0,0.0,0.0,0.0,0.0,0.0,0.0,0.0
443,8740224.599838257,13,9,4003,1585,629.0,66.0,307.9230769230769,260.69270490470683,855.0,54.0,176.11111111111111,249.7280496168424,639.3428379521745,2.5170977872132854,416201.17142086936,1744289.3586215079,8214845.657348633,210.04676818847656,8713848.114013672,726154.0095011393,2258459.350638537,8214845.657348633,210.04676818847656,8665171.62322998,1083146.4529037476,2837724.697510177,8590975.999832153,211.47727966308594,8,2,0,0,684,452,1.4873759651714868,1.0297218220417985,54.0,855.0,254.0,264.33157552245217,69871.18181818184,2,2,2,10,19,0,0,0,0.6923076923076923,254.0,307.9230769230769,176.11111111111111,684,0,0,0,0,0,0,13,4003,9,1585,0,0,9,66.0,0.0,0.0,0.0,0.0,0.0,0.0,0.0,0.0
80,8753911.972045898,9,5,1737,484,293.0,66.0,193.0,111.82724772314364,212.0,66.0,96.8,57.683273138753144,253.71513982461542,1.5992849876382782,673377.8440035306,2180121.7547766054,8220687.8662109375,211.7156982421875,8749342.441558838,1093667.8051948547,2695328.3409809945,8220687.8662109375,298.50006103515625,8679336.309432983,2169834.077358246,3754917.1393767335,8673540.353775024,214.09988403320312,5,1,0,0,476,268,1.0281117777674644,0.5711732098708137,66.0,293.0,158.64285714285714,106.54684224244627,11352.229591836734,2,2,0,6,13,0,0,0,0.5555555555555556,158.64285714285714,193.0,96.8,476,0,0,0,0,0,0,9,1737,5,484,0,0,5,66.0,0.0,0.0,0.0,0.0,0.0,0.0,0.0,0.0
53,326356.6493988037,8,5,497,783,81.0,54.0,62.125,8.92240858737146,555.0,54.0,156.6,199.2542094912928,3922.089537191737,39.83372186210358,27196.38744990031,47451.07770410742,153366.5657043457,245.57113647460938,326356.6493988037,46622.37848554339,54658.147272832764,153366.5657043457,245.57113647460938,60387.13455200195,15096.783638000488,14321.205896518792,36896.467208862305,415.3251647949219,2,1,0,0,356,212,24.513059607448355,15.320662254655222,54.0,555.0,98.46153846153847,132.02891022838398,17431.633136094675,2,4,0,3,10,0,0,0,0.625,98.46153846153847,62.125,156.6,356,0,0,0,0,0,0,8,497,5,783,0,0,2,54.0,0.0,0.0,0.0,0.0,0.0,0.0,0.0,0.0
53,288830.041885376,8,4,497,692,81.0,54.0,62.125,8.92240858737146,518.0,54.0,173.0,199.24607900784397,4116.607788575754,41.546924695465975,26257.27653503418,49385.98062807098,153374.43351745605,203.3710479736328,288830.041885376,41261.43455505371,57021.42721298086,153374.43351745605,203.3710479736328,9567.975997924805,3189.3253326416016,2037.6070939629171,5260.467529296875,418.66302490234375,2,1,0,0,356,172,27.69794979697732,13.84897489848866,54.0,518.0,99.08333333333333,126.56188099985802,16017.909722222223,1,4,1,3,9,0,0,0,0.5,99.08333333333333,62.125,173.0,356,0,0,0,0,0,0,8,497,4,692,0,0,3,54.0,0.0,0.0,0.0,0.0,0.0,0.0,0.0,0.0
53,119443.41659545898,7,4,431,729,81.0,54.0,61.57142857142857,9.409070742900063,555.0,54.0,182.25,215.26306580553944,9711.71147865592,92.0938157458751,11944.341659545898,26691.190368020492,91000.79536437988,203.3710479736328,119443.41659545898,19907.236099243164,32640.737817207366,91000.79536437988,205.75523376464844,17797.470092773438,5932.4900309244795,6192.8415272758975,14533.758163452148,203.3710479736328,2,1,0,0,304,172,58.605155474647795,33.48866027122731,54.0,555.0,105.45454545454545,142.39596753506729,20276.611570247936,1,3,1,3,9,0,0,0,0.5714285714285714,105.45454545454545,61.57142857142857,182.25,304,0,0,0,0,0,0,7,431,4,729,0,0,3,54.0,0.0,0.0,0.0,0.0,0.0,0.0,0.0,0.0
53,155896.9020843506,7,5,431,746,81.0,54.0,61.57142857142857,9.409070742900063,518.0,54.0,149.2,184.45855903156135,7549.86137802254,76.97394777932921,14172.445644031872,26140.70341793014,90545.1774597168,200.9868621826172,155896.9020843506,25982.81701405843,31615.971962884967,90545.1774597168,262.0220184326172,59741.49703979492,14935.37425994873,18356.08223205143,46295.4044342041,200.9868621826172,2,1,0,0,304,212,44.901469537942035,32.07247824138717,54.0,518.0,98.08333333333333,126.86637217517055,16095.076388888889,2,3,0,3,10,0,0,0,0.7142857142857143,98.08333333333333,61.57142857142857,149.2,304,0,0,0,0,0,0,7,431,5,746,0,0,2,54.0,0.0,0.0,0.0,0.0,0.0,0.0,0.0,0.0
80,199144.84024047852,6,6,619,870,273.0,66.0,103.16666666666667,76.03599293901686,532.0,66.0,145.0,173.09631230425833,7476.970019418777,60.25764958564495,18104.076385498047,29948.14247258124,97677.94609069824,209.808349609375,192120.31364440918,38424.062728881836,36961.73102193237,97677.94609069824,209.808349609375,46008.82530212402,9201.765060424805,13229.027949789912,34547.09053039551,215.05355834960938,1,1,0,0,328,320,30.128824792822474,30.128824792822474,66.0,532.0,124.08333333333333,135.31226744912018,18309.40972222223,2,3,0,2,10,0,0,0,1.0,124.08333333333333,103.16666666666667,145.0,328,0,0,0,0,0,0,6,619,6,870,0,0,1,66.0,0.0,0.0,0.0,0.0,0.0,0.0,0.0,0.0
443,70858.00170898438,10,10,1553,5550,629.0,66.0,155.3,172.2544919588456,1466.0,54.0,555.0,620.8497402753745,100242.73658142665,282.25464333781963,3729.3685109991775,6850.702782285412,26360.034942626953,204.32472229003906,62235.59379577637,6915.065977308485,9065.837830763257,27037.14370727539,204.32472229003906,54150.10452270508,6016.678280300564,8620.3377856867,27703.285217285156,211.95411682128906,4,3,0,0,528,516,141.12732166890981,141.12732166890981,54.0,1466.0,355.15,497.49676129599067,247503.0274999999,2,2,1,7,18,0,0,0,1.0,355.15,155.3,555.0,528,0,0,0,0,0,0,10,1553,10,5550,0,0,6,66.0,0.0,0.0,0.0,0.0,0.0,0.0,0.0,0.0
80,43291.330337524414,5,5,565,484,293.0,66.0,113.0,90.0533175402217,212.0,66.0,96.8,57.683273138753144,24231.179587723116,230.99313239011548,4810.14781528049,8007.937028326226,26108.741760253906,206.94732666015625,38588.762283325195,9647.190570831299,10764.821754112809,27026.891708374023,469.9230194091797,34433.36486816406,8608.341217041016,11576.879604380081,28342.723846435547,286.8175506591797,1,1,0,0,268,268,115.49656619505774,115.49656619505774,66.0,293.0,104.9,76.05320506066789,5784.09,2,2,0,2,9,0,0,0,1.0,104.9,113.0,96.8,268,0,0,0,0,0,0,5,565,5,484,0,0,1,66.0,0.0,0.0,0.0,0.0,0.0,0.0,0.0,0.0
53,1037523.9849090576,7,4,437,987,87.0,54.0,62.42857142857143,11.23587548699182,813.0,54.0,246.75,326.961293580754,1372.4983910852127,10.602164537877345,103752.39849090576,303072.7017218755,1012939.2147064209,208.85467529296875,1037523.9849090576,172920.6641515096,375706.71237642615,1012939.2147064209,208.85467529296875,13475.418090820312,4491.8060302734375,2995.9905000602967,7509.946823120117,407.4573516845703,2,1,0,0,304,172,6.74683197864922,3.8553325592281253,54.0,813.0,129.45454545454547,216.37062631948058,46816.247933884304,1,3,1,3,9,0,0,0,0.5714285714285714,129.45454545454547,62.42857142857143,246.75,304,0,0,0,0,0,0,7,437,4,987,0,0,3,54.0,0.0,0.0,0.0,0.0,0.0,0.0,0.0,0.0
53,1054184.6752166748,7,5,437,1026,87.0,54.0,62.42857142857143,11.23587548699182,798.0,54.0,205.2,296.4364350075746,1387.802378837748,11.383204747814748,95834.97047424316,289636.86698639457,1011534.9292755127,249.1474151611328,1054184.6752166748,175697.4458694458,373877.7236802383,1011534.9292755127,249.1474151611328,37460.0887298584,9365.0221824646,8224.2158540188,22740.36407470703,408.41102600097656,2,1,0,0,304,212,6.640202769558603,4.743001978256145,54.0,798.0,121.91666666666667,204.0647194451364,41642.40972222223,2,3,0,3,10,0,0,0,0.7142857142857143,121.91666666666667,62.42857142857143,205.2,304,0,0,0,0,0,0,7,437,5,1026,0,0,2,54.0,0.0,0.0,0.0,0.0,0.0,0.0,0.0,0.0
53,40947.43728637695,6,5,371,1041,87.0,54.0,61.833333333333336,12.033518004123133,813.0,54.0,208.2,302.4357121769848,34483.232494497686,268.63708033957124,4094.743728637695,5586.689727732978,16579.627990722656,199.31793212890625,40947.43728637695,8189.48745727539,7315.162694186647,17399.54948425293,464.43939208984375,36278.486251831055,9069.621562957764,6474.1738287579465,16847.37205505371,199.31793212890625,2,1,0,0,252,212,146.52931654885703,122.10776379071419,54.0,813.0,128.36363636363637,216.71777740029154,46966.59504132231,2,2,0,3,10,0,0,0,0.8333333333333334,128.36363636363637,61.833333333333336,208.2,252,0,0,0,0,0,0,6,371,5,1041,0,0,2,54.0,0.0,0.0,0.0,0.0,0.0,0.0,0.0,0.0
53,40228.60527038574,6,5,371,1026,87.0,54.0,61.833333333333336,12.033518004123133,798.0,54.0,205.2,296.4364350075746,34726.5332867108,273.4372699741008,4022.8605270385738,6408.910402967312,22204.160690307617,202.41737365722656,40228.60527038574,8045.7210540771475,8351.64819531246,23824.691772460938,247.00164794921875,36190.50979614258,9047.627449035645,12025.7876729834,29530.28678894043,205.75523376464844,2,1,0,0,252,212,149.14760180405497,124.28966817004581,54.0,798.0,127.0,212.40998093310023,45118.0,2,2,1,3,10,0,0,0,0.8333333333333334,127.0,61.833333333333336,205.2,252,0,0,0,0,0,0,6,371,5,1026,0,0,2,54.0,0.0,0.0,0.0,0.0,0.0,0.0,0.0,0.0
443,1.0,1,0,54,0,54.0,54.0,54.0,0.0,0.0,0.0,0.0,0.0,54000000.0,1000000.0,0.0,0.0,0.0,0.0,0.0,0.0,0.0,0.0,0.0,0.0,0.0,0.0,0.0,0.0,0,0,0,0,40,0,1000000.0,0.0,54.0,54.0,54.0,0.0,0.0,0,0,1,0,1,0,0,0,0.0,54.0,54.0,0.0,40,0,0,0,0,0,0,1,54,0,0,0,0,1,54.0,0.0,0.0,0.0,0.0,0.0,0.0,0.0,0.0
37810,130083016.872406,2,0,1456,0,728.0,728.0,728.0,0.0,0.0,0.0,0.0,0.0,11.19285234157923,0.015374797172498941,130083016.872406,0.0,130083016.872406,130083016.872406,130083016.872406,130083016.872406,0.0,130083016.872406,130083016.872406,0.0,0.0,0.0,0.0,0.0,0,0,0,0,56,0,0.015374797172498941,0.0,728.0,728.0,728.0,0.0,0.0,0,0,0,0,0,0,0,0,0.0,728.0,728.0,0.0,56,0,0,0,0,0,0,2,1456,0,0,0,0,2,728.0,0.0,0.0,0.0,0.0,0.0,0.0,0.0,0.0
37810,125664397.9549408,2,0,1464,0,732.0,732.0,732.0,0.0,0.0,0.0,0.0,0.0,11.650077697622386,0.015915406690740964,125664397.9549408,0.0,125664397.9549408,125664397.9549408,125664397.9549408,125664397.9549408,0.0,125664397.9549408,125664397.9549408,0.0,0.0,0.0,0.0,0.0,0,0,0,0,56,0,0.015915406690740964,0.0,732.0,732.0,732.0,0.0,0.0,0,0,0,0,0,0,0,0,0.0,732.0,732.0,0.0,56,0,0,0,0,0,0,2,1464,0,0,0,0,2,732.0,0.0,0.0,0.0,0.0,0.0,0.0,0.0,0.0
37810,126005389.92881775,2,0,1456,0,728.0,728.0,728.0,0.0,0.0,0.0,0.0,0.0,11.555061262240569,0.015872336898682102,126005389.92881775,0.0,126005389.92881775,126005389.92881775,126005389.92881775,126005389.92881775,0.0,126005389.92881775,126005389.92881775,0.0,0.0,0.0,0.0,0.0,0,0,0,0,56,0,0.015872336898682102,0.0,728.0,728.0,728.0,0.0,0.0,0,0,0,0,0,0,0,0,0.0,728.0,728.0,0.0,56,0,0,0,0,0,0,2,1456,0,0,0,0,2,728.0,0.0,0.0,0.0,0.0,0.0,0.0,0.0,0.0
57621,120719073.53401184,5,0,410,0,82.0,82.0,82.0,0.0,0.0,0.0,0.0,0.0,3.396314998097505,0.04141847558655494,30179768.38350296,34123364.84502264,86546628.95202637,2974588.632583618,120719073.53401184,30179768.38350296,34123364.84502264,86546628.95202637,2974588.632583618,0.0,0.0,0.0,0.0,0.0,0,0,0,0,140,0,0.04141847558655494,0.0,82.0,82.0,82.0,0.0,0.0,0,0,0,0,0,0,0,0,0.0,82.0,82.0,0.0,140,0,0,0,0,0,0,5,410,0,0,0,0,5,82.0,0.0,0.0,0.0,0.0,0.0,0.0,0.0,0.0
5353,113798316.24031067,51,0,4989,0,332.0,75.0,97.82352941176471,55.65464442763768,0.0,0.0,0.0,0.0,43.84071895637373,0.4481612881890279,2275966.3248062134,11082041.188200489,79138851.64260864,327.5871276855469,113798316.24031067,2275966.3248062134,11082041.188200489,79138851.64260864,327.5871276855469,0.0,0.0,0.0,0.0,0.0,0,0,0,0,1428,0,0.4481612881890279,0.0,75.0,332.0,97.82352941176471,55.65464442763768,3097.439446366782,0,0,0,0,0,0,0,0,0.0,97.82352941176471,97.82352941176471,0.0,1428,0,0,0,0,0,0,51,4989,0,0,0,0,51,75.0,0.0,0.0,0.0,0.0,0.0,0.0,0.0,0.0
5353,98239997.86376953,8,0,3155,0,553.0,130.0,394.375,204.78399443071717,0.0,0.0,0.0,0.0,32.11522871137551,0.08143322652646721,14034285.409109931,17116215.28562439,47843326.568603516,1006444.9310302734,98239997.86376953,14034285.409109931,17116215.28562439,47843326.568603516,1006444.9310302734,0.0,0.0,0.0,0.0,0.0,0,0,0,0,224,0,0.08143322652646721,0.0,130.0,553.0,394.375,204.78399443071717,41936.484375,0,0,0,0,0,0,0,0,0.0,394.375,394.375,0.0,224,0,0,0,0,0,0,8,3155,0,0,0,0,8,130.0,0.0,0.0,0.0,0.0,0.0,0.0,0.0,0.0
0,89794588.56582642,5,0,270,0,54.0,54.0,54.0,0.0,0.0,0.0,0.0,0.0,3.00686271090901,0.05568264279461129,22448647.141456604,37513865.22068494,87412810.56404114,44279.33692932129,89794588.56582642,22448647.141456604,37513865.22068494,87412810.56404114,44279.33692932129,0.0,0.0,0.0,0.0,0.0,0,0,0,0,120,0,0.05568264279461129,0.0,54.0,54.0,54.0,0.0,0.0,0,0,0,0,0,0,0,0,0.0,54.0,54.0,0.0,120,0,0,0,0,0,0,5,270,0,0,0,0,5,54.0,0.0,0.0,0.0,0.0,0.0,0.0,0.0,0.0
5353,87933873.1765747,7,0,2305,0,987.0,99.0,329.2857142857143,286.7242150747022,0.0,0.0,0.0,0.0,26.212879254976844,0.07960527322552621,14655645.529429117,9225776.678929538,29329089.641571045,2969356.2984466553,87933873.1765747,14655645.529429117,9225776.678929538,29329089.641571045,2969356.2984466553,0.0,0.0,0.0,0.0,0.0,0,0,0,0,196,0,0.07960527322552621,0.0,99.0,987.0,329.2857142857143,286.7242150747022,82210.7755102041,0,0,0,0,0,0,0,0,0.0,329.2857142857143,329.2857142857143,0.0,196,0,0,0,0,0,0,7,2305,0,0,0,0,7,99.0,0.0,0.0,0.0,0.0,0.0,0.0,0.0,0.0
443,81753216.74346924,93,102,16561,26773,1292.0,71.0,178.0752688172043,188.12465762818928,1292.0,63.0,262.48039215686276,301.6048164433171,530.0586536671254,2.3852272456982844,421408.3337292229,2296640.0099962493,21351545.333862305,235.55755615234375,81690302.37197876,887938.0692606387,3274399.840813272,21357510.328292847,235.55755615234375,81700418.71070862,808915.0367396893,3364187.5321659492,21420670.747756958,236.51123046875,0,0,0,0,2604,2856,1.1375699171791818,1.2476573285191026,63.0,1292.0,222.22564102564104,257.36730284421725,66237.92857330704,0,0,0,0,0,0,0,0,1.096774193548387,222.22564102564104,178.0752688172043,262.48039215686276,2604,0,0,0,0,0,0,93,16561,102,26773,0,0,93,71.0,0.0,0.0,0.0,0.0,0.0,0.0,0.0,0.0
5353,38573863.9831543,8,0,1617,0,251.0,123.0,202.125,49.01641944287648,0.0,0.0,0.0,0.0,41.91957540748743,0.20739431246747028,5510551.997593472,7218666.918487276,21826541.662216187,523309.70764160156,38573863.9831543,5510551.997593472,7218666.918487276,21826541.662216187,523309.70764160156,0.0,0.0,0.0,0.0,0.0,0,0,0,0,224,0,0.20739431246747028,0.0,123.0,251.0,202.125,49.01641944287648,2402.6093749999995,0,0,0,0,0,0,0,0,0.0,202.125,202.125,0.0,224,0,0,0,0,0,0,8,1617,0,0,0,0,8,123.0,0.0,0.0,0.0,0.0,0.0,0.0,0.0,0.0
443,19949073.553085327,604,144,755565,14995,1292.0,72.0,1250.9354304635763,214.44505031734678,1292.0,65.0,104.13194444444444,182.2383301601298,38626.355151255884,37.49547556730093,26705.587085790263,471609.9839774627,9816475.39138794,228.8818359375,19923811.435699463,33041.14665953477,525639.5226093004,9843593.835830688,240.325927734375,19903867.483139038,139187.88449747578,1076660.2490329244,9892909.76524353,228.8818359375,0,0,0,0,16912,4032,30.27709524418417,7.218380323116756,65.0,1292.0,1030.1604278074867,497.96696133757126,247971.0945837742,0,0,0,0,0,0,0,0,0.23841059602649006,1030.1604278074867,1250.9354304635763,104.13194444444444,16912,0,0,0,0,0,0,604,755565,144,14995,0,0,604,72.0,0.0,0.0,0.0,0.0,0.0,0.0,0.0,0.0
1900,6036060.333251953,3,0,537,0,179.0,179.0,179.0,0.0,0.0,0.0,0.0,0.0,88.96531352440756,0.4970129247173607,3018030.1666259766,42740.583419799805,3060770.7500457764,2975289.5832061768,6036060.333251953,3018030.1666259766,42740.583419799805,3060770.7500457764,2975289.5832061768,0.0,0.0,0.0,0.0,0.0,0,0,0,0,84,0,0.4970129247173607,0.0,179.0,179.0,179.0,0.0,0.0,0,0,0,0,0,0,0,0,0.0,179.0,179.0,0.0,84,0,0,0,0,0,0,3,537,0,0,0,0,3,179.0,0.0,0.0,0.0,0.0,0.0,0.0,0.0,0.0
37810,1.0,1,0,828,0,828.0,828.0,828.0,0.0,0.0,0.0,0.0,0.0,828000000.0,1000000.0,0.0,0.0,0.0,0.0,0.0,0.0,0.0,0.0,0.0,0.0,0.0,0.0,0.0,0.0,0,0,0,0,28,0,1000000.0,0.0,828.0,828.0,828.0,0.0,0.0,0,0,0,0,0,0,0,0,0.0,828.0,828.0,0.0,28,0,0,0,0,0,0,1,828,0,0,0,0,1,828.0,0.0,0.0,0.0,0.0,0.0,0.0,0.0,0.0
1900,1.0,1,0,167,0,167.0,167.0,167.0,0.0,0.0,0.0,0.0,0.0,167000000.0,1000000.0,0.0,0.0,0.0,0.0,0.0,0.0,0.0,0.0,0.0,0.0,0.0,0.0,0.0,0.0,0,0,0,0,28,0,1000000.0,0.0,167.0,167.0,167.0,0.0,0.0,0,0,0,0,0,0,0,0,0.0,167.0,167.0,0.0,28,0,0,0,0,0,0,1,167,0,0,0,0,1,167.0,0.0,0.0,0.0,0.0,0.0,0.0,0.0,0.0
1900,1.0,1,0,167,0,167.0,167.0,167.0,0.0,0.0,0.0,0.0,0.0,167000000.0,1000000.0,0.0,0.0,0.0,0.0,0.0,0.0,0.0,0.0,0.0,0.0,0.0,0.0,0.0,0.0,0,0,0,0,28,0,1000000.0,0.0,167.0,167.0,167.0,0.0,0.0,0,0,0,0,0,0,0,0,0.0,167.0,167.0,0.0,28,0,0,0,0,0,0,1,167,0,0,0,0,1,167.0,0.0,0.0,0.0,0.0,0.0,0.0,0.0,0.0
1900,1.0,1,0,167,0,167.0,167.0,167.0,0.0,0.0,0.0,0.0,0.0,167000000.0,1000000.0,0.0,0.0,0.0,0.0,0.0,0.0,0.0,0.0,0.0,0.0,0.0,0.0,0.0,0.0,0,0,0,0,28,0,1000000.0,0.0,167.0,167.0,167.0,0.0,0.0,0,0,0,0,0,0,0,0,0.0,167.0,167.0,0.0,28,0,0,0,0,0,0,1,167,0,0,0,0,1,167.0,0.0,0.0,0.0,0.0,0.0,0.0,0.0,0.0
1900,1.0,1,0,167,0,167.0,167.0,167.0,0.0,0.0,0.0,0.0,0.0,167000000.0,1000000.0,0.0,0.0,0.0,0.0,0.0,0.0,0.0,0.0,0.0,0.0,0.0,0.0,0.0,0.0,0,0,0,0,28,0,1000000.0,0.0,167.0,167.0,167.0,0.0,0.0,0,0,0,0,0,0,0,0,0.0,167.0,167.0,0.0,28,0,0,0,0,0,0,1,167,0,0,0,0,1,167.0,0.0,0.0,0.0,0.0,0.0,0.0,0.0,0.0
5353,2051409.2445373535,2,0,154,0,77.0,77.0,77.0,0.0,0.0,0.0,0.0,0.0,75.0703451347325,0.9749395472043182,2051409.2445373535,0.0,2051409.2445373535,2051409.2445373535,2051409.2445373535,2051409.2445373535,0.0,2051409.2445373535,2051409.2445373535,0.0,0.0,0.0,0.0,0.0,0,0,0,0,56,0,0.9749395472043182,0.0,77.0,77.0,77.0,0.0,0.0,0,0,0,0,0,0,0,0,0.0,77.0,77.0,0.0,56,0,0,0,0,0,0,2,154,0,0,0,0,2,77.0,0.0,0.0,0.0,0.0,0.0,0.0,0.0,0.0
37810,1.0,1,0,806,0,806.0,806.0,806.0,0.0,0.0,0.0,0.0,0.0,806000000.0,1000000.0,0.0,0.0,0.0,0.0,0.0,0.0,0.0,0.0,0.0,0.0,0.0,0.0,0.0,0.0,0,0,0,0,28,0,1000000.0,0.0,806.0,806.0,806.0,0.0,0.0,0,0,0,0,0,0,0,0,0.0,806.0,806.0,0.0,28,0,0,0,0,0,0,1,806,0,0,0,0,1,806.0,0.0,0.0,0.0,0.0,0.0,0.0,0.0,0.0
1900,1.0,1,0,167,0,167.0,167.0,167.0,0.0,0.0,0.0,0.0,0.0,167000000.0,1000000.0,0.0,0.0,0.0,0.0,0.0,0.0,0.0,0.0,0.0,0.0,0.0,0.0,0.0,0.0,0,0,0,0,28,0,1000000.0,0.0,167.0,167.0,167.0,0.0,0.0,0,0,0,0,0,0,0,0,0.0,167.0,167.0,0.0,28,0,0,0,0,0,0,1,167,0,0,0,0,1,167.0,0.0,0.0,0.0,0.0,0.0,0.0,0.0,0.0
3702,4640112.638473511,5,0,3490,0,698.0,698.0,698.0,0.0,0.0,0.0,0.0,0.0,752.1369138892561,1.077560048551943,1160028.1596183777,611139.637208888,1976975.679397583,442807.1975708008,4640112.638473511,1160028.1596183777,611139.637208888,1976975.679397583,442807.1975708008,0.0,0.0,0.0,0.0,0.0,0,0,0,0,140,0,1.077560048551943,0.0,698.0,698.0,698.0,0.0,0.0,0,0,0,0,0,0,0,0,0.0,698.0,698.0,0.0,140,0,0,0,0,0,0,5,3490,0,0,0,0,5,698.0,0.0,0.0,0.0,0.0,0.0,0.0,0.0,0.0
62976,1.0,1,0,264,0,264.0,264.0,264.0,0.0,0.0,0.0,0.0,0.0,264000000.0,1000000.0,0.0,0.0,0.0,0.0,0.0,0.0,0.0,0.0,0.0,0.0,0.0,0.0,0.0,0.0,0,0,0,0,28,0,1000000.0,0.0,264.0,264.0,264.0,0.0,0.0,0,0,0,0,0,0,0,0,0.0,264.0,264.0,0.0,28,0,0,0,0,0,0,1,264,0,0,0,0,1,264.0,0.0,0.0,0.0,0.0,0.0,0.0,0.0,0.0
443,741904.4971466064,12,12,4369,4092,1292.0,73.0,364.0833333333333,437.6936634857256,1292.0,64.0,341.0,451.3961674626846,11404.432824630845,32.34917714113465,32256.71726724376,60746.47933632513,237557.64961242676,265.8367156982422,658577.2037506104,59870.65488641912,84492.96156689327,251879.69207763672,292.06275939941406,724532.3657989502,65866.57870899547,85042.25853865837,264313.2209777832,265.8367156982422,0,0,0,0,336,336,16.174588570567327,16.174588570567327,64.0,1292.0,352.5416666666667,444.74749195158165,197800.3315972222,0,0,0,0,0,0,0,0,1.0,352.5416666666667,364.0833333333333,341.0,336,0,0,0,0,0,0,12,4369,12,4092,0,0,12,73.0,0.0,0.0,0.0,0.0,0.0,0.0,0.0,0.0
10001,1.0,1,0,201,0,201.0,201.0,201.0,0.0,0.0,0.0,0.0,0.0,201000000.0,1000000.0,0.0,0.0,0.0,0.0,0.0,0.0,0.0,0.0,0.0,0.0,0.0,0.0,0.0,0.0,0,0,0,0,28,0,1000000.0,0.0,201.0,201.0,201.0,0.0,0.0,0,0,0,0,0,0,0,0,0.0,201.0,201.0,0.0,28,0,0,0,0,0,0,1,201,0,0,0,0,1,201.0,0.0,0.0,0.0,0.0,0.0,0.0,0.0,0.0
0,500834.22660827637,2,0,124,0,62.0,62.0,62.0,0.0,0.0,0.0,0.0,0.0,247.5869128189309,3.9933373035311432,500834.22660827637,0.0,500834.22660827637,500834.22660827637,500834.22660827637,500834.22660827637,0.0,500834.22660827637,500834.22660827637,0.0,0.0,0.0,0.0,0.0,0,0,0,0,48,0,3.9933373035311432,0.0,62.0,62.0,62.0,0.0,0.0,0,0,0,0,0,0,0,0,0.0,62.0,62.0,0.0,48,0,0,0,0,0,0,2,124,0,0,0,0,2,62.0,0.0,0.0,0.0,0.0,0.0,0.0,0.0,0.0
1900,2985342.025756836,4,0,848,0,212.0,212.0,212.0,0.0,0.0,0.0,0.0,0.0,284.05455478255203,1.3398799753893964,995114.0085856119,47547.59851471047,1039634.9430084229,929212.0933532715,2985342.025756836,995114.0085856119,47547.59851471047,1039634.9430084229,929212.0933532715,0.0,0.0,0.0,0.0,0.0,0,0,0,0,112,0,1.3398799753893964,0.0,212.0,212.0,212.0,0.0,0.0,0,0,0,0,0,0,0,0,0.0,212.0,212.0,0.0,112,0,0,0,0,0,0,4,848,0,0,0,0,4,212.0,0.0,0.0,0.0,0.0,0.0,0.0,0.0,0.0
1900,1.0,1,0,175,0,175.0,175.0,175.0,0.0,0.0,0.0,0.0,0.0,175000000.0,1000000.0,0.0,0.0,0.0,0.0,0.0,0.0,0.0,0.0,0.0,0.0,0.0,0.0,0.0,0.0,0,0,0,0,28,0,1000000.0,0.0,175.0,175.0,175.0,0.0,0.0,0,0,0,0,0,0,0,0,0.0,175.0,175.0,0.0,28,0,0,0,0,0,0,1,175,0,0,0,0,1,175.0,0.0,0.0,0.0,0.0,0.0,0.0,0.0,0.0
1900,1.0,1,0,175,0,175.0,175.0,175.0,0.0,0.0,0.0,0.0,0.0,175000000.0,1000000.0,0.0,0.0,0.0,0.0,0.0,0.0,0.0,0.0,0.0,0.0,0.0,0.0,0.0,0.0,0,0,0,0,28,0,1000000.0,0.0,175.0,175.0,175.0,0.0,0.0,0,0,0,0,0,0,0,0,0.0,175.0,175.0,0.0,28,0,0,0,0,0,0,1,175,0,0,0,0,1,175.0,0.0,0.0,0.0,0.0,0.0,0.0,0.0,0.0
0,268923.5210418701,4,0,224,0,62.0,54.0,56.0,3.4641016151377544,0.0,0.0,0.0,0.0,832.9505694859777,14.8741173122496,89641.17368062337,126451.9542267176,268471.24099731445,207.1857452392578,268923.5210418701,89641.17368062337,126451.9542267176,268471.24099731445,207.1857452392578,0.0,0.0,0.0,0.0,0.0,0,0,0,0,96,0,14.8741173122496,0.0,54.0,62.0,56.0,3.4641016151377544,11.999999999999998,0,0,0,0,0,0,0,0,0.0,56.0,56.0,0.0,96,0,0,0,0,0,0,4,224,0,0,0,0,4,54.0,0.0,0.0,0.0,0.0,0.0,0.0,0.0,0.0
5353,1635.5514526367188,2,0,200,0,119.0,81.0,100.0,19.0,0.0,0.0,0.0,0.0,122282.91545189504,1222.8291545189504,1635.5514526367188,0.0,1635.5514526367188,1635.5514526367188,1635.5514526367188,1635.5514526367188,0.0,1635.5514526367188,1635.5514526367188,0.0,0.0,0.0,0.0,0.0,0,0,0,0,56,0,1222.8291545189504,0.0,81.0,119.0,100.0,19.0,361.0,0,0,0,0,0,0,0,0,0.0,100.0,100.0,0.0,56,0,0,0,0,0,0,2,200,0,0,0,0,2,81.0,0.0,0.0,0.0,0.0,0.0,0.0,0.0,0.0
137,477.07557678222656,2,0,220,0,110.0,110.0,110.0,0.0,0.0,0.0,0.0,0.0,461142.86856571713,4192.207896051974,477.07557678222656,0.0,477.07557678222656,477.07557678222656,477.07557678222656,477.07557678222656,0.0,477.07557678222656,477.07557678222656,0.0,0.0,0.0,0.0,0.0,0,0,0,0,56,0,4192.207896051974,0.0,110.0,110.0,110.0,0.0,0.0,0,0,0,0,0,0,0,0,0.0,110.0,110.0,0.0,56,0,0,0,0,0,0,2,220,0,0,0,0,2,110.0,0.0,0.0,0.0,0.0,0.0,0.0,0.0,0.0
5353,1004379.9877166748,5,0,481,0,119.0,81.0,96.2,18.616122045152153,0.0,0.0,0.0,0.0,478.9024133122066,4.978195564575953,251094.9969291687,428736.04955168307,993687.1528625488,3086.566925048828,1004379.9877166748,251094.9969291687,428736.04955168307,993687.1528625488,3086.566925048828,0.0,0.0,0.0,0.0,0.0,0,0,0,0,140,0,4.978195564575953,0.0,81.0,119.0,96.2,18.616122045152153,346.56,0,0,0,0,0,0,0,0,0.0,96.2,96.2,0.0,140,0,0,0,0,0,0,5,481,0,0,0,0,5,81.0,0.0,0.0,0.0,0.0,0.0,0.0,0.0,0.0
5355,1.0,1,0,75,0,75.0,75.0,75.0,0.0,0.0,0.0,0.0,0.0,75000000.0,1000000.0,0.0,0.0,0.0,0.0,0.0,0.0,0.0,0.0,0.0,0.0,0.0,0.0,0.0,0.0,0,0,0,0,28,0,1000000.0,0.0,75.0,75.0,75.0,0.0,0.0,0,0,0,0,0,0,0,0,0.0,75.0,75.0,0.0,28,0,0,0,0,0,0,1,75,0,0,0,0,1,75.0,0.0,0.0,0.0,0.0,0.0,0.0,0.0,0.0
5355,1.0,1,0,75,0,75.0,75.0,75.0,0.0,0.0,0.0,0.0,0.0,75000000.0,1000000.0,0.0,0.0,0.0,0.0,0.0,0.0,0.0,0.0,0.0,0.0,0.0,0.0,0.0,0.0,0,0,0,0,28,0,1000000.0,0.0,75.0,75.0,75.0,0.0,0.0,0,0,0,0,0,0,0,0,0.0,75.0,75.0,0.0,28,0,0,0,0,0,0,1,75,0,0,0,0,1,75.0,0.0,0.0,0.0,0.0,0.0,0.0,0.0,0.0
1900,1.0,1,0,167,0,167.0,167.0,167.0,0.0,0.0,0.0,0.0,0.0,167000000.0,1000000.0,0.0,0.0,0.0,0.0,0.0,0.0,0.0,0.0,0.0,0.0,0.0,0.0,0.0,0.0,0,0,0,0,28,0,1000000.0,0.0,167.0,167.0,167.0,0.0,0.0,0,0,0,0,0,0,0,0,0.0,167.0,167.0,0.0,28,0,0,0,0,0,0,1,167,0,0,0,0,1,167.0,0.0,0.0,0.0,0.0,0.0,0.0,0.0,0.0
443,2832302.3319244385,14,15,1708,6912,571.0,54.0,122.0,164.37370314534587,1514.0,54.0,460.8,579.6005751089855,3043.4604042228243,10.239019921399294,101153.65471158709,262057.77557966037,1011047.36328125,203.3710479736328,2832302.3319244385,217869.41014803373,368012.43429816846,1024786.4723205566,268.4593200683594,2831087.350845337,202220.52506038122,363796.46931103984,1095159.0538024902,250.10108947753906,2,7,0,0,572,660,4.942975134468624,5.296044786930669,54.0,1514.0,297.2413793103448,464.1833507519834,215466.18311533888,2,2,1,9,28,0,0,0,1.0714285714285714,297.2413793103448,122.0,460.8,572,0,0,0,0,0,0,14,1708,15,6912,0,0,10,54.0,0.0,0.0,0.0,0.0,0.0,0.0,0.0,0.0
37810,127224764.34707642,2,0,1454,0,727.0,727.0,727.0,0.0,0.0,0.0,0.0,0.0,11.428592597219556,0.01572020989988935,127224764.34707642,0.0,127224764.34707642,127224764.34707642,127224764.34707642,127224764.34707642,0.0,127224764.34707642,127224764.34707642,0.0,0.0,0.0,0.0,0.0,0,0,0,0,56,0,0.01572020989988935,0.0,727.0,727.0,727.0,0.0,0.0,0,0,0,0,0,0,0,0,0.0,727.0,727.0,0.0,56,0,0,0,0,0,0,2,1454,0,0,0,0,2,727.0,0.0,0.0,0.0,0.0,0.0,0.0,0.0,0.0
5353,101708616.49513245,17,0,1479,0,87.0,87.0,87.0,0.0,0.0,0.0,0.0,0.0,14.541540834652704,0.1671441475247437,6356788.530945778,16779217.602528144,70967744.82727051,96936.94114685059,101708616.49513245,6356788.530945778,16779217.602528144,70967744.82727051,96936.94114685059,0.0,0.0,0.0,0.0,0.0,0,0,0,0,476,0,0.1671441475247437,0.0,87.0,87.0,87.0,0.0,0.0,0,0,0,0,0,0,0,0,0.0,87.0,87.0,0.0,476,0,0,0,0,0,0,17,1479,0,0,0,0,17,87.0,0.0,0.0,0.0,0.0,0.0,0.0,0.0,0.0
5353,102356336.11679077,67,0,8271,0,291.0,89.0,123.44776119402985,34.21803817840516,0.0,0.0,0.0,0.0,80.80594044087913,0.6545759895464758,1550853.5775271328,2622686.4213217753,16379803.657531738,1541.8529510498047,102356336.11679077,1550853.5775271328,2622686.4213217753,16379803.657531738,1541.8529510498047,0.0,0.0,0.0,0.0,0.0,0,0,0,0,1876,0,0.6545759895464758,0.0,89.0,291.0,123.44776119402985,34.21803817840516,1170.874136778793,0,0,0,0,0,0,0,0,0.0,123.44776119402985,123.44776119402985,0.0,1876,0,0,0,0,0,0,67,8271,0,0,0,0,67,89.0,0.0,0.0,0.0,0.0,0.0,0.0,0.0,0.0
0,100001860.61859131,8,0,432,0,54.0,54.0,54.0,0.0,0.0,0.0,0.0,0.0,4.319919622772369,0.07999851153282166,14285980.088370185,30776074.009276997,89336827.03971863,15986.204147338867,100001860.61859131,14285980.088370185,30776074.009276997,89336827.03971863,15986.204147338867,0.0,0.0,0.0,0.0,0.0,0,0,0,0,192,0,0.07999851153282166,0.0,54.0,54.0,54.0,0.0,0.0,0,0,0,0,0,0,0,0,0.0,54.0,54.0,0.0,192,0,0,0,0,0,0,8,432,0,0,0,0,8,54.0,0.0,0.0,0.0,0.0,0.0,0.0,0.0,0.0
443,55388168.33496094,26,29,13679,9643,1292.0,73.0,526.1153846153846,538.1313341929057,1292.0,64.0,332.51724137931035,404.0583451117659,421.06465516172676,0.9929918546391806,1025706.8210177951,4132840.8352799667,21538252.115249634,244.140625,55376639.12773132,2215065.565109253,5859388.767045462,21538500.0705719,244.140625,55315445.42312622,1975551.622254508,5590273.78723143,21597850.799560547,248.19374084472656,0,0,0,0,728,812,0.4694143312839763,0.5235775233552044,64.0,1292.0,424.03636363636366,481.9971694989076,232321.27140495868,0,0,0,0,0,0,0,0,1.1153846153846154,424.03636363636366,526.1153846153846,332.51724137931035,728,0,0,0,0,0,0,26,13679,29,9643,0,0,26,73.0,0.0,0.0,0.0,0.0,0.0,0.0,0.0,0.0
1900,12484062.194824219,7,0,1169,0,167.0,167.0,167.0,0.0,0.0,0.0,0.0,0.0,93.63939251157024,0.5607149252189835,2080677.0324707031,1940193.9315432352,6056352.615356445,219286.91864013672,12484062.194824219,2080677.0324707031,1940193.9315432352,6056352.615356445,219286.91864013672,0.0,0.0,0.0,0.0,0.0,0,0,0,0,196,0,0.5607149252189835,0.0,167.0,167.0,167.0,0.0,0.0,0,0,0,0,0,0,0,0,0.0,167.0,167.0,0.0,196,0,0,0,0,0,0,7,1169,0,0,0,0,7,167.0,0.0,0.0,0.0,0.0,0.0,0.0,0.0,0.0
0,17185297.48916626,11,0,602,0,62.0,54.0,54.72727272727273,2.2998382983042758,0.0,0.0,0.0,0.0,35.0299434955668,0.6400820240053733,1718529.748916626,4705096.222772452,15819368.600845337,337.6007080078125,17185297.48916626,1718529.748916626,4705096.222772452,15819368.600845337,337.6007080078125,0.0,0.0,0.0,0.0,0.0,0,0,0,0,264,0,0.6400820240053733,0.0,54.0,62.0,54.72727272727273,2.2998382983042758,5.289256198347107,0,0,0,0,0,0,0,0,0.0,54.72727272727273,54.72727272727273,0.0,264,0,0,0,0,0,0,11,602,0,0,0,0,11,54.0,0.0,0.0,0.0,0.0,0.0,0.0,0.0,0.0
137,8505596.160888672,19,0,2090,0,110.0,110.0,110.0,0.0,0.0,0.0,0.0,0.0,245.72057742530242,2.233823431139113,472533.1200493706,1010618.7710681651,4508490.085601807,291.8243408203125,8505596.160888672,472533.1200493706,1010618.7710681651,4508490.085601807,291.8243408203125,0.0,0.0,0.0,0.0,0.0,0,0,0,0,532,0,2.233823431139113,0.0,110.0,110.0,110.0,0.0,0.0,0,0,0,0,0,0,0,0,0.0,110.0,110.0,0.0,532,0,0,0,0,0,0,19,2090,0,0,0,0,19,110.0,0.0,0.0,0.0,0.0,0.0,0.0,0.0,0.0
1900,6309970.855712891,4,0,848,0,212.0,212.0,212.0,0.0,0.0,0.0,0.0,0.0,134.39047808473504,0.6339173494562973,2103323.6185709634,2239318.461591938,5233591.556549072,122391.93916320801,6309970.855712891,2103323.6185709634,2239318.461591938,5233591.556549072,122391.93916320801,0.0,0.0,0.0,0.0,0.0,0,0,0,0,112,0,0.6339173494562973,0.0,212.0,212.0,212.0,0.0,0.0,0,0,0,0,0,0,0,0,0.0,212.0,212.0,0.0,112,0,0,0,0,0,0,4,848,0,0,0,0,4,212.0,0.0,0.0,0.0,0.0,0.0,0.0,0.0,0.0
5353,341169.3572998047,11,0,902,0,82.0,82.0,82.0,0.0,0.0,0.0,0.0,0.0,2643.8482258163704,32.24205153434598,34116.93572998047,65601.27607696348,210806.60820007324,485.1818084716797,341169.3572998047,34116.93572998047,65601.27607696348,210806.60820007324,485.1818084716797,0.0,0.0,0.0,0.0,0.0,0,0,0,0,308,0,32.24205153434598,0.0,82.0,82.0,82.0,0.0,0.0,0,0,0,0,0,0,0,0,0.0,82.0,82.0,0.0,308,0,0,0,0,0,0,11,902,0,0,0,0,11,82.0,0.0,0.0,0.0,0.0,0.0,0.0,0.0,0.0
37810,1.0,1,0,732,0,732.0,732.0,732.0,0.0,0.0,0.0,0.0,0.0,732000000.0,1000000.0,0.0,0.0,0.0,0.0,0.0,0.0,0.0,0.0,0.0,0.0,0.0,0.0,0.0,0.0,0,0,0,0,28,0,1000000.0,0.0,732.0,732.0,732.0,0.0,0.0,0,0,0,0,0,0,0,0,0.0,732.0,732.0,0.0,28,0,0,0,0,0,0,1,732,0,0,0,0,1,732.0,0.0,0.0,0.0,0.0,0.0,0.0,0.0,0.0
10001,1.0,1,0,201,0,201.0,201.0,201.0,0.0,0.0,0.0,0.0,0.0,201000000.0,1000000.0,0.0,0.0,0.0,0.0,0.0,0.0,0.0,0.0,0.0,0.0,0.0,0.0,0.0,0.0,0,0,0,0,28,0,1000000.0,0.0,201.0,201.0,201.0,0.0,0.0,0,0,0,0,0,0,0,0,0.0,201.0,201.0,0.0,28,0,0,0,0,0,0,1,201,0,0,0,0,1,201.0,0.0,0.0,0.0,0.0,0.0,0.0,0.0,0.0
37810,1.0,1,0,728,0,728.0,728.0,728.0,0.0,0.0,0.0,0.0,0.0,728000000.0,1000000.0,0.0,0.0,0.0,0.0,0.0,0.0,0.0,0.0,0.0,0.0,0.0,0.0,0.0,0.0,0,0,0,0,28,0,1000000.0,0.0,728.0,728.0,728.0,0.0,0.0,0,0,0,0,0,0,0,0,0.0,728.0,728.0,0.0,28,0,0,0,0,0,0,1,728,0,0,0,0,1,728.0,0.0,0.0,0.0,0.0,0.0,0.0,0.0,0.0
5355,1.0,1,0,75,0,75.0,75.0,75.0,0.0,0.0,0.0,0.0,0.0,75000000.0,1000000.0,0.0,0.0,0.0,0.0,0.0,0.0,0.0,0.0,0.0,0.0,0.0,0.0,0.0,0.0,0,0,0,0,28,0,1000000.0,0.0,75.0,75.0,75.0,0.0,0.0,0,0,0,0,0,0,0,0,0.0,75.0,75.0,0.0,28,0,0,0,0,0,0,1,75,0,0,0,0,1,75.0,0.0,0.0,0.0,0.0,0.0,0.0,0.0,0.0
37810,1.0,1,0,806,0,806.0,806.0,806.0,0.0,0.0,0.0,0.0,0.0,806000000.0,1000000.0,0.0,0.0,0.0,0.0,0.0,0.0,0.0,0.0,0.0,0.0,0.0,0.0,0.0,0.0,0,0,0,0,28,0,1000000.0,0.0,806.0,806.0,806.0,0.0,0.0,0,0,0,0,0,0,0,0,0.0,806.0,806.0,0.0,28,0,0,0,0,0,0,1,806,0,0,0,0,1,806.0,0.0,0.0,0.0,0.0,0.0,0.0,0.0,0.0
5355,1.0,1,0,75,0,75.0,75.0,75.0,0.0,0.0,0.0,0.0,0.0,75000000.0,1000000.0,0.0,0.0,0.0,0.0,0.0,0.0,0.0,0.0,0.0,0.0,0.0,0.0,0.0,0.0,0,0,0,0,28,0,1000000.0,0.0,75.0,75.0,75.0,0.0,0.0,0,0,0,0,0,0,0,0,0.0,75.0,75.0,0.0,28,0,0,0,0,0,0,1,75,0,0,0,0,1,75.0,0.0,0.0,0.0,0.0,0.0,0.0,0.0,0.0
5355,1.0,1,0,75,0,75.0,75.0,75.0,0.0,0.0,0.0,0.0,0.0,75000000.0,1000000.0,0.0,0.0,0.0,0.0,0.0,0.0,0.0,0.0,0.0,0.0,0.0,0.0,0.0,0.0,0,0,0,0,28,0,1000000.0,0.0,75.0,75.0,75.0,0.0,0.0,0,0,0,0,0,0,0,0,0.0,75.0,75.0,0.0,28,0,0,0,0,0,0,1,75,0,0,0,0,1,75.0,0.0,0.0,0.0,0.0,0.0,0.0,0.0,0.0
1900,3318679.3327331543,3,0,651,0,217.0,217.0,217.0,0.0,0.0,0.0,0.0,0.0,196.16236904210265,0.9039740508852657,1659339.6663665771,488887.3100280762,2148226.9763946533,1170452.356338501,3318679.3327331543,1659339.6663665771,488887.3100280762,2148226.9763946533,1170452.356338501,0.0,0.0,0.0,0.0,0.0,0,0,0,0,84,0,0.9039740508852657,0.0,217.0,217.0,217.0,0.0,0.0,0,0,0,0,0,0,0,0,0.0,217.0,217.0,0.0,84,0,0,0,0,0,0,3,651,0,0,0,0,3,217.0,0.0,0.0,0.0,0.0,0.0,0.0,0.0,0.0
5050,1.0,1,0,382,0,382.0,382.0,382.0,0.0,0.0,0.0,0.0,0.0,382000000.0,1000000.0,0.0,0.0,0.0,0.0,0.0,0.0,0.0,0.0,0.0,0.0,0.0,0.0,0.0,0.0,0,0,0,0,28,0,1000000.0,0.0,382.0,382.0,382.0,0.0,0.0,0,0,0,0,0,0,0,0,0.0,382.0,382.0,0.0,28,0,0,0,0,0,0,1,382,0,0,0,0,1,382.0,0.0,0.0,0.0,0.0,0.0,0.0,0.0,0.0
1900,1.0,1,0,167,0,167.0,167.0,167.0,0.0,0.0,0.0,0.0,0.0,167000000.0,1000000.0,0.0,0.0,0.0,0.0,0.0,0.0,0.0,0.0,0.0,0.0,0.0,0.0,0.0,0.0,0,0,0,0,28,0,1000000.0,0.0,167.0,167.0,167.0,0.0,0.0,0,0,0,0,0,0,0,0,0.0,167.0,167.0,0.0,28,0,0,0,0,0,0,1,167,0,0,0,0,1,167.0,0.0,0.0,0.0,0.0,0.0,0.0,0.0,0.0
5050,1.0,1,0,382,0,382.0,382.0,382.0,0.0,0.0,0.0,0.0,0.0,382000000.0,1000000.0,0.0,0.0,0.0,0.0,0.0,0.0,0.0,0.0,0.0,0.0,0.0,0.0,0.0,0.0,0,0,0,0,28,0,1000000.0,0.0,382.0,382.0,382.0,0.0,0.0,0,0,0,0,0,0,0,0,0.0,382.0,382.0,0.0,28,0,0,0,0,0,0,1,382,0,0,0,0,1,382.0,0.0,0.0,0.0,0.0,0.0,0.0,0.0,0.0
443,90316.5340423584,1,1,55,66,55.0,55.0,55.0,0.0,66.0,66.0,66.0,0.0,1339.7325449097846,22.144339585285692,90316.5340423584,0.0,90316.5340423584,90316.5340423584,0.0,0.0,0.0,0.0,0.0,0.0,0.0,0.0,0.0,0.0,0,0,0,0,40,52,11.072169792642846,11.072169792642846,55.0,66.0,60.5,5.5,30.25,0,0,0,0,2,0,0,0,1.0,60.5,55.0,66.0,40,0,0,0,0,0,0,1,55,1,66,0,0,1,55.0,0.0,0.0,0.0,0.0,0.0,0.0,0.0,0.0
0,393851.28021240234,4,0,232,0,70.0,54.0,58.0,6.928203230275509,0.0,0.0,0.0,0.0,589.0548327655133,10.156117806301955,131283.76007080078,166265.49582516044,365915.06004333496,647.5448608398438,393851.28021240234,131283.76007080078,166265.49582516044,365915.06004333496,647.5448608398438,0.0,0.0,0.0,0.0,0.0,0,0,0,0,96,0,10.156117806301955,0.0,54.0,70.0,58.0,6.928203230275509,47.99999999999999,0,0,0,0,0,0,0,0,0.0,58.0,58.0,0.0,96,0,0,0,0,0,0,4,232,0,0,0,0,4,54.0,0.0,0.0,0.0,0.0,0.0,0.0,0.0,0.0
5355,1.0,1,0,75,0,75.0,75.0,75.0,0.0,0.0,0.0,0.0,0.0,75000000.0,1000000.0,0.0,0.0,0.0,0.0,0.0,0.0,0.0,0.0,0.0,0.0,0.0,0.0,0.0,0.0,0,0,0,0,28,0,1000000.0,0.0,75.0,75.0,75.0,0.0,0.0,0,0,0,0,0,0,0,0,0.0,75.0,75.0,0.0,28,0,0,0,0,0,0,1,75,0,0,0,0,1,75.0,0.0,0.0,0.0,0.0,0.0,0.0,0.0,0.0
5353,1.0,1,0,119,0,119.0,119.0,119.0,0.0,0.0,0.0,0.0,0.0,119000000.0,1000000.0,0.0,0.0,0.0,0.0,0.0,0.0,0.0,0.0,0.0,0.0,0.0,0.0,0.0,0.0,0,0,0,0,28,0,1000000.0,0.0,119.0,119.0,119.0,0.0,0.0,0,0,0,0,0,0,0,0,0.0,119.0,119.0,0.0,28,0,0,0,0,0,0,1,119,0,0,0,0,1,119.0,0.0,0.0,0.0,0.0,0.0,0.0,0.0,0.0
137,1841995.2392578125,10,0,1100,0,110.0,110.0,110.0,0.0,0.0,0.0,0.0,0.0,597.1785249799117,5.428895681635561,204666.1376953125,303813.52849743125,804296.7319488525,313.75885009765625,1841995.2392578125,204666.1376953125,303813.52849743125,804296.7319488525,313.75885009765625,0.0,0.0,0.0,0.0,0.0,0,0,0,0,280,0,5.428895681635561,0.0,110.0,110.0,110.0,0.0,0.0,0,0,0,0,0,0,0,0,0.0,110.0,110.0,0.0,280,0,0,0,0,0,0,10,1100,0,0,0,0,10,110.0,0.0,0.0,0.0,0.0,0.0,0.0,0.0,0.0
10001,1.0,1,0,201,0,201.0,201.0,201.0,0.0,0.0,0.0,0.0,0.0,201000000.0,1000000.0,0.0,0.0,0.0,0.0,0.0,0.0,0.0,0.0,0.0,0.0,0.0,0.0,0.0,0.0,0,0,0,0,28,0,1000000.0,0.0,201.0,201.0,201.0,0.0,0.0,0,0,0,0,0,0,0,0,0.0,201.0,201.0,0.0,28,0,0,0,0,0,0,1,201,0,0,0,0,1,201.0,0.0,0.0,0.0,0.0,0.0,0.0,0.0,0.0
37810,1.0,1,0,728,0,728.0,728.0,728.0,0.0,0.0,0.0,0.0,0.0,728000000.0,1000000.0,0.0,0.0,0.0,0.0,0.0,0.0,0.0,0.0,0.0,0.0,0.0,0.0,0.0,0.0,0,0,0,0,28,0,1000000.0,0.0,728.0,728.0,728.0,0.0,0.0,0,0,0,0,0,0,0,0,0.0,728.0,728.0,0.0,28,0,0,0,0,0,0,1,728,0,0,0,0,1,728.0,0.0,0.0,0.0,0.0,0.0,0.0,0.0,0.0
62976,1.0,1,0,264,0,264.0,264.0,264.0,0.0,0.0,0.0,0.0,0.0,264000000.0,1000000.0,0.0,0.0,0.0,0.0,0.0,0.0,0.0,0.0,0.0,0.0,0.0,0.0,0.0,0.0,0,0,0,0,28,0,1000000.0,0.0,264.0,264.0,264.0,0.0,0.0,0,0,0,0,0,0,0,0,0.0,264.0,264.0,0.0,28,0,0,0,0,0,0,1,264,0,0,0,0,1,264.0,0.0,0.0,0.0,0.0,0.0,0.0,0.0,0.0
5353,992450.2372741699,2,0,162,0,81.0,81.0,81.0,0.0,0.0,0.0,0.0,0.0,163.23236562968003,2.0152143904898767,992450.2372741699,0.0,992450.2372741699,992450.2372741699,992450.2372741699,992450.2372741699,0.0,992450.2372741699,992450.2372741699,0.0,0.0,0.0,0.0,0.0,0,0,0,0,56,0,2.0152143904898767,0.0,81.0,81.0,81.0,0.0,0.0,0,0,0,0,0,0,0,0,0.0,81.0,81.0,0.0,56,0,0,0,0,0,0,2,162,0,0,0,0,2,81.0,0.0,0.0,0.0,0.0,0.0,0.0,0.0,0.0
5355,413388.9675140381,2,0,150,0,75.0,75.0,75.0,0.0,0.0,0.0,0.0,0.0,362.8543860327047,4.838058480436063,413388.9675140381,0.0,413388.9675140381,413388.9675140381,413388.9675140381,413388.9675140381,0.0,413388.9675140381,413388.9675140381,0.0,0.0,0.0,0.0,0.0,0,0,0,0,56,0,4.838058480436063,0.0,75.0,75.0,75.0,0.0,0.0,0,0,0,0,0,0,0,0,0.0,75.0,75.0,0.0,56,0,0,0,0,0,0,2,150,0,0,0,0,2,75.0,0.0,0.0,0.0,0.0,0.0,0.0,0.0,0.0
443,50631215.09552002,17,18,7795,5864,1514.0,54.0,458.52941176470586,584.1546046006353,1514.0,54.0,325.77777777777777,523.5770722799882,269.77428794136495,0.6912731589389979,1489153.3851623535,6517805.471557681,36499775.648117065,204.56314086914062,50378988.02757263,3148686.7517232895,9234018.811287394,36530639.17160034,251.29318237304688,50621802.33001709,2977753.0782362996,8981639.273526551,36531929.9697876,205.51681518554688,6,7,0,0,692,744,0.3357612486275133,0.35551191031148466,54.0,1514.0,390.25714285714287,557.7887640551057,311128.3053061224,2,2,0,13,34,0,0,0,1.0588235294117647,390.25714285714287,458.52941176470586,325.77777777777777,692,0,0,0,0,0,0,17,7795,18,5864,0,0,13,54.0,0.0,0.0,0.0,0.0,0.0,0.0,0.0,0.0
443,50369595.05081177,9,13,2521,5382,1514.0,54.0,280.1111111111111,456.749492353776,1514.0,54.0,414.0,591.551935427222,156.90020918428317,0.4367714288313589,2398552.1452767504,8168290.434353772,36520202.87513733,204.56314086914062,50369595.05081177,6296199.381351471,12273161.558901079,36520202.87513733,266.5519714355469,50306231.49871826,4192185.9582265215,10454709.836404586,36527786.49330139,204.56314086914062,2,5,0,0,372,544,0.1786792208855559,0.258092207945803,54.0,1514.0,359.22727272727275,544.4786440271582,296456.99380165286,1,2,0,7,21,0,0,0,1.4444444444444444,359.22727272727275,280.1111111111111,414.0,372,0,0,0,0,0,0,9,2521,13,5382,0,0,6,54.0,0.0,0.0,0.0,0.0,0.0,0.0,0.0,0.0
443,1498468.8758850098,41,31,48856,6855,1494.0,54.0,1191.6097560975609,559.1048541674442,1514.0,54.0,221.1290322580645,427.9127693693962,37178.61671774568,48.04904603539138,21105.195435000136,55597.331953503424,248850.82244873047,202.8942108154297,1260084.3906402588,31502.109766006466,79064.74221874875,358496.66595458984,282.7644348144531,1490913.3911132812,49697.113037109375,84857.16949314001,252917.05131530762,202.8942108154297,4,5,0,0,1652,1432,27.361262325708978,20.6877837096824,54.0,1514.0,773.7638888888889,698.3997878693748,487762.2636959877,2,2,0,9,71,0,0,0,0.7560975609756098,773.7638888888889,1191.6097560975609,221.1290322580645,1652,0,0,0,0,0,0,41,48856,31,6855,0,0,37,54.0,0.0,0.0,0.0,0.0,0.0,0.0,0.0,0.0
57621,143261360.16845703,6,0,492,0,82.0,82.0,82.0,0.0,0.0,0.0,0.0,0.0,3.4342826245783997,0.0418814954216878,28652272.033691406,15470187.332223551,49969688.8923645,2437362.4324798584,143261360.16845703,28652272.033691406,15470187.332223551,49969688.8923645,2437362.4324798584,0.0,0.0,0.0,0.0,0.0,0,0,0,0,168,0,0.0418814954216878,0.0,82.0,82.0,82.0,0.0,0.0,0,0,0,0,0,0,0,0,0.0,82.0,82.0,0.0,168,0,0,0,0,0,0,6,492,0,0,0,0,6,82.0,0.0,0.0,0.0,0.0,0.0,0.0,0.0,0.0
443,211965126.5144348,38,28,8411,8022,1514.0,54.0,221.3421052631579,257.419816469823,1514.0,54.0,286.5,433.27560512911407,77.52690393096769,0.31137197465124244,3261001.94637592,9531522.515163086,53157897.23396301,227.21290588378906,211704704.28466797,5721748.764450486,12119315.74173526,53157897.23396301,227.21290588378906,211687259.4356537,7840268.867987174,14731485.545164611,53235138.177871704,298.2616424560547,22,12,0,0,1580,1168,0.1792747732840487,0.13209720136719377,54.0,1514.0,248.9848484848485,344.71967058115945,118831.65128558308,2,2,0,34,65,0,0,0,0.7368421052631579,248.9848484848485,221.3421052631579,286.5,1580,0,0,0,0,0,0,38,8411,28,8022,0,0,34,54.0,0.0,0.0,0.0,0.0,0.0,0.0,0.0,0.0
1900,11332280.158996582,15,0,7861,0,549.0,483.0,524.0666666666667,26.938118386818,0.0,0.0,0.0,0.0,693.682108958384,1.3236524150077293,809448.5827854702,1255104.2742090898,4963665.723800659,6993.770599365234,11332280.158996582,809448.5827854702,1255104.2742090898,4963665.723800659,6993.770599365234,0.0,0.0,0.0,0.0,0.0,0,0,0,0,420,0,1.3236524150077293,0.0,483.0,549.0,524.0666666666667,26.938118386818,725.6622222222221,0,0,0,0,0,0,0,0,0.0,524.0666666666667,524.0666666666667,0.0,420,0,0,0,0,0,0,15,7861,0,0,0,0,15,483.0,0.0,0.0,0.0,0.0,0.0,0.0,0.0,0.0
0,7127369.8806762695,9,0,494,0,62.0,54.0,54.888888888888886,2.514157444218836,0.0,0.0,0.0,0.0,69.31027970630979,1.2627378893862105,890921.2350845337,2147971.235793128,6556583.404541016,225.067138671875,7127369.8806762695,890921.2350845337,2147971.235793128,6556583.404541016,225.067138671875,0.0,0.0,0.0,0.0,0.0,0,0,0,0,216,0,1.2627378893862105,0.0,54.0,62.0,54.888888888888886,2.514157444218836,6.320987654320989,0,0,0,0,0,0,0,0,0.0,54.888888888888886,54.888888888888886,0.0,216,0,0,0,0,0,0,9,494,0,0,0,0,9,54.0,0.0,0.0,0.0,0.0,0.0,0.0,0.0,0.0
5353,7074940.919876099,3,0,281,0,119.0,81.0,93.66666666666667,17.9133717900592,0.0,0.0,0.0,0.0,39.71764615172519,0.42403180944902336,3537470.4599380493,3532602.906227112,7070073.366165161,4867.5537109375,7074940.919876099,3537470.4599380493,3532602.906227112,7070073.366165161,4867.5537109375,0.0,0.0,0.0,0.0,0.0,0,0,0,0,84,0,0.42403180944902336,0.0,81.0,119.0,93.66666666666667,17.9133717900592,320.8888888888888,0,0,0,0,0,0,0,0,0.0,93.66666666666667,93.66666666666667,0.0,84,0,0,0,0,0,0,3,281,0,0,0,0,3,81.0,0.0,0.0,0.0,0.0,0.0,0.0,0.0,0.0
137,6907964.706420898,11,0,1210,0,110.0,110.0,110.0,0.0,0.0,0.0,0.0,0.0,175.1601305772907,1.5923648234299153,690796.4706420898,1591756.9392447718,5377155.780792236,287.5328063964844,6907964.706420898,690796.4706420898,1591756.9392447718,5377155.780792236,287.5328063964844,0.0,0.0,0.0,0.0,0.0,0,0,0,0,308,0,1.5923648234299153,0.0,110.0,110.0,110.0,0.0,0.0,0,0,0,0,0,0,0,0,0.0,110.0,110.0,0.0,308,0,0,0,0,0,0,11,1210,0,0,0,0,11,110.0,0.0,0.0,0.0,0.0,0.0,0.0,0.0,0.0
137,6081245.899200439,15,0,1650,0,110.0,110.0,110.0,0.0,0.0,0.0,0.0,0.0,271.32597947024993,2.4665998133659084,434374.70708574564,1323891.714316209,5159013.509750366,276.32713317871094,6081245.899200439,434374.70708574564,1323891.714316209,5159013.509750366,276.32713317871094,0.0,0.0,0.0,0.0,0.0,0,0,0,0,420,0,2.4665998133659084,0.0,110.0,110.0,110.0,0.0,0.0,0,0,0,0,0,0,0,0,0.0,110.0,110.0,0.0,420,0,0,0,0,0,0,15,1650,0,0,0,0,15,110.0,0.0,0.0,0.0,0.0,0.0,0.0,0.0,0.0
0,5958447.9331970215,11,0,610,0,70.0,54.0,55.45454545454545,4.5996765966085515,0.0,0.0,0.0,0.0,102.37565333103495,1.846118338756368,595844.7933197021,1475770.8700838224,4962696.552276611,923.6335754394531,5958447.9331970215,595844.7933197021,1475770.8700838224,4962696.552276611,923.6335754394531,0.0,0.0,0.0,0.0,0.0,0,0,0,0,264,0,1.846118338756368,0.0,54.0,70.0,55.45454545454545,4.5996765966085515,21.157024793388427,0,0,0,0,0,0,0,0,0.0,55.45454545454545,55.45454545454545,0.0,264,0,0,0,0,0,0,11,610,0,0,0,0,11,54.0,0.0,0.0,0.0,0.0,0.0,0.0,0.0,0.0
37810,1.0,1,0,731,0,731.0,731.0,731.0,0.0,0.0,0.0,0.0,0.0,731000000.0,1000000.0,0.0,0.0,0.0,0.0,0.0,0.0,0.0,0.0,0.0,0.0,0.0,0.0,0.0,0.0,0,0,0,0,28,0,1000000.0,0.0,731.0,731.0,731.0,0.0,0.0,0,0,0,0,0,0,0,0,0.0,731.0,731.0,0.0,28,0,0,0,0,0,0,1,731,0,0,0,0,1,731.0,0.0,0.0,0.0,0.0,0.0,0.0,0.0,0.0
138,1.0,1,0,243,0,243.0,243.0,243.0,0.0,0.0,0.0,0.0,0.0,243000000.0,1000000.0,0.0,0.0,0.0,0.0,0.0,0.0,0.0,0.0,0.0,0.0,0.0,0.0,0.0,0.0,0,0,0,0,28,0,1000000.0,0.0,243.0,243.0,243.0,0.0,0.0,0,0,0,0,0,0,0,0,0.0,243.0,243.0,0.0,28,0,0,0,0,0,0,1,243,0,0,0,0,1,243.0,0.0,0.0,0.0,0.0,0.0,0.0,0.0,0.0
5355,1.0,1,0,75,0,75.0,75.0,75.0,0.0,0.0,0.0,0.0,0.0,75000000.0,1000000.0,0.0,0.0,0.0,0.0,0.0,0.0,0.0,0.0,0.0,0.0,0.0,0.0,0.0,0.0,0,0,0,0,28,0,1000000.0,0.0,75.0,75.0,75.0,0.0,0.0,0,0,0,0,0,0,0,0,0.0,75.0,75.0,0.0,28,0,0,0,0,0,0,1,75,0,0,0,0,1,75.0,0.0,0.0,0.0,0.0,0.0,0.0,0.0,0.0
3702,88363.6474609375,3,0,3369,0,1123.0,1123.0,1123.0,0.0,0.0,0.0,0.0,0.0,38126.53842168883,33.95061302020376,44181.82373046875,14085.531234741211,58267.35496520996,30096.29249572754,88363.6474609375,44181.82373046875,14085.531234741211,58267.35496520996,30096.29249572754,0.0,0.0,0.0,0.0,0.0,0,0,0,0,84,0,33.95061302020376,0.0,1123.0,1123.0,1123.0,0.0,0.0,0,0,0,0,0,0,0,0,0.0,1123.0,1123.0,0.0,84,0,0,0,0,0,0,3,3369,0,0,0,0,3,1123.0,0.0,0.0,0.0,0.0,0.0,0.0,0.0,0.0
1900,1.0,1,0,175,0,175.0,175.0,175.0,0.0,0.0,0.0,0.0,0.0,175000000.0,1000000.0,0.0,0.0,0.0,0.0,0.0,0.0,0.0,0.0,0.0,0.0,0.0,0.0,0.0,0.0,0,0,0,0,28,0,1000000.0,0.0,175.0,175.0,175.0,0.0,0.0,0,0,0,0,0,0,0,0,0.0,175.0,175.0,0.0,28,0,0,0,0,0,0,1,175,0,0,0,0,1,175.0,0.0,0.0,0.0,0.0,0.0,0.0,0.0,0.0
1900,1.0,1,0,175,0,175.0,175.0,175.0,0.0,0.0,0.0,0.0,0.0,175000000.0,1000000.0,0.0,0.0,0.0,0.0,0.0,0.0,0.0,0.0,0.0,0.0,0.0,0.0,0.0,0.0,0,0,0,0,28,0,1000000.0,0.0,175.0,175.0,175.0,0.0,0.0,0,0,0,0,0,0,0,0,0.0,175.0,175.0,0.0,28,0,0,0,0,0,0,1,175,0,0,0,0,1,175.0,0.0,0.0,0.0,0.0,0.0,0.0,0.0,0.0
62976,1.0,1,0,264,0,264.0,264.0,264.0,0.0,0.0,0.0,0.0,0.0,264000000.0,1000000.0,0.0,0.0,0.0,0.0,0.0,0.0,0.0,0.0,0.0,0.0,0.0,0.0,0.0,0.0,0,0,0,0,28,0,1000000.0,0.0,264.0,264.0,264.0,0.0,0.0,0,0,0,0,0,0,0,0,0.0,264.0,264.0,0.0,28,0,0,0,0,0,0,1,264,0,0,0,0,1,264.0,0.0,0.0,0.0,0.0,0.0,0.0,0.0,0.0
138,1.0,1,0,243,0,243.0,243.0,243.0,0.0,0.0,0.0,0.0,0.0,243000000.0,1000000.0,0.0,0.0,0.0,0.0,0.0,0.0,0.0,0.0,0.0,0.0,0.0,0.0,0.0,0.0,0,0,0,0,28,0,1000000.0,0.0,243.0,243.0,243.0,0.0,0.0,0,0,0,0,0,0,0,0,0.0,243.0,243.0,0.0,28,0,0,0,0,0,0,1,243,0,0,0,0,1,243.0,0.0,0.0,0.0,0.0,0.0,0.0,0.0,0.0
62976,1.0,1,0,264,0,264.0,264.0,264.0,0.0,0.0,0.0,0.0,0.0,264000000.0,1000000.0,0.0,0.0,0.0,0.0,0.0,0.0,0.0,0.0,0.0,0.0,0.0,0.0,0.0,0.0,0,0,0,0,28,0,1000000.0,0.0,264.0,264.0,264.0,0.0,0.0,0,0,0,0,0,0,0,0,0.0,264.0,264.0,0.0,28,0,0,0,0,0,0,1,264,0,0,0,0,1,264.0,0.0,0.0,0.0,0.0,0.0,0.0,0.0,0.0
10001,1.0,1,0,201,0,201.0,201.0,201.0,0.0,0.0,0.0,0.0,0.0,201000000.0,1000000.0,0.0,0.0,0.0,0.0,0.0,0.0,0.0,0.0,0.0,0.0,0.0,0.0,0.0,0.0,0,0,0,0,28,0,1000000.0,0.0,201.0,201.0,201.0,0.0,0.0,0,0,0,0,0,0,0,0,0.0,201.0,201.0,0.0,28,0,0,0,0,0,0,1,201,0,0,0,0,1,201.0,0.0,0.0,0.0,0.0,0.0,0.0,0.0,0.0
5353,1094258.3084106445,2,0,154,0,77.0,77.0,77.0,0.0,0.0,0.0,0.0,0.0,140.73459512834523,1.8277220146538342,1094258.3084106445,0.0,1094258.3084106445,1094258.3084106445,1094258.3084106445,1094258.3084106445,0.0,1094258.3084106445,1094258.3084106445,0.0,0.0,0.0,0.0,0.0,0,0,0,0,56,0,1.8277220146538342,0.0,77.0,77.0,77.0,0.0,0.0,0,0,0,0,0,0,0,0,0.0,77.0,77.0,0.0,56,0,0,0,0,0,0,2,154,0,0,0,0,2,77.0,0.0,0.0,0.0,0.0,0.0,0.0,0.0,0.0
67,60405.01594543457,2,0,684,0,342.0,342.0,342.0,0.0,0.0,0.0,0.0,0.0,11323.562940830529,33.10983316032318,60405.01594543457,0.0,60405.01594543457,60405.01594543457,60405.01594543457,60405.01594543457,0.0,60405.01594543457,60405.01594543457,0.0,0.0,0.0,0.0,0.0,0,0,0,0,56,0,33.10983316032318,0.0,342.0,342.0,342.0,0.0,0.0,0,0,0,0,0,0,0,0,0.0,342.0,342.0,0.0,56,0,0,0,0,0,0,2,684,0,0,0,0,2,342.0,0.0,0.0,0.0,0.0,0.0,0.0,0.0,0.0
53,43326.85470581055,1,1,78,689,78.0,78.0,78.0,0.0,689.0,689.0,689.0,0.0,17702.64666585959,46.16074749898198,43326.85470581055,0.0,43326.85470581055,43326.85470581055,0.0,0.0,0.0,0.0,0.0,0.0,0.0,0.0,0.0,0.0,0,0,0,0,28,28,23.08037374949099,23.08037374949099,78.0,689.0,383.5,305.5,93330.25,0,0,0,0,0,0,0,0,1.0,383.5,78.0,689.0,28,0,0,0,0,0,0,1,78,1,689,0,0,1,78.0,0.0,0.0,0.0,0.0,0.0,0.0,0.0,0.0
37810,1.0,1,0,732,0,732.0,732.0,732.0,0.0,0.0,0.0,0.0,0.0,732000000.0,1000000.0,0.0,0.0,0.0,0.0,0.0,0.0,0.0,0.0,0.0,0.0,0.0,0.0,0.0,0.0,0,0,0,0,28,0,1000000.0,0.0,732.0,732.0,732.0,0.0,0.0,0,0,0,0,0,0,0,0,0.0,732.0,732.0,0.0,28,0,0,0,0,0,0,1,732,0,0,0,0,1,732.0,0.0,0.0,0.0,0.0,0.0,0.0,0.0,0.0
37810,1.0,1,0,733,0,733.0,733.0,733.0,0.0,0.0,0.0,0.0,0.0,733000000.0,1000000.0,0.0,0.0,0.0,0.0,0.0,0.0,0.0,0.0,0.0,0.0,0.0,0.0,0.0,0.0,0,0,0,0,28,0,1000000.0,0.0,733.0,733.0,733.0,0.0,0.0,0,0,0,0,0,0,0,0,0.0,733.0,733.0,0.0,28,0,0,0,0,0,0,1,733,0,0,0,0,1,733.0,0.0,0.0,0.0,0.0,0.0,0.0,0.0,0.0
1900,1897395.6108093262,3,0,636,0,212.0,212.0,212.0,0.0,0.0,0.0,0.0,0.0,335.1963061244338,1.5811146515303482,948697.8054046631,20655.87043762207,969353.6758422852,928041.934967041,1897395.6108093262,948697.8054046631,20655.87043762207,969353.6758422852,928041.934967041,0.0,0.0,0.0,0.0,0.0,0,0,0,0,84,0,1.5811146515303482,0.0,212.0,212.0,212.0,0.0,0.0,0,0,0,0,0,0,0,0,0.0,212.0,212.0,0.0,84,0,0,0,0,0,0,3,636,0,0,0,0,3,212.0,0.0,0.0,0.0,0.0,0.0,0.0,0.0,0.0
37810,1.0,1,0,733,0,733.0,733.0,733.0,0.0,0.0,0.0,0.0,0.0,733000000.0,1000000.0,0.0,0.0,0.0,0.0,0.0,0.0,0.0,0.0,0.0,0.0,0.0,0.0,0.0,0.0,0,0,0,0,28,0,1000000.0,0.0,733.0,733.0,733.0,0.0,0.0,0,0,0,0,0,0,0,0,0.0,733.0,733.0,0.0,28,0,0,0,0,0,0,1,733,0,0,0,0,1,733.0,0.0,0.0,0.0,0.0,0.0,0.0,0.0,0.0
0,422290.563583374,4,0,216,0,54.0,54.0,54.0,0.0,0.0,0.0,0.0,0.0,511.49615602848894,9.47215103756461,140763.521194458,193922.4976195827,414995.4319000244,1088.857650756836,422290.563583374,140763.521194458,193922.4976195827,414995.4319000244,1088.857650756836,0.0,0.0,0.0,0.0,0.0,0,0,0,0,96,0,9.47215103756461,0.0,54.0,54.0,54.0,0.0,0.0,0,0,0,0,0,0,0,0,0.0,54.0,54.0,0.0,96,0,0,0,0,0,0,4,216,0,0,0,0,4,54.0,0.0,0.0,0.0,0.0,0.0,0.0,0.0,0.0
5355,1.0,1,0,64,0,64.0,64.0,64.0,0.0,0.0,0.0,0.0,0.0,64000000.0,1000000.0,0.0,0.0,0.0,0.0,0.0,0.0,0.0,0.0,0.0,0.0,0.0,0.0,0.0,0.0,0,0,0,0,28,0,1000000.0,0.0,64.0,64.0,64.0,0.0,0.0,0,0,0,0,0,0,0,0,0.0,64.0,64.0,0.0,28,0,0,0,0,0,0,1,64,0,0,0,0,1,64.0,0.0,0.0,0.0,0.0,0.0,0.0,0.0,0.0
37810,1.0,1,0,806,0,806.0,806.0,806.0,0.0,0.0,0.0,0.0,0.0,806000000.0,1000000.0,0.0,0.0,0.0,0.0,0.0,0.0,0.0,0.0,0.0,0.0,0.0,0.0,0.0,0.0,0,0,0,0,28,0,1000000.0,0.0,806.0,806.0,806.0,0.0,0.0,0,0,0,0,0,0,0,0,0.0,806.0,806.0,0.0,28,0,0,0,0,0,0,1,806,0,0,0,0,1,806.0,0.0,0.0,0.0,0.0,0.0,0.0,0.0,0.0
7680,69983.24394226074,5,3,357,174,129.0,54.0,71.4,29.17258987474372,66.0,54.0,58.0,5.656854249492381,7587.530529995128,114.31307766471004,9997.60627746582,18877.6992372611,54920.67337036133,228.8818359375,69751.97792053223,17437.994480133057,22432.124763038013,55183.41064453125,245.57113647460938,69754.36210632324,34877.18105316162,20520.329475402832,55397.51052856445,14356.851577758789,1,0,0,0,212,132,71.44567354044376,42.86740412426626,54.0,129.0,66.375,24.207114140268764,585.984375,2,2,0,1,7,0,0,0,0.6,66.375,71.4,58.0,212,0,0,0,0,0,0,5,357,3,174,0,0,1,54.0,0.0,0.0,0.0,0.0,0.0,0.0,0.0,0.0
53,132571.45881652832,6,5,386,748,102.0,54.0,64.33333333333333,17.3749500398962,520.0,54.0,149.6,185.25830615656614,8553.877358846856,82.97411900115998,13257.145881652832,29644.4485425462,100557.32727050781,243.18695068359375,132571.45881652832,26514.291763305664,42717.91247851761,110731.60171508789,243.18695068359375,113484.62104797363,28371.15526199341,41875.42743107325,100557.32727050781,809.4310760498047,2,1,0,0,252,212,45.25861036426908,37.7155086368909,54.0,520.0,103.0909090909091,132.54258632636774,17567.537190082643,2,2,0,3,10,0,0,0,0.8333333333333334,103.0909090909091,64.33333333333333,149.6,252,0,0,0,0,0,0,6,386,5,748,0,0,2,54.0,0.0,0.0,0.0,0.0,0.0,0.0,0.0,0.0
53,131839.03694152832,6,5,386,933,102.0,54.0,64.33333333333333,17.3749500398962,705.0,54.0,186.6,259.24166331822516,10004.624052168912,83.4350754919318,13183.903694152832,28293.936853548752,96294.87991333008,253.20053100585938,131839.03694152832,26367.807388305664,43143.193865839734,111441.37382507324,253.20053100585938,112821.57897949219,28205.394744873047,39494.02147644523,96294.87991333008,416.2788391113281,2,1,0,0,252,212,45.51004117741734,37.92503431451445,54.0,705.0,119.9090909090909,185.52454115803877,34419.35537190082,2,2,0,3,10,0,0,0,0.8333333333333334,119.9090909090909,64.33333333333333,186.6,252,0,0,0,0,0,0,6,386,5,933,0,0,2,54.0,0.0,0.0,0.0,0.0,0.0,0.0,0.0,0.0
53,141957.28302001953,6,5,388,753,104.0,54.0,64.66666666666667,18.098495947330967,525.0,54.0,150.6,187.2576834204674,8037.62917777942,77.48809899699704,14195.728302001953,20612.20676496374,53491.59240722656,238.89541625976562,141957.28302001953,28391.456604003906,23752.331165073934,58020.11489868164,249.8626708984375,101630.21087646484,25407.55271911621,23677.3644607791,54508.92448425293,238.89541625976562,2,1,0,0,252,212,42.26623581654384,35.2218631804532,54.0,525.0,103.72727272727273,133.9715647639052,17948.380165289247,2,2,0,3,10,0,0,0,0.8333333333333334,103.72727272727273,64.66666666666667,150.6,252,0,0,0,0,0,0,6,388,5,753,0,0,2,54.0,0.0,0.0,0.0,0.0,0.0,0.0,0.0,0.0
137,148975068.0923462,12,0,1104,0,92.0,92.0,92.0,0.0,0.0,0.0,0.0,0.0,7.410635981825201,0.08055039110679565,13543188.008395107,34131606.93886249,118872412.68157959,48118.11447143555,148975068.0923462,13543188.008395107,34131606.93886249,118872412.68157959,48118.11447143555,0.0,0.0,0.0,0.0,0.0,0,0,0,0,336,0,0.08055039110679565,0.0,92.0,92.0,92.0,0.0,0.0,0,0,0,0,0,0,0,0,0.0,92.0,92.0,0.0,336,0,0,0,0,0,0,12,1104,0,0,0,0,12,92.0,0.0,0.0,0.0,0.0,0.0,0.0,0.0,0.0
37810,127969897.98545837,2,0,1464,0,732.0,732.0,732.0,0.0,0.0,0.0,0.0,0.0,11.440190412329304,0.015628675426679377,127969897.98545837,0.0,127969897.98545837,127969897.98545837,127969897.98545837,127969897.98545837,0.0,127969897.98545837,127969897.98545837,0.0,0.0,0.0,0.0,0.0,0,0,0,0,56,0,0.015628675426679377,0.0,732.0,732.0,732.0,0.0,0.0,0,0,0,0,0,0,0,0,0.0,732.0,732.0,0.0,56,0,0,0,0,0,0,2,1464,0,0,0,0,2,732.0,0.0,0.0,0.0,0.0,0.0,0.0,0.0,0.0
5353,123465957.40318298,2,0,174,0,87.0,87.0,87.0,0.0,0.0,0.0,0.0,0.0,1.4092953528217993,0.016198797158871257,123465957.40318298,0.0,123465957.40318298,123465957.40318298,123465957.40318298,123465957.40318298,0.0,123465957.40318298,123465957.40318298,0.0,0.0,0.0,0.0,0.0,0,0,0,0,56,0,0.016198797158871257,0.0,87.0,87.0,87.0,0.0,0.0,0,0,0,0,0,0,0,0,0.0,87.0,87.0,0.0,56,0,0,0,0,0,0,2,174,0,0,0,0,2,87.0,0.0,0.0,0.0,0.0,0.0,0.0,0.0,0.0
0,50973226.07040405,4,0,216,0,54.0,54.0,54.0,0.0,0.0,0.0,0.0,0.0,4.237518726039853,0.07847256900073801,16991075.35680135,23628008.639538873,50405174.255371094,65658.0924987793,50973226.07040405,16991075.35680135,23628008.639538873,50405174.255371094,65658.0924987793,0.0,0.0,0.0,0.0,0.0,0,0,0,0,96,0,0.07847256900073801,0.0,54.0,54.0,54.0,0.0,0.0,0,0,0,0,0,0,0,0,0.0,54.0,54.0,0.0,96,0,0,0,0,0,0,4,216,0,0,0,0,4,54.0,0.0,0.0,0.0,0.0,0.0,0.0,0.0,0.0
5353,50438196.420669556,6,0,618,0,103.0,103.0,103.0,0.0,0.0,0.0,0.0,0.0,12.252618924865914,0.11895746528996033,10087639.284133911,11681770.52638908,28300191.87927246,3320.2171325683594,50438196.420669556,10087639.284133911,11681770.52638908,28300191.87927246,3320.2171325683594,0.0,0.0,0.0,0.0,0.0,0,0,0,0,168,0,0.11895746528996033,0.0,103.0,103.0,103.0,0.0,0.0,0,0,0,0,0,0,0,0,0.0,103.0,103.0,0.0,168,0,0,0,0,0,0,6,618,0,0,0,0,6,103.0,0.0,0.0,0.0,0.0,0.0,0.0,0.0,0.0
137,43903016.09039307,8,0,736,0,92.0,92.0,92.0,0.0,0.0,0.0,0.0,0.0,16.764224090769307,0.18221982707357942,6271859.441484723,11561819.076159414,33530905.00831604,41090.72685241699,43903016.09039307,6271859.441484723,11561819.076159414,33530905.00831604,41090.72685241699,0.0,0.0,0.0,0.0,0.0,0,0,0,0,224,0,0.18221982707357942,0.0,92.0,92.0,92.0,0.0,0.0,0,0,0,0,0,0,0,0,0.0,92.0,92.0,0.0,224,0,0,0,0,0,0,8,736,0,0,0,0,8,92.0,0.0,0.0,0.0,0.0,0.0,0.0,0.0,0.0
5050,34035587.787628174,4,0,1376,0,344.0,344.0,344.0,0.0,0.0,0.0,0.0,0.0,40.42827197772596,0.11752404644687779,11345195.92920939,13174153.438471602,29975660.56251526,1900275.9456634521,34035587.787628174,11345195.92920939,13174153.438471602,29975660.56251526,1900275.9456634521,0.0,0.0,0.0,0.0,0.0,0,0,0,0,112,0,0.11752404644687779,0.0,344.0,344.0,344.0,0.0,0.0,0,0,0,0,0,0,0,0,0.0,344.0,344.0,0.0,112,0,0,0,0,0,0,4,1376,0,0,0,0,4,344.0,0.0,0.0,0.0,0.0,0.0,0.0,0.0,0.0
1900,14025048.017501831,3,0,537,0,179.0,179.0,179.0,0.0,0.0,0.0,0.0,0.0,38.28863896436424,0.2139030109741019,7012524.0087509155,4027444.4818496704,11039968.490600586,2985079.526901245,14025048.017501831,7012524.0087509155,4027444.4818496704,11039968.490600586,2985079.526901245,0.0,0.0,0.0,0.0,0.0,0,0,0,0,84,0,0.2139030109741019,0.0,179.0,179.0,179.0,0.0,0.0,0,0,0,0,0,0,0,0,0.0,179.0,179.0,0.0,84,0,0,0,0,0,0,3,537,0,0,0,0,3,179.0,0.0,0.0,0.0,0.0,0.0,0.0,0.0,0.0
5353,9806100.130081177,3,0,246,0,82.0,82.0,82.0,0.0,0.0,0.0,0.0,0.0,25.08642546340831,0.30593201784644286,4903050.065040588,4742895.9608078,9645946.025848389,160154.1042327881,9806100.130081177,4903050.065040588,4742895.9608078,9645946.025848389,160154.1042327881,0.0,0.0,0.0,0.0,0.0,0,0,0,0,84,0,0.30593201784644286,0.0,82.0,82.0,82.0,0.0,0.0,0,0,0,0,0,0,0,0,0.0,82.0,82.0,0.0,84,0,0,0,0,0,0,3,246,0,0,0,0,3,82.0,0.0,0.0,0.0,0.0,0.0,0.0,0.0,0.0
37810,1.0,1,0,731,0,731.0,731.0,731.0,0.0,0.0,0.0,0.0,0.0,731000000.0,1000000.0,0.0,0.0,0.0,0.0,0.0,0.0,0.0,0.0,0.0,0.0,0.0,0.0,0.0,0.0,0,0,0,0,28,0,1000000.0,0.0,731.0,731.0,731.0,0.0,0.0,0,0,0,0,0,0,0,0,0.0,731.0,731.0,0.0,28,0,0,0,0,0,0,1,731,0,0,0,0,1,731.0,0.0,0.0,0.0,0.0,0.0,0.0,0.0,0.0
10001,1.0,1,0,201,0,201.0,201.0,201.0,0.0,0.0,0.0,0.0,0.0,201000000.0,1000000.0,0.0,0.0,0.0,0.0,0.0,0.0,0.0,0.0,0.0,0.0,0.0,0.0,0.0,0.0,0,0,0,0,28,0,1000000.0,0.0,201.0,201.0,201.0,0.0,0.0,0,0,0,0,0,0,0,0,0.0,201.0,201.0,0.0,28,0,0,0,0,0,0,1,201,0,0,0,0,1,201.0,0.0,0.0,0.0,0.0,0.0,0.0,0.0,0.0
0,3456772.804260254,3,0,162,0,54.0,54.0,54.0,0.0,0.0,0.0,0.0,0.0,46.86452051472554,0.8678614910134359,1728386.402130127,1393795.9671020508,3122182.3692321777,334590.4350280762,3456772.804260254,1728386.402130127,1393795.9671020508,3122182.3692321777,334590.4350280762,0.0,0.0,0.0,0.0,0.0,0,0,0,0,72,0,0.8678614910134359,0.0,54.0,54.0,54.0,0.0,0.0,0,0,0,0,0,0,0,0,0.0,54.0,54.0,0.0,72,0,0,0,0,0,0,3,162,0,0,0,0,3,54.0,0.0,0.0,0.0,0.0,0.0,0.0,0.0,0.0
37810,1.0,1,0,733,0,733.0,733.0,733.0,0.0,0.0,0.0,0.0,0.0,733000000.0,1000000.0,0.0,0.0,0.0,0.0,0.0,0.0,0.0,0.0,0.0,0.0,0.0,0.0,0.0,0.0,0,0,0,0,28,0,1000000.0,0.0,733.0,733.0,733.0,0.0,0.0,0,0,0,0,0,0,0,0,0.0,733.0,733.0,0.0,28,0,0,0,0,0,0,1,733,0,0,0,0,1,733.0,0.0,0.0,0.0,0.0,0.0,0.0,0.0,0.0
37810,1.0,1,0,828,0,828.0,828.0,828.0,0.0,0.0,0.0,0.0,0.0,828000000.0,1000000.0,0.0,0.0,0.0,0.0,0.0,0.0,0.0,0.0,0.0,0.0,0.0,0.0,0.0,0.0,0,0,0,0,28,0,1000000.0,0.0,828.0,828.0,828.0,0.0,0.0,0,0,0,0,0,0,0,0,0.0,828.0,828.0,0.0,28,0,0,0,0,0,0,1,828,0,0,0,0,1,828.0,0.0,0.0,0.0,0.0,0.0,0.0,0.0,0.0
62976,1.0,1,0,264,0,264.0,264.0,264.0,0.0,0.0,0.0,0.0,0.0,264000000.0,1000000.0,0.0,0.0,0.0,0.0,0.0,0.0,0.0,0.0,0.0,0.0,0.0,0.0,0.0,0.0,0,0,0,0,28,0,1000000.0,0.0,264.0,264.0,264.0,0.0,0.0,0,0,0,0,0,0,0,0,0.0,264.0,264.0,0.0,28,0,0,0,0,0,0,1,264,0,0,0,0,1,264.0,0.0,0.0,0.0,0.0,0.0,0.0,0.0,0.0
37810,1.0,1,0,731,0,731.0,731.0,731.0,0.0,0.0,0.0,0.0,0.0,731000000.0,1000000.0,0.0,0.0,0.0,0.0,0.0,0.0,0.0,0.0,0.0,0.0,0.0,0.0,0.0,0.0,0,0,0,0,28,0,1000000.0,0.0,731.0,731.0,731.0,0.0,0.0,0,0,0,0,0,0,0,0,0.0,731.0,731.0,0.0,28,0,0,0,0,0,0,1,731,0,0,0,0,1,731.0,0.0,0.0,0.0,0.0,0.0,0.0,0.0,0.0
37810,1.0,1,0,728,0,728.0,728.0,728.0,0.0,0.0,0.0,0.0,0.0,728000000.0,1000000.0,0.0,0.0,0.0,0.0,0.0,0.0,0.0,0.0,0.0,0.0,0.0,0.0,0.0,0.0,0,0,0,0,28,0,1000000.0,0.0,728.0,728.0,728.0,0.0,0.0,0,0,0,0,0,0,0,0,0.0,728.0,728.0,0.0,28,0,0,0,0,0,0,1,728,0,0,0,0,1,728.0,0.0,0.0,0.0,0.0,0.0,0.0,0.0,0.0
62976,1.0,1,0,264,0,264.0,264.0,264.0,0.0,0.0,0.0,0.0,0.0,264000000.0,1000000.0,0.0,0.0,0.0,0.0,0.0,0.0,0.0,0.0,0.0,0.0,0.0,0.0,0.0,0.0,0,0,0,0,28,0,1000000.0,0.0,264.0,264.0,264.0,0.0,0.0,0,0,0,0,0,0,0,0,0.0,264.0,264.0,0.0,28,0,0,0,0,0,0,1,264,0,0,0,0,1,264.0,0.0,0.0,0.0,0.0,0.0,0.0,0.0,0.0
1900,2427815.9141540527,3,0,537,0,179.0,179.0,179.0,0.0,0.0,0.0,0.0,0.0,221.1864568764523,1.2356785300360464,1213907.9570770264,985527.9922485352,2199435.9493255615,228379.9648284912,2427815.9141540527,1213907.9570770264,985527.9922485352,2199435.9493255615,228379.9648284912,0.0,0.0,0.0,0.0,0.0,0,0,0,0,84,0,1.2356785300360464,0.0,179.0,179.0,179.0,0.0,0.0,0,0,0,0,0,0,0,0,0.0,179.0,179.0,0.0,84,0,0,0,0,0,0,3,537,0,0,0,0,3,179.0,0.0,0.0,0.0,0.0,0.0,0.0,0.0,0.0
1900,273032.66525268555,4,0,868,0,217.0,217.0,217.0,0.0,0.0,0.0,0.0,0.0,3179.106790012417,14.650261705126347,91010.88841756184,20847.22462578285,117444.27680969238,66486.35864257812,273032.66525268555,91010.88841756184,20847.22462578285,117444.27680969238,66486.35864257812,0.0,0.0,0.0,0.0,0.0,0,0,0,0,112,0,14.650261705126347,0.0,217.0,217.0,217.0,0.0,0.0,0,0,0,0,0,0,0,0,0.0,217.0,217.0,0.0,112,0,0,0,0,0,0,4,868,0,0,0,0,4,217.0,0.0,0.0,0.0,0.0,0.0,0.0,0.0,0.0
5355,8030.891418457031,2,0,128,0,64.0,64.0,64.0,0.0,0.0,0.0,0.0,0.0,15938.454815342597,249.03835648972807,8030.891418457031,0.0,8030.891418457031,8030.891418457031,8030.891418457031,8030.891418457031,0.0,8030.891418457031,8030.891418457031,0.0,0.0,0.0,0.0,0.0,0,0,0,0,56,0,249.03835648972807,0.0,64.0,64.0,64.0,0.0,0.0,0,0,0,0,0,0,0,0,0.0,64.0,64.0,0.0,56,0,0,0,0,0,0,2,128,0,0,0,0,2,64.0,0.0,0.0,0.0,0.0,0.0,0.0,0.0,0.0
5355,7203.340530395508,2,0,128,0,64.0,64.0,64.0,0.0,0.0,0.0,0.0,0.0,17769.533379671004,277.64895905735943,7203.340530395508,0.0,7203.340530395508,7203.340530395508,7203.340530395508,7203.340530395508,0.0,7203.340530395508,7203.340530395508,0.0,0.0,0.0,0.0,0.0,0,0,0,0,56,0,277.64895905735943,0.0,64.0,64.0,64.0,0.0,0.0,0,0,0,0,0,0,0,0,0.0,64.0,64.0,0.0,56,0,0,0,0,0,0,2,128,0,0,0,0,2,64.0,0.0,0.0,0.0,0.0,0.0,0.0,0.0,0.0
5355,1.0,1,0,64,0,64.0,64.0,64.0,0.0,0.0,0.0,0.0,0.0,64000000.0,1000000.0,0.0,0.0,0.0,0.0,0.0,0.0,0.0,0.0,0.0,0.0,0.0,0.0,0.0,0.0,0,0,0,0,28,0,1000000.0,0.0,64.0,64.0,64.0,0.0,0.0,0,0,0,0,0,0,0,0,0.0,64.0,64.0,0.0,28,0,0,0,0,0,0,1,64,0,0,0,0,1,64.0,0.0,0.0,0.0,0.0,0.0,0.0,0.0,0.0
1900,5227132.558822632,4,0,671,0,179.0,143.0,167.75,14.411367041332339,0.0,0.0,0.0,0.0,128.36865957559286,0.7652379110318501,1742377.519607544,699375.3753443807,2473540.5445098877,799960.3748321533,5227132.558822632,1742377.519607544,699375.3753443807,2473540.5445098877,799960.3748321533,0.0,0.0,0.0,0.0,0.0,0,0,0,0,112,0,0.7652379110318501,0.0,143.0,179.0,167.75,14.411367041332339,207.6875,0,0,0,0,0,0,0,0,0.0,167.75,167.75,0.0,112,0,0,0,0,0,0,4,671,0,0,0,0,4,143.0,0.0,0.0,0.0,0.0,0.0,0.0,0.0,0.0
37810,1.0,1,0,728,0,728.0,728.0,728.0,0.0,0.0,0.0,0.0,0.0,728000000.0,1000000.0,0.0,0.0,0.0,0.0,0.0,0.0,0.0,0.0,0.0,0.0,0.0,0.0,0.0,0.0,0,0,0,0,28,0,1000000.0,0.0,728.0,728.0,728.0,0.0,0.0,0,0,0,0,0,0,0,0,0.0,728.0,728.0,0.0,28,0,0,0,0,0,0,1,728,0,0,0,0,1,728.0,0.0,0.0,0.0,0.0,0.0,0.0,0.0,0.0
37810,1.0,1,0,728,0,728.0,728.0,728.0,0.0,0.0,0.0,0.0,0.0,728000000.0,1000000.0,0.0,0.0,0.0,0.0,0.0,0.0,0.0,0.0,0.0,0.0,0.0,0.0,0.0,0.0,0,0,0,0,28,0,1000000.0,0.0,728.0,728.0,728.0,0.0,0.0,0,0,0,0,0,0,0,0,0.0,728.0,728.0,0.0,28,0,0,0,0,0,0,1,728,0,0,0,0,1,728.0,0.0,0.0,0.0,0.0,0.0,0.0,0.0,0.0
443,49716.47262573242,12,14,7684,4893,1292.0,73.0,640.3333333333334,550.0464121831499,1292.0,63.0,349.5,451.34651718101094,252974.5039371589,522.9655007049481,1988.658905029297,3647.4707410345823,13255.596160888672,258.2073211669922,39788.72299194336,3617.1566356312146,5115.148641277269,14970.30258178711,327.5871276855469,39430.37986755371,3033.1061436579776,5120.59556429595,16317.367553710938,284.1949462890625,0,0,0,0,336,392,241.36869263305294,281.5968080718951,63.0,1292.0,483.7307692307692,519.9536634452896,270351.8121301775,0,0,0,0,0,0,0,0,1.1666666666666667,483.7307692307692,640.3333333333334,349.5,336,0,0,0,0,0,0,12,7684,14,4893,0,0,12,73.0,0.0,0.0,0.0,0.0,0.0,0.0,0.0,0.0
443,16287.565231323242,9,13,4930,6371,1292.0,73.0,547.7777777777778,547.6220874081724,1292.0,63.0,490.0769230769231,508.78973464766386,693842.1943057893,1350.7236770840957,775.5983443487258,1306.8840829414435,5872.011184692383,243.90220642089844,10415.55404663086,1301.9442558288574,1543.6650386253698,4749.059677124023,244.61746215820312,14685.392379760742,1223.7826983133953,1866.7486510675822,6389.617919921875,243.90220642089844,0,0,0,0,252,364,552.5687769889482,798.1549000951475,63.0,1292.0,513.6818181818181,525.7888779870453,276453.94421487604,0,0,0,0,0,0,0,0,1.4444444444444444,513.6818181818181,547.7777777777778,490.0769230769231,252,0,0,0,0,0,0,9,4930,13,6371,0,0,9,73.0,0.0,0.0,0.0,0.0,0.0,0.0,0.0,0.0
0,295764.4462585449,5,0,270,0,54.0,54.0,54.0,0.0,0.0,0.0,0.0,0.0,912.8886295007118,16.90534499075392,73941.11156463623,126973.33301660113,293864.7270202637,378.8471221923828,295764.4462585449,73941.11156463623,126973.33301660113,293864.7270202637,378.8471221923828,0.0,0.0,0.0,0.0,0.0,0,0,0,0,120,0,16.90534499075392,0.0,54.0,54.0,54.0,0.0,0.0,0,0,0,0,0,0,0,0,0.0,54.0,54.0,0.0,120,0,0,0,0,0,0,5,270,0,0,0,0,5,54.0,0.0,0.0,0.0,0.0,0.0,0.0,0.0,0.0
5353,1754.7607421875,2,0,200,0,119.0,81.0,100.0,19.0,0.0,0.0,0.0,0.0,113975.65217391304,1139.7565217391304,1754.7607421875,0.0,1754.7607421875,1754.7607421875,1754.7607421875,1754.7607421875,0.0,1754.7607421875,1754.7607421875,0.0,0.0,0.0,0.0,0.0,0,0,0,0,56,0,1139.7565217391304,0.0,81.0,119.0,100.0,19.0,361.0,0,0,0,0,0,0,0,0,0.0,100.0,100.0,0.0,56,0,0,0,0,0,0,2,200,0,0,0,0,2,81.0,0.0,0.0,0.0,0.0,0.0,0.0,0.0,0.0
5355,1.0,1,0,75,0,75.0,75.0,75.0,0.0,0.0,0.0,0.0,0.0,75000000.0,1000000.0,0.0,0.0,0.0,0.0,0.0,0.0,0.0,0.0,0.0,0.0,0.0,0.0,0.0,0.0,0,0,0,0,28,0,1000000.0,0.0,75.0,75.0,75.0,0.0,0.0,0,0,0,0,0,0,0,0,0.0,75.0,75.0,0.0,28,0,0,0,0,0,0,1,75,0,0,0,0,1,75.0,0.0,0.0,0.0,0.0,0.0,0.0,0.0,0.0
62976,1.0,1,0,264,0,264.0,264.0,264.0,0.0,0.0,0.0,0.0,0.0,264000000.0,1000000.0,0.0,0.0,0.0,0.0,0.0,0.0,0.0,0.0,0.0,0.0,0.0,0.0,0.0,0.0,0,0,0,0,28,0,1000000.0,0.0,264.0,264.0,264.0,0.0,0.0,0,0,0,0,0,0,0,0,0.0,264.0,264.0,0.0,28,0,0,0,0,0,0,1,264,0,0,0,0,1,264.0,0.0,0.0,0.0,0.0,0.0,0.0,0.0,0.0
37810,1.0,1,0,732,0,732.0,732.0,732.0,0.0,0.0,0.0,0.0,0.0,732000000.0,1000000.0,0.0,0.0,0.0,0.0,0.0,0.0,0.0,0.0,0.0,0.0,0.0,0.0,0.0,0.0,0,0,0,0,28,0,1000000.0,0.0,732.0,732.0,732.0,0.0,0.0,0,0,0,0,0,0,0,0,0.0,732.0,732.0,0.0,28,0,0,0,0,0,0,1,732,0,0,0,0,1,732.0,0.0,0.0,0.0,0.0,0.0,0.0,0.0,0.0
37810,1.0,1,0,828,0,828.0,828.0,828.0,0.0,0.0,0.0,0.0,0.0,828000000.0,1000000.0,0.0,0.0,0.0,0.0,0.0,0.0,0.0,0.0,0.0,0.0,0.0,0.0,0.0,0.0,0,0,0,0,28,0,1000000.0,0.0,828.0,828.0,828.0,0.0,0.0,0,0,0,0,0,0,0,0,0.0,828.0,828.0,0.0,28,0,0,0,0,0,0,1,828,0,0,0,0,1,828.0,0.0,0.0,0.0,0.0,0.0,0.0,0.0,0.0
62976,1.0,1,0,264,0,264.0,264.0,264.0,0.0,0.0,0.0,0.0,0.0,264000000.0,1000000.0,0.0,0.0,0.0,0.0,0.0,0.0,0.0,0.0,0.0,0.0,0.0,0.0,0.0,0.0,0,0,0,0,28,0,1000000.0,0.0,264.0,264.0,264.0,0.0,0.0,0,0,0,0,0,0,0,0,0.0,264.0,264.0,0.0,28,0,0,0,0,0,0,1,264,0,0,0,0,1,264.0,0.0,0.0,0.0,0.0,0.0,0.0,0.0,0.0
5050,1.0,1,0,382,0,382.0,382.0,382.0,0.0,0.0,0.0,0.0,0.0,382000000.0,1000000.0,0.0,0.0,0.0,0.0,0.0,0.0,0.0,0.0,0.0,0.0,0.0,0.0,0.0,0.0,0,0,0,0,28,0,1000000.0,0.0,382.0,382.0,382.0,0.0,0.0,0,0,0,0,0,0,0,0,0.0,382.0,382.0,0.0,28,0,0,0,0,0,0,1,382,0,0,0,0,1,382.0,0.0,0.0,0.0,0.0,0.0,0.0,0.0,0.0
37810,1.0,1,0,733,0,733.0,733.0,733.0,0.0,0.0,0.0,0.0,0.0,733000000.0,1000000.0,0.0,0.0,0.0,0.0,0.0,0.0,0.0,0.0,0.0,0.0,0.0,0.0,0.0,0.0,0,0,0,0,28,0,1000000.0,0.0,733.0,733.0,733.0,0.0,0.0,0,0,0,0,0,0,0,0,0.0,733.0,733.0,0.0,28,0,0,0,0,0,0,1,733,0,0,0,0,1,733.0,0.0,0.0,0.0,0.0,0.0,0.0,0.0,0.0
37810,1.0,1,0,828,0,828.0,828.0,828.0,0.0,0.0,0.0,0.0,0.0,828000000.0,1000000.0,0.0,0.0,0.0,0.0,0.0,0.0,0.0,0.0,0.0,0.0,0.0,0.0,0.0,0.0,0,0,0,0,28,0,1000000.0,0.0,828.0,828.0,828.0,0.0,0.0,0,0,0,0,0,0,0,0,0.0,828.0,828.0,0.0,28,0,0,0,0,0,0,1,828,0,0,0,0,1,828.0,0.0,0.0,0.0,0.0,0.0,0.0,0.0,0.0
1900,3187561.273574829,2,0,424,0,212.0,212.0,212.0,0.0,0.0,0.0,0.0,0.0,133.01705084542164,0.6274389190821775,3187561.273574829,0.0,3187561.273574829,3187561.273574829,3187561.273574829,3187561.273574829,0.0,3187561.273574829,3187561.273574829,0.0,0.0,0.0,0.0,0.0,0,0,0,0,56,0,0.6274389190821775,0.0,212.0,212.0,212.0,0.0,0.0,0,0,0,0,0,0,0,0,0.0,212.0,212.0,0.0,56,0,0,0,0,0,0,2,424,0,0,0,0,2,212.0,0.0,0.0,0.0,0.0,0.0,0.0,0.0,0.0
1900,2554847.240447998,3,0,636,0,212.0,212.0,212.0,0.0,0.0,0.0,0.0,0.0,248.9385627175408,1.1742385033846263,1277423.620223999,158307.07550048828,1435730.6957244873,1119116.5447235107,2554847.240447998,1277423.620223999,158307.07550048828,1435730.6957244873,1119116.5447235107,0.0,0.0,0.0,0.0,0.0,0,0,0,0,84,0,1.1742385033846263,0.0,212.0,212.0,212.0,0.0,0.0,0,0,0,0,0,0,0,0,0.0,212.0,212.0,0.0,84,0,0,0,0,0,0,3,636,0,0,0,0,3,212.0,0.0,0.0,0.0,0.0,0.0,0.0,0.0,0.0
5353,3172547.3403930664,3,0,246,0,82.0,82.0,82.0,0.0,0.0,0.0,0.0,0.0,77.5402140948105,0.945612367009884,1586273.6701965332,46322.82257080078,1632596.492767334,1539950.8476257324,3172547.3403930664,1586273.6701965332,46322.82257080078,1632596.492767334,1539950.8476257324,0.0,0.0,0.0,0.0,0.0,0,0,0,0,84,0,0.945612367009884,0.0,82.0,82.0,82.0,0.0,0.0,0,0,0,0,0,0,0,0,0.0,82.0,82.0,0.0,84,0,0,0,0,0,0,3,246,0,0,0,0,3,82.0,0.0,0.0,0.0,0.0,0.0,0.0,0.0,0.0
1900,1.0,1,0,175,0,175.0,175.0,175.0,0.0,0.0,0.0,0.0,0.0,175000000.0,1000000.0,0.0,0.0,0.0,0.0,0.0,0.0,0.0,0.0,0.0,0.0,0.0,0.0,0.0,0.0,0,0,0,0,28,0,1000000.0,0.0,175.0,175.0,175.0,0.0,0.0,0,0,0,0,0,0,0,0,0.0,175.0,175.0,0.0,28,0,0,0,0,0,0,1,175,0,0,0,0,1,175.0,0.0,0.0,0.0,0.0,0.0,0.0,0.0,0.0
1900,1.0,1,0,175,0,175.0,175.0,175.0,0.0,0.0,0.0,0.0,0.0,175000000.0,1000000.0,0.0,0.0,0.0,0.0,0.0,0.0,0.0,0.0,0.0,0.0,0.0,0.0,0.0,0.0,0,0,0,0,28,0,1000000.0,0.0,175.0,175.0,175.0,0.0,0.0,0,0,0,0,0,0,0,0,0.0,175.0,175.0,0.0,28,0,0,0,0,0,0,1,175,0,0,0,0,1,175.0,0.0,0.0,0.0,0.0,0.0,0.0,0.0,0.0
1900,2841855.28755188,3,0,642,0,214.0,214.0,214.0,0.0,0.0,0.0,0.0,0.0,225.90875855366014,1.0556484044563557,1420927.64377594,1944.422721862793,1422872.0664978027,1418983.2210540771,2841855.28755188,1420927.64377594,1944.422721862793,1422872.0664978027,1418983.2210540771,0.0,0.0,0.0,0.0,0.0,0,0,0,0,84,0,1.0556484044563557,0.0,214.0,214.0,214.0,0.0,0.0,0,0,0,0,0,0,0,0,0.0,214.0,214.0,0.0,84,0,0,0,0,0,0,3,642,0,0,0,0,3,214.0,0.0,0.0,0.0,0.0,0.0,0.0,0.0,0.0
10001,1.0,1,0,201,0,201.0,201.0,201.0,0.0,0.0,0.0,0.0,0.0,201000000.0,1000000.0,0.0,0.0,0.0,0.0,0.0,0.0,0.0,0.0,0.0,0.0,0.0,0.0,0.0,0.0,0,0,0,0,28,0,1000000.0,0.0,201.0,201.0,201.0,0.0,0.0,0,0,0,0,0,0,0,0,0.0,201.0,201.0,0.0,28,0,0,0,0,0,0,1,201,0,0,0,0,1,201.0,0.0,0.0,0.0,0.0,0.0,0.0,0.0,0.0
1900,1933031.3205718994,2,0,424,0,212.0,212.0,212.0,0.0,0.0,0.0,0.0,0.0,219.34460941613557,1.0346443840383752,1933031.3205718994,0.0,1933031.3205718994,1933031.3205718994,1933031.3205718994,1933031.3205718994,0.0,1933031.3205718994,1933031.3205718994,0.0,0.0,0.0,0.0,0.0,0,0,0,0,56,0,1.0346443840383752,0.0,212.0,212.0,212.0,0.0,0.0,0,0,0,0,0,0,0,0,0.0,212.0,212.0,0.0,56,0,0,0,0,0,0,2,424,0,0,0,0,2,212.0,0.0,0.0,0.0,0.0,0.0,0.0,0.0,0.0
37810,1.0,1,0,806,0,806.0,806.0,806.0,0.0,0.0,0.0,0.0,0.0,806000000.0,1000000.0,0.0,0.0,0.0,0.0,0.0,0.0,0.0,0.0,0.0,0.0,0.0,0.0,0.0,0.0,0,0,0,0,28,0,1000000.0,0.0,806.0,806.0,806.0,0.0,0.0,0,0,0,0,0,0,0,0,0.0,806.0,806.0,0.0,28,0,0,0,0,0,0,1,806,0,0,0,0,1,806.0,0.0,0.0,0.0,0.0,0.0,0.0,0.0,0.0
443,77083350.41999817,10,8,2893,2865,1466.0,54.0,289.3,466.3711075956571,1466.0,54.0,358.125,519.4714711848958,74.69836182037787,0.2335134617517891,4534314.730588128,12426553.740066089,40483741.28341675,207.66258239746094,77083350.41999817,8564816.71333313,16036855.525931038,40486014.84298706,298.50006103515625,77066221.23718262,11009460.176740374,17430866.815803666,40485936.403274536,207.66258239746094,2,2,0,0,412,344,0.12972970097321618,0.10378376077857294,54.0,1466.0,319.8888888888889,491.8715831606738,241937.65432098767,2,2,0,4,17,0,0,0,0.8,319.8888888888889,289.3,358.125,412,0,0,0,0,0,0,10,2893,8,2865,0,0,6,54.0,0.0,0.0,0.0,0.0,0.0,0.0,0.0,0.0
53,4400475.025177002,7,5,454,870,104.0,54.0,64.85714285714286,16.762445878711574,642.0,54.0,174.0,234.04614929539002,300.8766081899861,2.72697832196362,400043.1841070002,1261094.3743757212,4387966.632843018,209.0930938720703,4400475.025177002,733412.504196167,1634369.850716673,4387966.632843018,419.61669921875,11759.99641418457,2939.9991035461426,3407.9968867316293,8738.517761230469,458.9557647705078,2,1,0,0,304,212,1.5907373544787784,1.1362409674848417,54.0,642.0,110.33333333333333,160.88263493062954,25883.22222222222,2,3,0,3,10,0,0,0,0.7142857142857143,110.33333333333333,64.85714285714286,174.0,304,0,0,0,0,0,0,7,454,5,870,0,0,2,54.0,0.0,0.0,0.0,0.0,0.0,0.0,0.0,0.0
443,235.08071899414062,2,0,108,0,54.0,54.0,54.0,0.0,0.0,0.0,0.0,0.0,459416.6653144016,8507.71602434077,235.08071899414062,0.0,235.08071899414062,235.08071899414062,235.08071899414062,235.08071899414062,0.0,235.08071899414062,235.08071899414062,0.0,0.0,0.0,0.0,0.0,0,0,0,0,80,0,8507.71602434077,0.0,54.0,54.0,54.0,0.0,0.0,1,0,1,0,2,0,0,0,0.0,54.0,54.0,0.0,80,0,0,0,0,0,0,2,108,0,0,0,0,1,54.0,0.0,0.0,0.0,0.0,0.0,0.0,0.0,0.0
443,252670.7649230957,11,15,1119,13100,312.0,54.0,101.72727272727273,93.21928293407862,1514.0,54.0,873.3333333333334,652.8941380925055,56274.81281551419,102.9007056194788,10106.830596923828,31657.407192963845,158345.93772888184,203.13262939453125,237770.79582214355,23777.079582214355,51918.962010845025,173943.28117370605,203.3710479736328,94324.82719421387,6737.487656729561,15519.03485902471,60013.771057128906,277.2808074951172,3,6,0,0,452,612,43.53491391593334,59.36579170354546,54.0,1514.0,546.8846153846154,628.4289524081876,394922.9482248521,2,2,1,9,24,0,0,0,1.3636363636363635,546.8846153846154,101.72727272727273,873.3333333333334,452,0,0,0,0,0,0,11,1119,15,13100,0,0,7,54.0,0.0,0.0,0.0,0.0,0.0,0.0,0.0,0.0
443,1271025.6576538086,10,10,1410,5309,384.0,54.0,141.0,126.89996059889066,1514.0,54.0,530.9,589.1969874328958,5286.281956260922,15.735323578690048,66896.0872449373,110302.5555754232,259848.59466552734,200.2716064453125,1021094.3222045898,113454.92468939887,125398.14086106859,261224.74670410156,205.51681518554688,1028382.5397491455,114264.72663879395,126548.9014343967,260485.17227172852,200.2716064453125,4,4,0,0,412,412,7.867661789345024,7.867661789345024,54.0,1514.0,335.95,468.6510935653517,219633.84750000003,2,2,1,8,19,0,0,0,1.0,335.95,141.0,530.9,412,0,0,0,0,0,0,10,1410,10,5309,0,0,6,54.0,0.0,0.0,0.0,0.0,0.0,0.0,0.0,0.0
443,1410434.9613189697,9,9,1356,5255,384.0,54.0,150.66666666666666,130.2245923182117,1514.0,54.0,583.8888888888889,598.0363133612921,4687.206557768333,12.762020577799122,82966.76243052763,123003.60275398084,304548.2635498047,201.4636993408203,1120804.5482635498,140100.56853294373,131164.5330736028,308069.46754455566,609.1594696044922,1152440.5479431152,144055.0684928894,145162.07532878692,327949.76234436035,212.9077911376953,4,4,0,0,372,372,6.381010288899561,6.381010288899561,54.0,1514.0,367.27777777777777,483.9662299462588,234223.31172839506,2,2,1,8,17,0,0,0,1.0,367.27777777777777,150.66666666666666,583.8888888888889,372,0,0,0,0,0,0,9,1356,9,5255,0,0,5,54.0,0.0,0.0,0.0,0.0,0.0,0.0,0.0,0.0
443,1357982.6354980469,9,9,1367,5277,384.0,54.0,151.88888888888889,131.6548049040406,1514.0,54.0,586.3333333333334,598.2279387212425,4892.551514521598,13.254955939402281,79881.3314998851,119228.5470152894,304562.8070831299,209.808349609375,1104119.3008422852,138014.91260528564,131188.67778960528,307697.057723999,482.79762268066406,1105242.9676055908,138155.37095069885,138362.385796997,306056.02264404297,209.808349609375,4,4,0,0,372,372,6.627477969701141,6.627477969701141,54.0,1514.0,369.1111111111111,484.55167009066673,234790.32098765433,2,2,1,8,17,0,0,0,1.0,369.1111111111111,151.88888888888889,586.3333333333334,372,0,0,0,0,0,0,9,1367,9,5277,0,0,5,54.0,0.0,0.0,0.0,0.0,0.0,0.0,0.0,0.0
443,1398131.3705444336,9,9,1354,5251,384.0,54.0,150.44444444444446,129.97274168165768,1514.0,54.0,583.4444444444445,598.0100540052466,4724.162649628559,12.874326675747776,82243.0217967314,121837.31222771648,303239.5839691162,205.75523376464844,1109048.843383789,138631.10542297363,129570.90207046964,307700.63400268555,459.6710205078125,1150811.6722106934,143851.45902633667,145175.07128392803,329537.63008117676,206.94732666015625,4,4,0,0,372,372,6.437163337873888,6.437163337873888,54.0,1514.0,366.94444444444446,483.8664269566576,234126.71913580247,2,2,1,8,17,0,0,0,1.0,366.94444444444446,150.44444444444446,583.4444444444445,372,0,0,0,0,0,0,9,1354,9,5251,0,0,5,54.0,0.0,0.0,0.0,0.0,0.0,0.0,0.0,0.0
443,1344349.1458892822,9,9,1362,5267,384.0,54.0,151.33333333333334,130.99533494662234,1514.0,54.0,585.2222222222222,598.1309365715425,4931.010682953899,13.389378834389829,79079.36152289897,117697.89147712602,293498.27766418457,252.00843811035156,1091853.141784668,136481.6427230835,128794.36155714055,294397.11570739746,483.51287841796875,1050850.8682250977,131356.3585281372,131347.11029995536,285958.52851867676,264.88304138183594,4,4,0,0,372,372,6.6946894171949145,6.6946894171949145,54.0,1514.0,368.27777777777777,484.2779052426126,234525.08950617284,2,2,1,8,17,0,0,0,1.0,368.27777777777777,151.33333333333334,585.2222222222222,372,0,0,0,0,0,0,9,1362,9,5267,0,0,5,54.0,0.0,0.0,0.0,0.0,0.0,0.0,0.0,0.0
443,1339902.400970459,9,9,1361,5265,384.0,54.0,151.22222222222223,130.86530630790472,1514.0,54.0,585.0,598.1135157959379,4945.136298883373,13.433814274056852,78817.78829237993,117339.09167784548,287909.26933288574,203.60946655273438,1085358.6196899414,135669.82746124268,128313.18335543423,288525.3429412842,993.7286376953125,1051993.1316375732,131499.14145469666,131350.73307929994,285426.13983154297,203.60946655273438,4,4,0,0,372,372,6.716907137028426,6.716907137028426,54.0,1514.0,368.1111111111111,484.2246825698547,234473.54320987652,2,2,1,8,17,0,0,0,1.0,368.1111111111111,151.22222222222223,585.0,372,0,0,0,0,0,0,9,1361,9,5265,0,0,5,54.0,0.0,0.0,0.0,0.0,0.0,0.0,0.0,0.0
443,1338492.3934936523,9,9,1359,5261,384.0,54.0,151.0,130.60712929324427,1514.0,54.0,584.5555555555555,598.0806543734736,4945.862996442494,13.44796585135421,78734.84667609721,116816.74397520024,286759.1381072998,207.66258239746094,1084672.6894378662,135584.08617973328,127322.96270549184,287708.044052124,1206.8748474121094,1051733.2553863525,131466.65692329407,131343.1736767069,285857.9158782959,207.66258239746094,4,4,0,0,372,372,6.723982925677105,6.723982925677105,54.0,1514.0,367.77777777777777,484.11976887675627,234371.9506172839,2,2,1,8,17,0,0,0,1.0,367.77777777777777,151.0,584.5555555555555,372,0,0,0,0,0,0,9,1359,9,5261,0,0,5,54.0,0.0,0.0,0.0,0.0,0.0,0.0,0.0,0.0
443,374819.9939727783,9,10,1309,4486,571.0,54.0,145.44444444444446,166.07435490774816,1514.0,54.0,448.6,563.9177599615036,15460.754744104894,50.69099916099965,20823.332998487684,40444.70506052362,156891.8228149414,227.6897430419922,326881.88552856445,40860.23569107056,52291.02559126268,156891.8228149414,254.8694610595703,336343.52684020996,37371.50298224555,65538.16608020705,205363.75045776367,304.4605255126953,4,5,0,0,384,412,24.011525918368257,26.679473242631396,54.0,1514.0,305.0,450.93995399084247,203346.84210526312,4,2,1,9,17,0,0,0,1.1111111111111112,305.0,145.44444444444446,448.6,384,0,0,0,0,0,0,9,1309,10,4486,0,0,3,54.0,0.0,0.0,0.0,0.0,0.0,0.0,0.0,0.0
443,371156.2156677246,11,12,1408,10857,571.0,54.0,128.0,155.07124462353073,1514.0,54.0,904.75,664.9374813970609,33045.38488715536,61.96851629878297,16870.737075805664,46452.868635517356,222413.0630493164,205.03997802734375,325555.80139160156,32555.580139160156,64660.791751625824,222413.0630493164,715.2557373046875,357094.04945373535,32463.095404885033,77776.28066480815,273654.9377441406,303.9836883544922,4,5,0,0,452,492,29.637116490722292,32.33139980806068,54.0,1514.0,533.2608695652174,626.6845276249137,392733.49716446124,3,2,1,9,21,0,0,0,1.0909090909090908,533.2608695652174,128.0,904.75,452,0,0,0,0,0,0,11,1408,12,10857,0,0,6,54.0,0.0,0.0,0.0,0.0,0.0,0.0,0.0,0.0
443,110388.04054260254,9,10,1278,4471,571.0,54.0,142.0,168.46826275460774,1514.0,54.0,447.1,543.2050165453187,52079.91709737128,172.12009477301345,6132.668919033475,9581.623031951634,33364.53437805176,208.85467529296875,108624.93515014648,13578.11689376831,15913.842655133632,36619.90165710449,549.7932434082031,96266.50810241699,10696.278678046332,16209.546593125828,50122.49946594238,257.4920654296875,3,4,0,0,372,412,81.53057120826954,90.58952356474391,54.0,1514.0,302.57894736842104,438.12306800108286,191951.82271468148,2,2,1,7,17,0,0,0,1.1111111111111112,302.57894736842104,142.0,447.1,372,0,0,0,0,0,0,9,1278,10,4471,0,0,5,54.0,0.0,0.0,0.0,0.0,0.0,0.0,0.0,0.0
443,109772.6821899414,8,9,1230,2804,571.0,54.0,153.75,176.22198358888144,1514.0,54.0,311.55555555555554,456.2803989534678,36748.66933669258,154.86548803266584,6860.792636871338,9867.88124591661,33185.482025146484,205.99365234375,101780.17616271973,14540.02516610282,14650.22883418723,35570.621490478516,726.9382476806641,96300.84037780762,12037.605047225952,16933.14074442208,49576.520919799805,266.3135528564453,3,3,0,0,332,372,72.87787672125451,81.98761131141131,54.0,1514.0,237.2941176470588,361.99037437737,131037.0311418685,2,2,1,6,15,0,0,0,1.125,237.2941176470588,153.75,311.55555555555554,332,0,0,0,0,0,0,8,1230,9,2804,0,0,4,54.0,0.0,0.0,0.0,0.0,0.0,0.0,0.0,0.0
443,110152.7214050293,10,13,1333,11770,571.0,54.0,133.3,162.0876614674911,1514.0,54.0,905.3846153846154,645.0828853675183,118953.03023717896,208.8010146878666,5006.941882046786,8907.01215509867,33122.30110168457,205.99365234375,108640.19393920898,12071.13265991211,14798.886497419291,35534.62028503418,656.3663482666016,96677.78015136719,8056.4816792806,14732.771523206373,49828.290939331055,302.0763397216797,3,6,0,0,412,532,90.78304986428982,118.01796482357678,54.0,1514.0,569.695652173913,626.9936158597809,393120.9943289225,2,2,1,9,21,0,0,0,1.3,569.695652173913,133.3,905.3846153846154,412,0,0,0,0,0,0,10,1333,13,11770,0,0,6,54.0,0.0,0.0,0.0,0.0,0.0,0.0,0.0,0.0
443,103836.0595703125,9,10,1273,4466,571.0,54.0,141.44444444444446,167.97692375317584,1514.0,54.0,446.6,542.2737684970573,55269.81689933872,182.9807494489346,5768.669976128472,10083.489251262423,32706.022262573242,204.32472229003906,102482.08045959473,12810.26005744934,13935.2284956551,34645.08056640625,667.0951843261719,79067.46864318848,8785.274293687607,12038.857125613762,33579.111099243164,244.140625,3,4,0,0,372,412,86.67509184423218,96.30565760470242,54.0,1514.0,302.05263157894734,437.43564623649263,191349.94459833793,2,2,1,7,17,0,0,0,1.1111111111111112,302.05263157894734,141.44444444444446,446.6,372,0,0,0,0,0,0,9,1273,10,4466,0,0,5,54.0,0.0,0.0,0.0,0.0,0.0,0.0,0.0,0.0
443,104430.1986694336,7,11,1163,3994,571.0,54.0,166.14285714285714,182.75700383016678,1514.0,54.0,363.09090909090907,555.6692041698999,49382.26744472754,172.3639352346511,6142.952862907858,11281.970789291585,32894.134521484375,201.4636993408203,102955.10292053223,17159.183820088703,17183.63780798052,41291.236877441406,205.2783966064453,79471.11129760742,7947.111129760742,13039.727547932738,33654.68978881836,201.70211791992188,3,3,0,0,292,452,67.03041925791987,105.33351597673123,54.0,1514.0,286.5,459.23732063788833,210898.91666666666,2,2,2,6,15,0,0,0,1.5714285714285714,286.5,166.14285714285714,363.09090909090907,292,0,0,0,0,0,0,7,1163,11,3994,0,0,3,54.0,0.0,0.0,0.0,0.0,0.0,0.0,0.0,0.0
443,1386546.1349487305,10,9,1780,5289,571.0,54.0,178.0,190.66148011593742,1514.0,54.0,587.6666666666666,598.3661086659237,5098.279690680027,13.7031141778074,77030.34083048503,111174.17731453953,266949.4152069092,213.14620971679688,1142946.9585418701,126994.10650465223,130538.5073489824,311948.299407959,266.3135528564453,1124969.0055847168,140621.1256980896,119731.52537572835,268564.22424316406,240.08750915527344,4,4,0,0,412,372,7.212165356740736,6.490948821066663,54.0,1514.0,372.05263157894734,480.17896594413634,230571.83933518003,2,2,1,8,18,0,0,0,0.9,372.05263157894734,178.0,587.6666666666666,412,0,0,0,0,0,0,10,1780,9,5289,0,0,6,54.0,0.0,0.0,0.0,0.0,0.0,0.0,0.0,0.0
443,95033.88404846191,20,34,1884,41042,571.0,54.0,94.2,122.206628298141,1514.0,54.0,1207.1176470588234,566.6348946245971,451691.5248682266,568.2183837973312,1793.092151857772,6812.680316152366,38587.331771850586,202.178955078125,85082.7693939209,4478.0404944168895,11011.198879350206,39899.82604980469,224.82872009277344,56446.55227661133,1710.5015841397371,5942.9607844437,33979.89273071289,242.2332763671875,3,16,0,0,812,1372,210.4512532582708,357.76713053906036,54.0,1514.0,794.925925925926,704.6439566363587,496523.1056241425,2,2,2,19,51,0,0,0,1.7,794.925925925926,94.2,1207.1176470588234,812,0,0,0,0,0,0,20,1884,34,41042,0,0,16,54.0,0.0,0.0,0.0,0.0,0.0,0.0,0.0,0.0
